rule_str,seed_id,survival,displacement,max_bit_ratio,max_bounding_box,verdict
B5611/S279,single_bit,1,0.0,inf,inf,rejected
B5611/S279,pair_0,1,0.0,inf,inf,rejected
B5611/S279,pair_1,1,0.0,inf,inf,rejected
B5611/S279,pair_2,1,0.0,inf,inf,rejected
B5611/S279,pair_3,1,0.0,inf,inf,rejected
B5611/S279,pair_4,1,0.0,inf,inf,rejected
B5611/S279,pair_5,1,0.0,inf,inf,rejected
B5611/S279,pair_6,1,0.0,inf,inf,rejected
B5611/S279,pair_7,1,0.0,inf,inf,rejected
B5611/S279,pair_8,1,0.0,inf,inf,rejected
B5611/S279,pair_9,1,0.0,inf,inf,rejected
B5611/S279,pair_10,1,0.0,inf,inf,rejected
B5611/S279,pair_11,1,0.0,inf,inf,rejected
B5611/S279,tromino_L_0,2,0.471,inf,inf,rejected
B5611/S279,tromino_L_1,500,0.0,1.0,2,rejected
B5611/S279,tromino_L_2,2,0.333,inf,inf,rejected
B5611/S279,tromino_L_3,500,0.0,1.0,2,rejected
B5611/S279,tromino_L_4,2,0.471,inf,inf,rejected
B5611/S279,tromino_L_5,2,0.333,inf,inf,rejected
B5611/S279,tromino_L_6,500,0.0,1.0,2,rejected
B5611/S279,tromino_L_7,500,0.0,1.0,2,rejected
B5611/S279,compact_0,2,0.333,inf,inf,rejected
B5611/S279,compact_1,2,0.0,inf,inf,rejected
B5611/S279,compact_2,2,0.0,inf,inf,rejected
B5611/S279,compact_3,2,0.0,inf,inf,rejected
B5611/S279,compact_4,2,0.3439,inf,inf,rejected
B5611/S279,compact_5,2,0.7893,inf,inf,rejected
B5611/S279,compact_6,2,0.0,inf,inf,rejected
B5611/S279,compact_7,2,0.548,inf,inf,rejected
B5611/S279,compact_8,500,0.0,1.0,2,rejected
B5611/S279,compact_9,2,0.333,inf,inf,rejected
B5611/S279,compact_10,1,0.0,inf,inf,rejected
B5611/S279,compact_11,2,0.471,inf,inf,rejected
B5611/S279,compact_12,2,0.4319,inf,inf,rejected
B5611/S279,compact_13,2,0.5745,inf,inf,rejected
B5611/S279,compact_14,2,0.6015,inf,inf,rejected
B5611/S279,compact_15,2,0.0,inf,inf,rejected
B5611/S279,compact_16,2,1.1838,inf,inf,rejected
B5611/S279,compact_17,2,1.6128,inf,inf,rejected
B5611/S279,compact_18,2,0.2496,inf,inf,rejected
B5611/S279,compact_19,2,0.2496,inf,inf,rejected
B5611/S279,compact_20,2,0.4234,inf,inf,rejected
B5611/S279,compact_21,500,0.0,1.0,2,rejected
B5611/S279,compact_22,2,0.9346,inf,inf,rejected
B5611/S279,compact_23,2,0.8325,inf,inf,rejected
B5611/S279,compact_24,2,0.333,inf,inf,rejected
B2/S11,single_bit,1,0.0,inf,inf,rejected
B2/S11,pair_0,500,28.2843,6967.0,40,rejected
B2/S11,pair_1,500,28.2843,6967.0,40,rejected
B2/S11,pair_2,500,28.2843,6967.0,40,rejected
B2/S11,pair_3,500,48.9898,6967.0,40,rejected
B2/S11,pair_4,500,20.0,6967.0,40,rejected
B2/S11,pair_5,500,20.0,6967.0,40,rejected
B2/S11,pair_6,500,0.0,6967.0,40,rejected
B2/S11,pair_7,500,20.0,6967.0,40,rejected
B2/S11,pair_8,500,20.0,6967.0,40,rejected
B2/S11,pair_9,500,0.0,6967.0,40,rejected
B2/S11,pair_10,500,20.0,6967.0,40,rejected
B2/S11,pair_11,500,20.0,6967.0,40,rejected
B2/S11,tromino_L_0,500,34.6442,4554.6667,40,rejected
B2/S11,tromino_L_1,500,68.1673,4569.0,40,rejected
B2/S11,tromino_L_2,500,34.4498,4554.6667,40,rejected
B2/S11,tromino_L_3,500,68.1673,4569.0,40,rejected
B2/S11,tromino_L_4,500,49.3982,4554.6667,40,rejected
B2/S11,tromino_L_5,500,50.8712,4662.0,40,rejected
B2/S11,tromino_L_6,500,80.5873,4569.0,40,rejected
B2/S11,tromino_L_7,500,80.5873,4569.0,40,rejected
B2/S11,compact_0,500,50.8712,4662.0,40,rejected
B2/S11,compact_1,500,40.0,3444.5,40,rejected
B2/S11,compact_2,500,28.2843,4724.0,40,rejected
B2/S11,compact_3,500,28.2843,4724.0,40,rejected
B2/S11,compact_4,500,57.7692,2194.5,40,rejected
B2/S11,compact_5,500,65.6595,3327.25,40,rejected
B2/S11,compact_6,500,0.0,3444.5,40,rejected
B2/S11,compact_7,500,47.728,2648.6,40,rejected
B2/S11,compact_8,500,68.1673,4569.0,40,rejected
B2/S11,compact_9,500,55.2771,2210.6667,40,rejected
B2/S11,compact_10,500,0.0,3540.75,40,rejected
B2/S11,compact_11,500,49.3982,4554.6667,40,rejected
B2/S11,compact_12,500,36.7782,3322.5,40,rejected
B2/S11,compact_13,500,34.1354,2661.4,40,rejected
B2/S11,compact_14,500,47.0463,2210.6667,40,rejected
B2/S11,compact_15,500,44.7214,3513.0,40,rejected
B2/S11,compact_16,500,91.4613,2649.0,40,rejected
B2/S11,compact_17,500,37.4325,2633.2,40,rejected
B2/S11,compact_18,500,46.4936,3322.5,40,rejected
B2/S11,compact_19,500,48.8884,3539.5,40,rejected
B2/S11,compact_20,500,39.7017,2730.8,40,rejected
B2/S11,compact_21,500,80.5873,4569.0,40,rejected
B2/S11,compact_22,500,14.6725,3327.0,40,rejected
B2/S11,compact_23,500,63.2151,2200.6667,40,rejected
B2/S11,compact_24,500,34.4498,4554.6667,40,rejected
B9/S2511,single_bit,1,0.0,inf,inf,rejected
B9/S2511,pair_0,1,0.0,inf,inf,rejected
B9/S2511,pair_1,1,0.0,inf,inf,rejected
B9/S2511,pair_2,1,0.0,inf,inf,rejected
B9/S2511,pair_3,1,0.0,inf,inf,rejected
B9/S2511,pair_4,1,0.0,inf,inf,rejected
B9/S2511,pair_5,1,0.0,inf,inf,rejected
B9/S2511,pair_6,1,0.0,inf,inf,rejected
B9/S2511,pair_7,1,0.0,inf,inf,rejected
B9/S2511,pair_8,1,0.0,inf,inf,rejected
B9/S2511,pair_9,1,0.0,inf,inf,rejected
B9/S2511,pair_10,1,0.0,inf,inf,rejected
B9/S2511,pair_11,1,0.0,inf,inf,rejected
B9/S2511,tromino_L_0,2,0.471,inf,inf,rejected
B9/S2511,tromino_L_1,500,0.0,1.0,2,rejected
B9/S2511,tromino_L_2,2,0.333,inf,inf,rejected
B9/S2511,tromino_L_3,500,0.0,1.0,2,rejected
B9/S2511,tromino_L_4,2,0.471,inf,inf,rejected
B9/S2511,tromino_L_5,2,0.333,inf,inf,rejected
B9/S2511,tromino_L_6,500,0.0,1.0,2,rejected
B9/S2511,tromino_L_7,500,0.0,1.0,2,rejected
B9/S2511,compact_0,2,0.333,inf,inf,rejected
B9/S2511,compact_1,2,0.0,inf,inf,rejected
B9/S2511,compact_2,2,0.0,inf,inf,rejected
B9/S2511,compact_3,2,0.0,inf,inf,rejected
B9/S2511,compact_4,2,0.3439,inf,inf,rejected
B9/S2511,compact_5,2,0.7893,inf,inf,rejected
B9/S2511,compact_6,2,0.0,inf,inf,rejected
B9/S2511,compact_7,2,0.548,inf,inf,rejected
B9/S2511,compact_8,500,0.0,1.0,2,rejected
B9/S2511,compact_9,2,0.333,inf,inf,rejected
B9/S2511,compact_10,1,0.0,inf,inf,rejected
B9/S2511,compact_11,2,0.471,inf,inf,rejected
B9/S2511,compact_12,2,0.4319,inf,inf,rejected
B9/S2511,compact_13,2,0.5745,inf,inf,rejected
B9/S2511,compact_14,3,0.6015,inf,inf,rejected
B9/S2511,compact_15,2,0.0,inf,inf,rejected
B9/S2511,compact_16,2,1.1838,inf,inf,rejected
B9/S2511,compact_17,2,1.6128,inf,inf,rejected
B9/S2511,compact_18,2,0.2496,inf,inf,rejected
B9/S2511,compact_19,2,0.2496,inf,inf,rejected
B9/S2511,compact_20,2,0.4234,inf,inf,rejected
B9/S2511,compact_21,500,0.0,1.0,2,rejected
B9/S2511,compact_22,2,0.9346,inf,inf,rejected
B9/S2511,compact_23,2,0.8325,inf,inf,rejected
B9/S2511,compact_24,2,0.333,inf,inf,rejected
B5810/S245611,single_bit,1,0.0,inf,inf,rejected
B5810/S245611,pair_0,1,0.0,inf,inf,rejected
B5810/S245611,pair_1,1,0.0,inf,inf,rejected
B5810/S245611,pair_2,1,0.0,inf,inf,rejected
B5810/S245611,pair_3,1,0.0,inf,inf,rejected
B5810/S245611,pair_4,1,0.0,inf,inf,rejected
B5810/S245611,pair_5,1,0.0,inf,inf,rejected
B5810/S245611,pair_6,1,0.0,inf,inf,rejected
B5810/S245611,pair_7,1,0.0,inf,inf,rejected
B5810/S245611,pair_8,1,0.0,inf,inf,rejected
B5810/S245611,pair_9,1,0.0,inf,inf,rejected
B5810/S245611,pair_10,1,0.0,inf,inf,rejected
B5810/S245611,pair_11,1,0.0,inf,inf,rejected
B5810/S245611,tromino_L_0,2,0.471,inf,inf,rejected
B5810/S245611,tromino_L_1,500,0.0,1.0,2,rejected
B5810/S245611,tromino_L_2,2,0.333,inf,inf,rejected
B5810/S245611,tromino_L_3,500,0.0,1.0,2,rejected
B5810/S245611,tromino_L_4,2,0.471,inf,inf,rejected
B5810/S245611,tromino_L_5,2,0.333,inf,inf,rejected
B5810/S245611,tromino_L_6,500,0.0,1.0,2,rejected
B5810/S245611,tromino_L_7,500,0.0,1.0,2,rejected
B5810/S245611,compact_0,2,0.333,inf,inf,rejected
B5810/S245611,compact_1,2,0.0,inf,inf,rejected
B5810/S245611,compact_2,2,0.0,inf,inf,rejected
B5810/S245611,compact_3,2,0.0,inf,inf,rejected
B5810/S245611,compact_4,2,0.3439,inf,inf,rejected
B5810/S245611,compact_5,2,0.7893,inf,inf,rejected
B5810/S245611,compact_6,2,0.0,inf,inf,rejected
B5810/S245611,compact_7,3,0.4473,inf,inf,rejected
B5810/S245611,compact_8,500,0.0,1.0,2,rejected
B5810/S245611,compact_9,3,0.167,inf,inf,rejected
B5810/S245611,compact_10,1,0.0,inf,inf,rejected
B5810/S245611,compact_11,2,0.471,inf,inf,rejected
B5810/S245611,compact_12,2,0.4319,inf,inf,rejected
B5810/S245611,compact_13,3,0.283,inf,inf,rejected
B5810/S245611,compact_14,4,0.6015,inf,inf,rejected
B5810/S245611,compact_15,2,0.0,inf,inf,rejected
B5810/S245611,compact_16,2,1.1838,inf,inf,rejected
B5810/S245611,compact_17,2,1.6128,inf,inf,rejected
B5810/S245611,compact_18,2,0.2496,inf,inf,rejected
B5810/S245611,compact_19,2,0.2496,inf,inf,rejected
B5810/S245611,compact_20,3,0.2837,inf,inf,rejected
B5810/S245611,compact_21,500,0.0,1.0,2,rejected
B5810/S245611,compact_22,2,0.9346,inf,inf,rejected
B5810/S245611,compact_23,2,0.8325,inf,inf,rejected
B5810/S245611,compact_24,2,0.333,inf,inf,rejected
B23478/S17,single_bit,1,0.0,inf,inf,rejected
B23478/S17,pair_0,500,0.0,13839.0,40,rejected
B23478/S17,pair_1,500,40.0,13839.0,40,rejected
B23478/S17,pair_2,500,0.0,13839.0,40,rejected
B23478/S17,pair_3,500,0.0,13839.0,40,rejected
B23478/S17,pair_4,500,0.0,13839.0,40,rejected
B23478/S17,pair_5,500,40.0,13839.0,40,rejected
B23478/S17,pair_6,500,60.0,13839.0,40,rejected
B23478/S17,pair_7,500,60.0,13839.0,40,rejected
B23478/S17,pair_8,500,60.0,13839.0,40,rejected
B23478/S17,pair_9,500,72.111,13839.0,40,rejected
B23478/S17,pair_10,500,72.111,13839.0,40,rejected
B23478/S17,pair_11,500,72.111,13839.0,40,rejected
B23478/S17,tromino_L_0,500,56.117,9032.6667,40,rejected
B23478/S17,tromino_L_1,500,81.8348,9147.6667,40,rejected
B23478/S17,tromino_L_2,500,42.1255,9032.6667,40,rejected
B23478/S17,tromino_L_3,500,81.8348,9147.6667,40,rejected
B23478/S17,tromino_L_4,500,50.1317,9032.6667,40,rejected
B23478/S17,tromino_L_5,500,14.7694,9296.3333,40,rejected
B23478/S17,tromino_L_6,500,96.334,9147.6667,40,rejected
B23478/S17,tromino_L_7,500,96.334,9147.6667,40,rejected
B23478/S17,compact_0,500,14.7694,9296.3333,40,rejected
B23478/S17,compact_1,500,28.2843,6886.0,40,rejected
B23478/S17,compact_2,500,20.0,9320.6667,40,rejected
B23478/S17,compact_3,500,20.0,9320.6667,40,rejected
B23478/S17,compact_4,500,43.1534,4486.0,40,rejected
B23478/S17,compact_5,500,30.0674,6747.25,40,rejected
B23478/S17,compact_6,500,34.641,6886.0,40,rejected
B23478/S17,compact_7,500,77.8026,5414.8,40,rejected
B23478/S17,compact_8,500,81.8348,9147.6667,40,rejected
B23478/S17,compact_9,500,47.8892,4470.0,40,rejected
B23478/S17,compact_10,500,28.2843,7409.5,40,rejected
B23478/S17,compact_11,500,50.1317,9032.6667,40,rejected
B23478/S17,compact_12,500,69.6895,6701.25,40,rejected
B23478/S17,compact_13,500,67.478,5370.2,40,rejected
B23478/S17,compact_14,500,43.6092,4476.8333,40,rejected
B23478/S17,compact_15,500,56.5685,6909.0,40,rejected
B23478/S17,compact_16,500,62.4851,5367.4,40,rejected
B23478/S17,compact_17,500,63.9556,5374.4,40,rejected
B23478/S17,compact_18,500,48.0479,6701.25,40,rejected
B23478/S17,compact_19,500,20.3227,6848.5,40,rejected
B23478/S17,compact_20,500,45.5161,5411.0,40,rejected
B23478/S17,compact_21,500,96.334,9147.6667,40,rejected
B23478/S17,compact_22,500,56.8547,6696.75,40,rejected
B23478/S17,compact_23,500,50.2396,4458.1667,40,rejected
B23478/S17,compact_24,500,42.1255,9032.6667,40,rejected
B35671011/S25,single_bit,1,0.0,inf,inf,rejected
B35671011/S25,pair_0,1,0.0,inf,inf,rejected
B35671011/S25,pair_1,1,0.0,inf,inf,rejected
B35671011/S25,pair_2,1,0.0,inf,inf,rejected
B35671011/S25,pair_3,1,0.0,inf,inf,rejected
B35671011/S25,pair_4,1,0.0,inf,inf,rejected
B35671011/S25,pair_5,1,0.0,inf,inf,rejected
B35671011/S25,pair_6,1,0.0,inf,inf,rejected
B35671011/S25,pair_7,1,0.0,inf,inf,rejected
B35671011/S25,pair_8,1,0.0,inf,inf,rejected
B35671011/S25,pair_9,1,0.0,inf,inf,rejected
B35671011/S25,pair_10,1,0.0,inf,inf,rejected
B35671011/S25,pair_11,1,0.0,inf,inf,rejected
B35671011/S25,tromino_L_0,2,0.2361,inf,inf,rejected
B35671011/S25,tromino_L_1,2,0.3436,inf,inf,rejected
B35671011/S25,tromino_L_2,2,0.167,inf,inf,rejected
B35671011/S25,tromino_L_3,2,0.3436,inf,inf,rejected
B35671011/S25,tromino_L_4,2,0.2361,inf,inf,rejected
B35671011/S25,tromino_L_5,500,0.0,1.0,3,rejected
B35671011/S25,tromino_L_6,2,0.2504,inf,inf,rejected
B35671011/S25,tromino_L_7,2,0.2504,inf,inf,rejected
B35671011/S25,compact_0,500,0.0,1.0,3,rejected
B35671011/S25,compact_1,2,0.0,inf,inf,rejected
B35671011/S25,compact_2,2,0.0,inf,inf,rejected
B35671011/S25,compact_3,2,0.0,inf,inf,rejected
B35671011/S25,compact_4,5,1.9301,inf,inf,rejected
B35671011/S25,compact_5,3,0.3525,inf,inf,rejected
B35671011/S25,compact_6,2,0.0,inf,inf,rejected
B35671011/S25,compact_7,500,0.4717,0.6,3,rejected
B35671011/S25,compact_8,2,0.3436,inf,inf,rejected
B35671011/S25,compact_9,3,0.4101,inf,inf,rejected
B35671011/S25,compact_10,3,0.0,inf,inf,rejected
B35671011/S25,compact_11,2,0.2361,inf,inf,rejected
B35671011/S25,compact_12,3,0.353,inf,inf,rejected
B35671011/S25,compact_13,4,0.8239,inf,inf,rejected
B35671011/S25,compact_14,500,12.5048,4872.8333,40,rejected
B35671011/S25,compact_15,2,0.0,inf,inf,rejected
B35671011/S25,compact_16,4,0.807,inf,inf,rejected
B35671011/S25,compact_17,4,1.0955,inf,inf,rejected
B35671011/S25,compact_18,3,0.3541,inf,inf,rejected
B35671011/S25,compact_19,500,0.5008,1.5,3,rejected
B35671011/S25,compact_20,6,0.4234,inf,inf,rejected
B35671011/S25,compact_21,2,0.2504,inf,inf,rejected
B35671011/S25,compact_22,4,0.6121,inf,inf,rejected
B35671011/S25,compact_23,3,0.605,inf,inf,rejected
B35671011/S25,compact_24,2,0.167,inf,inf,rejected
B3/S212,single_bit,1,0.0,inf,inf,rejected
B3/S212,pair_0,1,0.0,inf,inf,rejected
B3/S212,pair_1,1,0.0,inf,inf,rejected
B3/S212,pair_2,1,0.0,inf,inf,rejected
B3/S212,pair_3,1,0.0,inf,inf,rejected
B3/S212,pair_4,1,0.0,inf,inf,rejected
B3/S212,pair_5,1,0.0,inf,inf,rejected
B3/S212,pair_6,1,0.0,inf,inf,rejected
B3/S212,pair_7,1,0.0,inf,inf,rejected
B3/S212,pair_8,1,0.0,inf,inf,rejected
B3/S212,pair_9,1,0.0,inf,inf,rejected
B3/S212,pair_10,1,0.0,inf,inf,rejected
B3/S212,pair_11,1,0.0,inf,inf,rejected
B3/S212,tromino_L_0,2,0.2361,inf,inf,rejected
B3/S212,tromino_L_1,2,0.3436,inf,inf,rejected
B3/S212,tromino_L_2,2,0.167,inf,inf,rejected
B3/S212,tromino_L_3,2,0.3436,inf,inf,rejected
B3/S212,tromino_L_4,2,0.2361,inf,inf,rejected
B3/S212,tromino_L_5,500,0.0,1.0,3,rejected
B3/S212,tromino_L_6,2,0.2504,inf,inf,rejected
B3/S212,tromino_L_7,2,0.2504,inf,inf,rejected
B3/S212,compact_0,500,0.0,1.0,3,rejected
B3/S212,compact_1,2,0.0,inf,inf,rejected
B3/S212,compact_2,2,0.0,inf,inf,rejected
B3/S212,compact_3,2,0.0,inf,inf,rejected
B3/S212,compact_4,5,1.9301,inf,inf,rejected
B3/S212,compact_5,3,0.3525,inf,inf,rejected
B3/S212,compact_6,2,0.0,inf,inf,rejected
B3/S212,compact_7,500,0.4717,0.6,3,rejected
B3/S212,compact_8,2,0.3436,inf,inf,rejected
B3/S212,compact_9,3,0.4101,inf,inf,rejected
B3/S212,compact_10,3,0.0,inf,inf,rejected
B3/S212,compact_11,2,0.2361,inf,inf,rejected
B3/S212,compact_12,3,0.353,inf,inf,rejected
B3/S212,compact_13,4,1.5746,inf,inf,rejected
B3/S212,compact_14,4,0.6008,inf,inf,rejected
B3/S212,compact_15,2,0.0,inf,inf,rejected
B3/S212,compact_16,4,0.807,inf,inf,rejected
B3/S212,compact_17,5,0.8065,inf,inf,rejected
B3/S212,compact_18,3,0.3541,inf,inf,rejected
B3/S212,compact_19,3,1.2496,inf,inf,rejected
B3/S212,compact_20,500,0.0475,1.2,3,rejected
B3/S212,compact_21,2,0.2504,inf,inf,rejected
B3/S212,compact_22,4,0.6121,inf,inf,rejected
B3/S212,compact_23,3,0.605,inf,inf,rejected
B3/S212,compact_24,2,0.167,inf,inf,rejected
B78/S112,single_bit,1,0.0,inf,inf,rejected
B78/S112,pair_0,500,0.0,1.0,2,rejected
B78/S112,pair_1,500,0.0,1.0,2,rejected
B78/S112,pair_2,500,0.0,1.0,2,rejected
B78/S112,pair_3,500,0.0,1.0,2,rejected
B78/S112,pair_4,500,0.0,1.0,2,rejected
B78/S112,pair_5,500,0.0,1.0,2,rejected
B78/S112,pair_6,500,0.0,1.0,2,rejected
B78/S112,pair_7,500,0.0,1.0,2,rejected
B78/S112,pair_8,500,0.0,1.0,2,rejected
B78/S112,pair_9,500,0.0,1.0,2,rejected
B78/S112,pair_10,500,0.0,1.0,2,rejected
B78/S112,pair_11,500,0.0,1.0,2,rejected
B78/S112,tromino_L_0,2,0.2361,inf,inf,rejected
B78/S112,tromino_L_1,1,0.0,inf,inf,rejected
B78/S112,tromino_L_2,2,0.167,inf,inf,rejected
B78/S112,tromino_L_3,1,0.0,inf,inf,rejected
B78/S112,tromino_L_4,2,0.2361,inf,inf,rejected
B78/S112,tromino_L_5,2,0.167,inf,inf,rejected
B78/S112,tromino_L_6,1,0.0,inf,inf,rejected
B78/S112,tromino_L_7,1,0.0,inf,inf,rejected
B78/S112,compact_0,2,0.167,inf,inf,rejected
B78/S112,compact_1,1,0.0,inf,inf,rejected
B78/S112,compact_2,2,0.0,inf,inf,rejected
B78/S112,compact_3,2,0.0,inf,inf,rejected
B78/S112,compact_4,2,1.8627,inf,inf,rejected
B78/S112,compact_5,2,1.5422,inf,inf,rejected
B78/S112,compact_6,1,0.0,inf,inf,rejected
B78/S112,compact_7,1,0.0,inf,inf,rejected
B78/S112,compact_8,1,0.0,inf,inf,rejected
B78/S112,compact_9,1,0.0,inf,inf,rejected
B78/S112,compact_10,2,0.0,inf,inf,rejected
B78/S112,compact_11,2,0.2361,inf,inf,rejected
B78/S112,compact_12,2,0.4341,inf,inf,rejected
B78/S112,compact_13,2,1.2957,inf,inf,rejected
B78/S112,compact_14,1,0.0,inf,inf,rejected
B78/S112,compact_15,2,0.0,inf,inf,rejected
B78/S112,compact_16,2,0.3678,inf,inf,rejected
B78/S112,compact_17,2,0.9482,inf,inf,rejected
B78/S112,compact_18,2,0.2504,inf,inf,rejected
B78/S112,compact_19,1,0.0,inf,inf,rejected
B78/S112,compact_20,2,1.6979,inf,inf,rejected
B78/S112,compact_21,1,0.0,inf,inf,rejected
B78/S112,compact_22,2,1.621,inf,inf,rejected
B78/S112,compact_23,2,1.3966,inf,inf,rejected
B78/S112,compact_24,2,0.167,inf,inf,rejected
B8/S3912,single_bit,1,0.0,inf,inf,rejected
B8/S3912,pair_0,1,0.0,inf,inf,rejected
B8/S3912,pair_1,1,0.0,inf,inf,rejected
B8/S3912,pair_2,1,0.0,inf,inf,rejected
B8/S3912,pair_3,1,0.0,inf,inf,rejected
B8/S3912,pair_4,1,0.0,inf,inf,rejected
B8/S3912,pair_5,1,0.0,inf,inf,rejected
B8/S3912,pair_6,1,0.0,inf,inf,rejected
B8/S3912,pair_7,1,0.0,inf,inf,rejected
B8/S3912,pair_8,1,0.0,inf,inf,rejected
B8/S3912,pair_9,1,0.0,inf,inf,rejected
B8/S3912,pair_10,1,0.0,inf,inf,rejected
B8/S3912,pair_11,1,0.0,inf,inf,rejected
B8/S3912,tromino_L_0,1,0.0,inf,inf,rejected
B8/S3912,tromino_L_1,1,0.0,inf,inf,rejected
B8/S3912,tromino_L_2,1,0.0,inf,inf,rejected
B8/S3912,tromino_L_3,1,0.0,inf,inf,rejected
B8/S3912,tromino_L_4,1,0.0,inf,inf,rejected
B8/S3912,tromino_L_5,1,0.0,inf,inf,rejected
B8/S3912,tromino_L_6,1,0.0,inf,inf,rejected
B8/S3912,tromino_L_7,1,0.0,inf,inf,rejected
B8/S3912,compact_0,1,0.0,inf,inf,rejected
B8/S3912,compact_1,2,0.0,inf,inf,rejected
B8/S3912,compact_2,1,0.0,inf,inf,rejected
B8/S3912,compact_3,1,0.0,inf,inf,rejected
B8/S3912,compact_4,2,0.6877,inf,inf,rejected
B8/S3912,compact_5,2,0.6127,inf,inf,rejected
B8/S3912,compact_6,2,0.0,inf,inf,rejected
B8/S3912,compact_7,2,0.5913,inf,inf,rejected
B8/S3912,compact_8,1,0.0,inf,inf,rejected
B8/S3912,compact_9,2,0.167,inf,inf,rejected
B8/S3912,compact_10,2,0.0,inf,inf,rejected
B8/S3912,compact_11,1,0.0,inf,inf,rejected
B8/S3912,compact_12,1,0.0,inf,inf,rejected
B8/S3912,compact_13,2,0.8251,inf,inf,rejected
B8/S3912,compact_14,2,1.3012,inf,inf,rejected
B8/S3912,compact_15,1,0.0,inf,inf,rejected
B8/S3912,compact_16,2,0.446,inf,inf,rejected
B8/S3912,compact_17,2,0.2242,inf,inf,rejected
B8/S3912,compact_18,1,0.0,inf,inf,rejected
B8/S3912,compact_19,2,0.2504,inf,inf,rejected
B8/S3912,compact_20,2,1.1305,inf,inf,rejected
B8/S3912,compact_21,1,0.0,inf,inf,rejected
B8/S3912,compact_22,2,0.3541,inf,inf,rejected
B8/S3912,compact_23,2,0.7234,inf,inf,rejected
B8/S3912,compact_24,1,0.0,inf,inf,rejected
B23/S124581012,single_bit,1,0.0,inf,inf,rejected
B23/S124581012,pair_0,500,20.0,13296.0,40,rejected
B23/S124581012,pair_1,500,20.0,13296.0,40,rejected
B23/S124581012,pair_2,500,20.0,13296.0,40,rejected
B23/S124581012,pair_3,500,20.0,13296.0,40,rejected
B23/S124581012,pair_4,500,28.2843,13296.0,40,rejected
B23/S124581012,pair_5,500,28.2843,13296.0,40,rejected
B23/S124581012,pair_6,500,48.9898,13296.0,40,rejected
B23/S124581012,pair_7,500,44.7214,13296.0,40,rejected
B23/S124581012,pair_8,500,44.7214,13296.0,40,rejected
B23/S124581012,pair_9,500,28.2843,13296.0,40,rejected
B23/S124581012,pair_10,500,20.0,13296.0,40,rejected
B23/S124581012,pair_11,500,20.0,13296.0,40,rejected
B23/S124581012,tromino_L_0,500,28.9137,8485.6667,40,rejected
B23/S124581012,tromino_L_1,500,53.6662,8787.6667,40,rejected
B23/S124581012,tromino_L_2,500,20.4451,8485.6667,40,rejected
B23/S124581012,tromino_L_3,500,53.6662,8787.6667,40,rejected
B23/S124581012,tromino_L_4,500,39.2134,8485.6667,40,rejected
B23/S124581012,tromino_L_5,500,45.8344,8718.6667,40,rejected
B23/S124581012,tromino_L_6,500,18.3848,8787.6667,40,rejected
B23/S124581012,tromino_L_7,500,18.3848,8787.6667,40,rejected
B23/S124581012,compact_0,500,45.8344,8718.6667,40,rejected
B23/S124581012,compact_1,500,44.7214,6512.5,40,rejected
B23/S124581012,compact_2,500,63.2456,8940.0,40,rejected
B23/S124581012,compact_3,500,28.2843,8940.0,40,rejected
B23/S124581012,compact_4,500,54.9816,4210.6667,40,rejected
B23/S124581012,compact_5,500,46.6789,6306.25,40,rejected
B23/S124581012,compact_6,500,48.9898,6512.5,40,rejected
B23/S124581012,compact_7,500,27.9106,5013.4,40,rejected
B23/S124581012,compact_8,500,53.6662,8787.6667,40,rejected
B23/S124581012,compact_9,500,53.9329,4216.1667,40,rejected
B23/S124581012,compact_10,500,20.0,7316.0,40,rejected
B23/S124581012,compact_11,500,39.2134,8485.6667,40,rejected
B23/S124581012,compact_12,500,28.7506,6355.75,40,rejected
B23/S124581012,compact_13,500,55.8462,5026.8,40,rejected
B23/S124581012,compact_14,500,49.0445,4170.3333,40,rejected
B23/S124581012,compact_15,500,34.641,6631.5,40,rejected
B23/S124581012,compact_16,500,82.0058,5028.8,40,rejected
B23/S124581012,compact_17,500,62.1743,5071.4,40,rejected
B23/S124581012,compact_18,500,44.5913,6355.75,40,rejected
B23/S124581012,compact_19,500,12.7704,6446.0,40,rejected
B23/S124581012,compact_20,500,47.5454,5142.2,40,rejected
B23/S124581012,compact_21,500,18.3848,8787.6667,40,rejected
B23/S124581012,compact_22,500,40.5964,6257.5,40,rejected
B23/S124581012,compact_23,500,46.247,4172.8333,40,rejected
B23/S124581012,compact_24,500,20.4451,8485.6667,40,rejected
B1/S57,single_bit,32,0.0,inf,inf,rejected
B1/S57,pair_0,500,28.2843,7136.0,40,rejected
B1/S57,pair_1,500,28.2843,7136.0,40,rejected
B1/S57,pair_2,500,28.2843,7136.0,40,rejected
B1/S57,pair_3,500,28.2843,7136.0,40,rejected
B1/S57,pair_4,500,28.2843,7136.0,40,rejected
B1/S57,pair_5,500,28.2843,7136.0,40,rejected
B1/S57,pair_6,500,34.641,7136.0,40,rejected
B1/S57,pair_7,500,34.641,7136.0,40,rejected
B1/S57,pair_8,500,34.641,7136.0,40,rejected
B1/S57,pair_9,500,34.641,7136.0,40,rejected
B1/S57,pair_10,500,34.641,7136.0,40,rejected
B1/S57,pair_11,500,34.641,7136.0,40,rejected
B1/S57,tromino_L_0,500,34.6321,4646.0,40,rejected
B1/S57,tromino_L_1,500,40.7739,4664.0,40,rejected
B1/S57,tromino_L_2,500,24.4886,4646.0,40,rejected
B1/S57,tromino_L_3,500,40.7739,4664.0,40,rejected
B1/S57,tromino_L_4,500,25.5585,4646.0,40,rejected
B1/S57,tromino_L_5,500,33.8102,4542.6667,40,rejected
B1/S57,tromino_L_6,500,40.7275,4664.0,40,rejected
B1/S57,tromino_L_7,500,40.7275,4664.0,40,rejected
B1/S57,compact_0,500,33.8102,4542.6667,40,rejected
B1/S57,compact_1,500,28.2843,3527.0,40,rejected
B1/S57,compact_2,500,34.641,4800.0,40,rejected
B1/S57,compact_3,500,28.2843,4800.0,40,rejected
B1/S57,compact_4,500,54.7966,2291.0,40,rejected
B1/S57,compact_5,500,51.4746,3434.75,40,rejected
B1/S57,compact_6,500,34.641,3527.0,40,rejected
B1/S57,compact_7,500,32.5364,2742.0,40,rejected
B1/S57,compact_8,500,40.7739,4664.0,40,rejected
B1/S57,compact_9,500,70.8353,2307.1667,40,rejected
B1/S57,compact_10,500,20.0,3750.0,40,rejected
B1/S57,compact_11,500,25.5585,4646.0,40,rejected
B1/S57,compact_12,500,9.687,3457.0,40,rejected
B1/S57,compact_13,500,51.5168,2744.0,40,rejected
B1/S57,compact_14,500,61.6748,2296.0,40,rejected
B1/S57,compact_15,500,48.9898,3494.0,40,rejected
B1/S57,compact_16,500,52.2409,2823.8,40,rejected
B1/S57,compact_17,500,41.4601,2752.2,40,rejected
B1/S57,compact_18,500,22.9572,3457.0,40,rejected
B1/S57,compact_19,500,38.2081,3461.0,40,rejected
B1/S57,compact_20,500,32.5663,2785.2,40,rejected
B1/S57,compact_21,500,40.7275,4664.0,40,rejected
B1/S57,compact_22,500,17.541,3451.75,40,rejected
B1/S57,compact_23,500,22.7827,2303.8333,40,rejected
B1/S57,compact_24,500,24.4886,4646.0,40,rejected
B9/S4,single_bit,1,0.0,inf,inf,rejected
B9/S4,pair_0,1,0.0,inf,inf,rejected
B9/S4,pair_1,1,0.0,inf,inf,rejected
B9/S4,pair_2,1,0.0,inf,inf,rejected
B9/S4,pair_3,1,0.0,inf,inf,rejected
B9/S4,pair_4,1,0.0,inf,inf,rejected
B9/S4,pair_5,1,0.0,inf,inf,rejected
B9/S4,pair_6,1,0.0,inf,inf,rejected
B9/S4,pair_7,1,0.0,inf,inf,rejected
B9/S4,pair_8,1,0.0,inf,inf,rejected
B9/S4,pair_9,1,0.0,inf,inf,rejected
B9/S4,pair_10,1,0.0,inf,inf,rejected
B9/S4,pair_11,1,0.0,inf,inf,rejected
B9/S4,tromino_L_0,1,0.0,inf,inf,rejected
B9/S4,tromino_L_1,1,0.0,inf,inf,rejected
B9/S4,tromino_L_2,1,0.0,inf,inf,rejected
B9/S4,tromino_L_3,1,0.0,inf,inf,rejected
B9/S4,tromino_L_4,1,0.0,inf,inf,rejected
B9/S4,tromino_L_5,1,0.0,inf,inf,rejected
B9/S4,tromino_L_6,1,0.0,inf,inf,rejected
B9/S4,tromino_L_7,1,0.0,inf,inf,rejected
B9/S4,compact_0,1,0.0,inf,inf,rejected
B9/S4,compact_1,1,0.0,inf,inf,rejected
B9/S4,compact_2,1,0.0,inf,inf,rejected
B9/S4,compact_3,1,0.0,inf,inf,rejected
B9/S4,compact_4,1,0.0,inf,inf,rejected
B9/S4,compact_5,1,0.0,inf,inf,rejected
B9/S4,compact_6,1,0.0,inf,inf,rejected
B9/S4,compact_7,2,0.4473,inf,inf,rejected
B9/S4,compact_8,1,0.0,inf,inf,rejected
B9/S4,compact_9,2,0.167,inf,inf,rejected
B9/S4,compact_10,1,0.0,inf,inf,rejected
B9/S4,compact_11,1,0.0,inf,inf,rejected
B9/S4,compact_12,1,0.0,inf,inf,rejected
B9/S4,compact_13,2,0.283,inf,inf,rejected
B9/S4,compact_14,2,0.5267,inf,inf,rejected
B9/S4,compact_15,1,0.0,inf,inf,rejected
B9/S4,compact_16,1,0.0,inf,inf,rejected
B9/S4,compact_17,1,0.0,inf,inf,rejected
B9/S4,compact_18,1,0.0,inf,inf,rejected
B9/S4,compact_19,1,0.0,inf,inf,rejected
B9/S4,compact_20,2,0.2837,inf,inf,rejected
B9/S4,compact_21,1,0.0,inf,inf,rejected
B9/S4,compact_22,1,0.0,inf,inf,rejected
B9/S4,compact_23,1,0.0,inf,inf,rejected
B9/S4,compact_24,1,0.0,inf,inf,rejected
B39/S458912,single_bit,1,0.0,inf,inf,rejected
B39/S458912,pair_0,1,0.0,inf,inf,rejected
B39/S458912,pair_1,1,0.0,inf,inf,rejected
B39/S458912,pair_2,1,0.0,inf,inf,rejected
B39/S458912,pair_3,1,0.0,inf,inf,rejected
B39/S458912,pair_4,1,0.0,inf,inf,rejected
B39/S458912,pair_5,1,0.0,inf,inf,rejected
B39/S458912,pair_6,1,0.0,inf,inf,rejected
B39/S458912,pair_7,1,0.0,inf,inf,rejected
B39/S458912,pair_8,1,0.0,inf,inf,rejected
B39/S458912,pair_9,1,0.0,inf,inf,rejected
B39/S458912,pair_10,1,0.0,inf,inf,rejected
B39/S458912,pair_11,1,0.0,inf,inf,rejected
B39/S458912,tromino_L_0,2,0.9432,inf,inf,rejected
B39/S458912,tromino_L_1,2,1.3747,inf,inf,rejected
B39/S458912,tromino_L_2,2,0.667,inf,inf,rejected
B39/S458912,tromino_L_3,2,1.3747,inf,inf,rejected
B39/S458912,tromino_L_4,2,0.9432,inf,inf,rejected
B39/S458912,tromino_L_5,2,0.167,inf,inf,rejected
B39/S458912,tromino_L_6,2,1.0003,inf,inf,rejected
B39/S458912,tromino_L_7,2,1.0003,inf,inf,rejected
B39/S458912,compact_0,2,0.167,inf,inf,rejected
B39/S458912,compact_1,2,0.0,inf,inf,rejected
B39/S458912,compact_2,1,0.0,inf,inf,rejected
B39/S458912,compact_3,1,0.0,inf,inf,rejected
B39/S458912,compact_4,2,2.2676,inf,inf,rejected
B39/S458912,compact_5,2,0.6127,inf,inf,rejected
B39/S458912,compact_6,2,0.0,inf,inf,rejected
B39/S458912,compact_7,4,0.4473,inf,inf,rejected
B39/S458912,compact_8,2,1.3747,inf,inf,rejected
B39/S458912,compact_9,4,1.509,inf,inf,rejected
B39/S458912,compact_10,3,0.0,inf,inf,rejected
B39/S458912,compact_11,2,0.9432,inf,inf,rejected
B39/S458912,compact_12,2,1.0905,inf,inf,rejected
B39/S458912,compact_13,3,0.8251,inf,inf,rejected
B39/S458912,compact_14,5,0.6015,inf,inf,rejected
B39/S458912,compact_15,1,0.0,inf,inf,rejected
B39/S458912,compact_16,3,0.446,inf,inf,rejected
B39/S458912,compact_17,3,0.4473,inf,inf,rejected
B39/S458912,compact_18,2,1.0311,inf,inf,rejected
B39/S458912,compact_19,500,0.0,1.0,3,rejected
B39/S458912,compact_20,5,0.2837,inf,inf,rejected
B39/S458912,compact_21,2,1.0003,inf,inf,rejected
B39/S458912,compact_22,2,0.3546,inf,inf,rejected
B39/S458912,compact_23,2,0.605,inf,inf,rejected
B39/S458912,compact_24,2,0.667,inf,inf,rejected
B14/S410,single_bit,500,34.641,20280.0,40,rejected
B14/S410,pair_0,500,28.2843,9449.0,40,rejected
B14/S410,pair_1,500,28.2843,9449.0,40,rejected
B14/S410,pair_2,500,28.2843,9449.0,40,rejected
B14/S410,pair_3,500,28.2843,9449.0,40,rejected
B14/S410,pair_4,500,44.7214,9449.0,40,rejected
B14/S410,pair_5,500,20.0,9449.0,40,rejected
B14/S410,pair_6,500,40.0,9449.0,40,rejected
B14/S410,pair_7,500,44.7214,9449.0,40,rejected
B14/S410,pair_8,500,44.7214,9449.0,40,rejected
B14/S410,pair_9,500,40.0,9449.0,40,rejected
B14/S410,pair_10,500,44.7214,9449.0,40,rejected
B14/S410,pair_11,500,60.0,9449.0,40,rejected
B14/S410,tromino_L_0,500,32.3741,6214.0,40,rejected
B14/S410,tromino_L_1,500,61.452,6305.0,40,rejected
B14/S410,tromino_L_2,500,26.908,6214.0,40,rejected
B14/S410,tromino_L_3,500,61.452,6305.0,40,rejected
B14/S410,tromino_L_4,500,49.9417,6214.0,40,rejected
B14/S410,tromino_L_5,500,25.5176,6249.3333,40,rejected
B14/S410,tromino_L_6,500,62.4705,6305.0,40,rejected
B14/S410,tromino_L_7,500,62.4705,6305.0,40,rejected
B14/S410,compact_0,500,47.4463,6249.3333,40,rejected
B14/S410,compact_1,500,48.9898,4719.5,40,rejected
B14/S410,compact_2,500,20.0,6342.0,40,rejected
B14/S410,compact_3,500,44.7214,6342.0,40,rejected
B14/S410,compact_4,500,42.0657,3093.0,40,rejected
B14/S410,compact_5,500,53.6244,4631.75,40,rejected
B14/S410,compact_6,500,48.9898,4719.5,40,rejected
B14/S410,compact_7,500,21.6956,3713.8,40,rejected
B14/S410,compact_8,500,61.452,6305.0,40,rejected
B14/S410,compact_9,500,88.5315,3091.3333,40,rejected
B14/S410,compact_10,500,20.0,4809.75,40,rejected
B14/S410,compact_11,500,49.9417,6214.0,40,rejected
B14/S410,compact_12,500,20.9552,4638.25,40,rejected
B14/S410,compact_13,500,39.7596,3708.0,40,rejected
B14/S410,compact_14,500,28.9083,3082.3333,40,rejected
B14/S410,compact_15,500,34.641,4750.0,40,rejected
B14/S410,compact_16,500,45.7781,3717.2,40,rejected
B14/S410,compact_17,500,39.5606,3701.6,40,rejected
B14/S410,compact_18,500,37.5498,4638.25,40,rejected
B14/S410,compact_19,500,56.1779,4717.0,40,rejected
B14/S410,compact_20,500,21.3512,3745.6,40,rejected
B14/S410,compact_21,500,62.4705,6305.0,40,rejected
B14/S410,compact_22,500,58.4156,4658.5,40,rejected
B14/S410,compact_23,500,70.1018,3089.5,40,rejected
B14/S410,compact_24,500,26.908,6214.0,40,rejected
B29/S137,single_bit,1,0.0,inf,inf,rejected
B29/S137,pair_0,500,28.2843,8969.0,40,rejected
B29/S137,pair_1,500,28.2843,8969.0,40,rejected
B29/S137,pair_2,500,28.2843,8969.0,40,rejected
B29/S137,pair_3,500,48.9898,8969.0,40,rejected
B29/S137,pair_4,500,44.7214,8969.0,40,rejected
B29/S137,pair_5,500,20.0,8969.0,40,rejected
B29/S137,pair_6,500,40.0,8969.0,40,rejected
B29/S137,pair_7,500,44.7214,8969.0,40,rejected
B29/S137,pair_8,500,44.7214,8969.0,40,rejected
B29/S137,pair_9,500,40.0,8969.0,40,rejected
B29/S137,pair_10,500,20.0,8969.0,40,rejected
B29/S137,pair_11,500,44.7214,8969.0,40,rejected
B29/S137,tromino_L_0,500,67.7276,5726.6667,40,rejected
B29/S137,tromino_L_1,500,39.1697,5954.3333,40,rejected
B29/S137,tromino_L_2,500,47.8906,5726.6667,40,rejected
B29/S137,tromino_L_3,500,39.1697,5954.3333,40,rejected
B29/S137,tromino_L_4,500,57.8131,5726.6667,40,rejected
B29/S137,tromino_L_5,500,26.4152,5830.0,40,rejected
B29/S137,tromino_L_6,500,43.9362,5954.3333,40,rejected
B29/S137,tromino_L_7,500,43.9362,5954.3333,40,rejected
B29/S137,compact_0,500,47.935,5830.0,40,rejected
B29/S137,compact_1,500,28.2843,4376.5,40,rejected
B29/S137,compact_2,500,0.0,5946.0,40,rejected
B29/S137,compact_3,500,0.0,5946.0,40,rejected
B29/S137,compact_4,500,56.5235,2850.1667,40,rejected
B29/S137,compact_5,500,64.0654,4202.5,40,rejected
B29/S137,compact_6,500,28.2843,4376.5,40,rejected
B29/S137,compact_7,500,60.0195,3410.8,40,rejected
B29/S137,compact_8,500,39.1697,5954.3333,40,rejected
B29/S137,compact_9,500,51.2563,2818.0,40,rejected
B29/S137,compact_10,500,66.3325,4417.75,40,rejected
B29/S137,compact_11,500,57.8131,5726.6667,40,rejected
B29/S137,compact_12,500,48.5584,4214.75,40,rejected
B29/S137,compact_13,500,40.5094,3390.8,40,rejected
B29/S137,compact_14,500,30.5875,2817.0,40,rejected
B29/S137,compact_15,500,40.0,4418.5,40,rejected
B29/S137,compact_16,500,44.4862,3400.0,40,rejected
B29/S137,compact_17,500,75.4577,3382.0,40,rejected
B29/S137,compact_18,500,48.1508,4214.75,40,rejected
B29/S137,compact_19,500,49.3613,4387.0,40,rejected
B29/S137,compact_20,500,47.4706,3442.8,40,rejected
B29/S137,compact_21,500,43.9362,5954.3333,40,rejected
B29/S137,compact_22,500,57.1179,4231.0,40,rejected
B29/S137,compact_23,500,55.8487,2845.5,40,rejected
B29/S137,compact_24,500,47.8906,5726.6667,40,rejected
B25/S410,single_bit,1,0.0,inf,inf,rejected
B25/S410,pair_0,500,0.0,9963.0,40,rejected
B25/S410,pair_1,500,0.0,9963.0,40,rejected
B25/S410,pair_2,500,0.0,9963.0,40,rejected
B25/S410,pair_3,500,0.0,9963.0,40,rejected
B25/S410,pair_4,500,0.0,9963.0,40,rejected
B25/S410,pair_5,500,0.0,9963.0,40,rejected
B25/S410,pair_6,500,40.0,9963.0,40,rejected
B25/S410,pair_7,500,40.0,9963.0,40,rejected
B25/S410,pair_8,500,40.0,9963.0,40,rejected
B25/S410,pair_9,500,0.0,9963.0,40,rejected
B25/S410,pair_10,500,0.0,9963.0,40,rejected
B25/S410,pair_11,500,0.0,9963.0,40,rejected
B25/S410,tromino_L_0,500,34.6442,6585.3333,40,rejected
B25/S410,tromino_L_1,500,48.4221,6642.0,40,rejected
B25/S410,tromino_L_2,500,28.0498,6585.3333,40,rejected
B25/S410,tromino_L_3,500,48.4221,6642.0,40,rejected
B25/S410,tromino_L_4,500,20.3358,6585.3333,40,rejected
B25/S410,tromino_L_5,500,37.8082,6753.3333,40,rejected
B25/S410,tromino_L_6,500,41.6948,6642.0,40,rejected
B25/S410,tromino_L_7,500,41.6948,6642.0,40,rejected
B25/S410,compact_0,500,37.8082,6753.3333,40,rejected
B25/S410,compact_1,500,28.2843,4948.0,40,rejected
B25/S410,compact_2,500,28.2843,6764.0,40,rejected
B25/S410,compact_3,500,28.2843,6764.0,40,rejected
B25/S410,compact_4,500,37.377,3248.1667,40,rejected
B25/S410,compact_5,500,48.7019,4842.75,40,rejected
B25/S410,compact_6,500,34.641,4948.0,40,rejected
B25/S410,compact_7,500,58.2529,3890.6,40,rejected
B25/S410,compact_8,500,48.4221,6642.0,40,rejected
B25/S410,compact_9,500,84.9836,3233.5,40,rejected
B25/S410,compact_10,500,20.0,5070.0,40,rejected
B25/S410,compact_11,500,20.3358,6585.3333,40,rejected
B25/S410,compact_12,500,46.5116,4870.25,40,rejected
B25/S410,compact_13,500,51.53,3896.6,40,rejected
B25/S410,compact_14,500,63.8946,3250.1667,40,rejected
B25/S410,compact_15,500,20.0,4991.5,40,rejected
B25/S410,compact_16,500,52.5998,3874.4,40,rejected
B25/S410,compact_17,500,55.2634,3877.4,40,rejected
B25/S410,compact_18,500,68.8396,4870.25,40,rejected
B25/S410,compact_19,500,44.7221,5048.0,40,rejected
B25/S410,compact_20,500,36.5368,3900.4,40,rejected
B25/S410,compact_21,500,41.6948,6642.0,40,rejected
B25/S410,compact_22,500,12.0748,4864.5,40,rejected
B25/S410,compact_23,500,45.5545,3239.0,40,rejected
B25/S410,compact_24,500,28.0498,6585.3333,40,rejected
B45/S2471011,single_bit,1,0.0,inf,inf,rejected
B45/S2471011,pair_0,1,0.0,inf,inf,rejected
B45/S2471011,pair_1,1,0.0,inf,inf,rejected
B45/S2471011,pair_2,1,0.0,inf,inf,rejected
B45/S2471011,pair_3,1,0.0,inf,inf,rejected
B45/S2471011,pair_4,1,0.0,inf,inf,rejected
B45/S2471011,pair_5,1,0.0,inf,inf,rejected
B45/S2471011,pair_6,1,0.0,inf,inf,rejected
B45/S2471011,pair_7,1,0.0,inf,inf,rejected
B45/S2471011,pair_8,1,0.0,inf,inf,rejected
B45/S2471011,pair_9,1,0.0,inf,inf,rejected
B45/S2471011,pair_10,1,0.0,inf,inf,rejected
B45/S2471011,pair_11,1,0.0,inf,inf,rejected
B45/S2471011,tromino_L_0,2,0.471,inf,inf,rejected
B45/S2471011,tromino_L_1,500,0.0,1.0,2,rejected
B45/S2471011,tromino_L_2,2,0.333,inf,inf,rejected
B45/S2471011,tromino_L_3,500,0.0,1.0,2,rejected
B45/S2471011,tromino_L_4,2,0.471,inf,inf,rejected
B45/S2471011,tromino_L_5,2,0.333,inf,inf,rejected
B45/S2471011,tromino_L_6,500,0.0,1.0,2,rejected
B45/S2471011,tromino_L_7,500,0.0,1.0,2,rejected
B45/S2471011,compact_0,2,0.333,inf,inf,rejected
B45/S2471011,compact_1,2,0.0,inf,inf,rejected
B45/S2471011,compact_2,2,0.0,inf,inf,rejected
B45/S2471011,compact_3,2,0.0,inf,inf,rejected
B45/S2471011,compact_4,500,0.7628,0.5,2,rejected
B45/S2471011,compact_5,500,0.4558,0.75,2,rejected
B45/S2471011,compact_6,2,0.0,inf,inf,rejected
B45/S2471011,compact_7,3,0.548,inf,inf,rejected
B45/S2471011,compact_8,500,0.0,1.0,2,rejected
B45/S2471011,compact_9,3,0.7266,inf,inf,rejected
B45/S2471011,compact_10,1,0.0,inf,inf,rejected
B45/S2471011,compact_11,2,0.471,inf,inf,rejected
B45/S2471011,compact_12,2,0.4319,inf,inf,rejected
B45/S2471011,compact_13,500,0.7395,0.6,2,rejected
B45/S2471011,compact_14,500,1.0671,0.5,2,rejected
B45/S2471011,compact_15,2,0.0,inf,inf,rejected
B45/S2471011,compact_16,2,0.8377,inf,inf,rejected
B45/S2471011,compact_17,2,1.6128,inf,inf,rejected
B45/S2471011,compact_18,2,0.2496,inf,inf,rejected
B45/S2471011,compact_19,2,0.2496,inf,inf,rejected
B45/S2471011,compact_20,3,0.2837,inf,inf,rejected
B45/S2471011,compact_21,500,0.0,1.0,2,rejected
B45/S2471011,compact_22,2,0.9346,inf,inf,rejected
B45/S2471011,compact_23,2,0.3709,inf,inf,rejected
B45/S2471011,compact_24,2,0.333,inf,inf,rejected
B35/S4,single_bit,1,0.0,inf,inf,rejected
B35/S4,pair_0,1,0.0,inf,inf,rejected
B35/S4,pair_1,1,0.0,inf,inf,rejected
B35/S4,pair_2,1,0.0,inf,inf,rejected
B35/S4,pair_3,1,0.0,inf,inf,rejected
B35/S4,pair_4,1,0.0,inf,inf,rejected
B35/S4,pair_5,1,0.0,inf,inf,rejected
B35/S4,pair_6,1,0.0,inf,inf,rejected
B35/S4,pair_7,1,0.0,inf,inf,rejected
B35/S4,pair_8,1,0.0,inf,inf,rejected
B35/S4,pair_9,1,0.0,inf,inf,rejected
B35/S4,pair_10,1,0.0,inf,inf,rejected
B35/S4,pair_11,1,0.0,inf,inf,rejected
B35/S4,tromino_L_0,2,0.9432,inf,inf,rejected
B35/S4,tromino_L_1,2,1.3747,inf,inf,rejected
B35/S4,tromino_L_2,2,0.667,inf,inf,rejected
B35/S4,tromino_L_3,2,1.3747,inf,inf,rejected
B35/S4,tromino_L_4,2,0.9432,inf,inf,rejected
B35/S4,tromino_L_5,2,0.167,inf,inf,rejected
B35/S4,tromino_L_6,2,1.0003,inf,inf,rejected
B35/S4,tromino_L_7,2,1.0003,inf,inf,rejected
B35/S4,compact_0,2,0.167,inf,inf,rejected
B35/S4,compact_1,2,0.0,inf,inf,rejected
B35/S4,compact_2,1,0.0,inf,inf,rejected
B35/S4,compact_3,1,0.0,inf,inf,rejected
B35/S4,compact_4,2,2.2676,inf,inf,rejected
B35/S4,compact_5,2,0.6127,inf,inf,rejected
B35/S4,compact_6,2,0.0,inf,inf,rejected
B35/S4,compact_7,4,0.4473,inf,inf,rejected
B35/S4,compact_8,2,1.3747,inf,inf,rejected
B35/S4,compact_9,5,0.7266,inf,inf,rejected
B35/S4,compact_10,3,0.0,inf,inf,rejected
B35/S4,compact_11,2,0.9432,inf,inf,rejected
B35/S4,compact_12,2,1.0905,inf,inf,rejected
B35/S4,compact_13,3,0.8251,inf,inf,rejected
B35/S4,compact_14,3,0.6008,inf,inf,rejected
B35/S4,compact_15,1,0.0,inf,inf,rejected
B35/S4,compact_16,3,0.446,inf,inf,rejected
B35/S4,compact_17,3,0.4473,inf,inf,rejected
B35/S4,compact_18,2,1.0311,inf,inf,rejected
B35/S4,compact_19,500,0.0,1.0,3,rejected
B35/S4,compact_20,5,0.2837,inf,inf,rejected
B35/S4,compact_21,2,1.0003,inf,inf,rejected
B35/S4,compact_22,2,0.3546,inf,inf,rejected
B35/S4,compact_23,2,0.605,inf,inf,rejected
B35/S4,compact_24,2,0.667,inf,inf,rejected
B39/S591011,single_bit,1,0.0,inf,inf,rejected
B39/S591011,pair_0,1,0.0,inf,inf,rejected
B39/S591011,pair_1,1,0.0,inf,inf,rejected
B39/S591011,pair_2,1,0.0,inf,inf,rejected
B39/S591011,pair_3,1,0.0,inf,inf,rejected
B39/S591011,pair_4,1,0.0,inf,inf,rejected
B39/S591011,pair_5,1,0.0,inf,inf,rejected
B39/S591011,pair_6,1,0.0,inf,inf,rejected
B39/S591011,pair_7,1,0.0,inf,inf,rejected
B39/S591011,pair_8,1,0.0,inf,inf,rejected
B39/S591011,pair_9,1,0.0,inf,inf,rejected
B39/S591011,pair_10,1,0.0,inf,inf,rejected
B39/S591011,pair_11,1,0.0,inf,inf,rejected
B39/S591011,tromino_L_0,2,0.9432,inf,inf,rejected
B39/S591011,tromino_L_1,2,1.3747,inf,inf,rejected
B39/S591011,tromino_L_2,2,0.667,inf,inf,rejected
B39/S591011,tromino_L_3,2,1.3747,inf,inf,rejected
B39/S591011,tromino_L_4,2,0.9432,inf,inf,rejected
B39/S591011,tromino_L_5,2,0.167,inf,inf,rejected
B39/S591011,tromino_L_6,2,1.0003,inf,inf,rejected
B39/S591011,tromino_L_7,2,1.0003,inf,inf,rejected
B39/S591011,compact_0,2,0.167,inf,inf,rejected
B39/S591011,compact_1,2,0.0,inf,inf,rejected
B39/S591011,compact_2,1,0.0,inf,inf,rejected
B39/S591011,compact_3,1,0.0,inf,inf,rejected
B39/S591011,compact_4,2,2.2676,inf,inf,rejected
B39/S591011,compact_5,2,0.6127,inf,inf,rejected
B39/S591011,compact_6,2,0.0,inf,inf,rejected
B39/S591011,compact_7,3,1.0955,inf,inf,rejected
B39/S591011,compact_8,2,1.3747,inf,inf,rejected
B39/S591011,compact_9,3,0.6008,inf,inf,rejected
B39/S591011,compact_10,3,0.0,inf,inf,rejected
B39/S591011,compact_11,2,0.9432,inf,inf,rejected
B39/S591011,compact_12,2,1.0905,inf,inf,rejected
B39/S591011,compact_13,4,0.5745,inf,inf,rejected
B39/S591011,compact_14,6,0.4985,inf,inf,rejected
B39/S591011,compact_15,1,0.0,inf,inf,rejected
B39/S591011,compact_16,3,0.446,inf,inf,rejected
B39/S591011,compact_17,3,0.4473,inf,inf,rejected
B39/S591011,compact_18,2,1.0311,inf,inf,rejected
B39/S591011,compact_19,500,0.0,1.0,3,rejected
B39/S591011,compact_20,2,0.2837,inf,inf,rejected
B39/S591011,compact_21,2,1.0003,inf,inf,rejected
B39/S591011,compact_22,2,0.3546,inf,inf,rejected
B39/S591011,compact_23,2,0.605,inf,inf,rejected
B39/S591011,compact_24,2,0.667,inf,inf,rejected
B511/S12,single_bit,1,0.0,inf,inf,rejected
B511/S12,pair_0,1,0.0,inf,inf,rejected
B511/S12,pair_1,1,0.0,inf,inf,rejected
B511/S12,pair_2,1,0.0,inf,inf,rejected
B511/S12,pair_3,1,0.0,inf,inf,rejected
B511/S12,pair_4,1,0.0,inf,inf,rejected
B511/S12,pair_5,1,0.0,inf,inf,rejected
B511/S12,pair_6,1,0.0,inf,inf,rejected
B511/S12,pair_7,1,0.0,inf,inf,rejected
B511/S12,pair_8,1,0.0,inf,inf,rejected
B511/S12,pair_9,1,0.0,inf,inf,rejected
B511/S12,pair_10,1,0.0,inf,inf,rejected
B511/S12,pair_11,1,0.0,inf,inf,rejected
B511/S12,tromino_L_0,1,0.0,inf,inf,rejected
B511/S12,tromino_L_1,1,0.0,inf,inf,rejected
B511/S12,tromino_L_2,1,0.0,inf,inf,rejected
B511/S12,tromino_L_3,1,0.0,inf,inf,rejected
B511/S12,tromino_L_4,1,0.0,inf,inf,rejected
B511/S12,tromino_L_5,1,0.0,inf,inf,rejected
B511/S12,tromino_L_6,1,0.0,inf,inf,rejected
B511/S12,tromino_L_7,1,0.0,inf,inf,rejected
B511/S12,compact_0,1,0.0,inf,inf,rejected
B511/S12,compact_1,1,0.0,inf,inf,rejected
B511/S12,compact_2,1,0.0,inf,inf,rejected
B511/S12,compact_3,1,0.0,inf,inf,rejected
B511/S12,compact_4,1,0.0,inf,inf,rejected
B511/S12,compact_5,1,0.0,inf,inf,rejected
B511/S12,compact_6,1,0.0,inf,inf,rejected
B511/S12,compact_7,1,0.0,inf,inf,rejected
B511/S12,compact_8,1,0.0,inf,inf,rejected
B511/S12,compact_9,1,0.0,inf,inf,rejected
B511/S12,compact_10,1,0.0,inf,inf,rejected
B511/S12,compact_11,1,0.0,inf,inf,rejected
B511/S12,compact_12,1,0.0,inf,inf,rejected
B511/S12,compact_13,1,0.0,inf,inf,rejected
B511/S12,compact_14,1,0.0,inf,inf,rejected
B511/S12,compact_15,1,0.0,inf,inf,rejected
B511/S12,compact_16,1,0.0,inf,inf,rejected
B511/S12,compact_17,1,0.0,inf,inf,rejected
B511/S12,compact_18,1,0.0,inf,inf,rejected
B511/S12,compact_19,1,0.0,inf,inf,rejected
B511/S12,compact_20,1,0.0,inf,inf,rejected
B511/S12,compact_21,1,0.0,inf,inf,rejected
B511/S12,compact_22,1,0.0,inf,inf,rejected
B511/S12,compact_23,1,0.0,inf,inf,rejected
B511/S12,compact_24,1,0.0,inf,inf,rejected
B567/S7911,single_bit,1,0.0,inf,inf,rejected
B567/S7911,pair_0,1,0.0,inf,inf,rejected
B567/S7911,pair_1,1,0.0,inf,inf,rejected
B567/S7911,pair_2,1,0.0,inf,inf,rejected
B567/S7911,pair_3,1,0.0,inf,inf,rejected
B567/S7911,pair_4,1,0.0,inf,inf,rejected
B567/S7911,pair_5,1,0.0,inf,inf,rejected
B567/S7911,pair_6,1,0.0,inf,inf,rejected
B567/S7911,pair_7,1,0.0,inf,inf,rejected
B567/S7911,pair_8,1,0.0,inf,inf,rejected
B567/S7911,pair_9,1,0.0,inf,inf,rejected
B567/S7911,pair_10,1,0.0,inf,inf,rejected
B567/S7911,pair_11,1,0.0,inf,inf,rejected
B567/S7911,tromino_L_0,1,0.0,inf,inf,rejected
B567/S7911,tromino_L_1,1,0.0,inf,inf,rejected
B567/S7911,tromino_L_2,1,0.0,inf,inf,rejected
B567/S7911,tromino_L_3,1,0.0,inf,inf,rejected
B567/S7911,tromino_L_4,1,0.0,inf,inf,rejected
B567/S7911,tromino_L_5,1,0.0,inf,inf,rejected
B567/S7911,tromino_L_6,1,0.0,inf,inf,rejected
B567/S7911,tromino_L_7,1,0.0,inf,inf,rejected
B567/S7911,compact_0,1,0.0,inf,inf,rejected
B567/S7911,compact_1,1,0.0,inf,inf,rejected
B567/S7911,compact_2,1,0.0,inf,inf,rejected
B567/S7911,compact_3,1,0.0,inf,inf,rejected
B567/S7911,compact_4,1,0.0,inf,inf,rejected
B567/S7911,compact_5,1,0.0,inf,inf,rejected
B567/S7911,compact_6,1,0.0,inf,inf,rejected
B567/S7911,compact_7,1,0.0,inf,inf,rejected
B567/S7911,compact_8,1,0.0,inf,inf,rejected
B567/S7911,compact_9,1,0.0,inf,inf,rejected
B567/S7911,compact_10,1,0.0,inf,inf,rejected
B567/S7911,compact_11,1,0.0,inf,inf,rejected
B567/S7911,compact_12,1,0.0,inf,inf,rejected
B567/S7911,compact_13,1,0.0,inf,inf,rejected
B567/S7911,compact_14,1,0.0,inf,inf,rejected
B567/S7911,compact_15,1,0.0,inf,inf,rejected
B567/S7911,compact_16,1,0.0,inf,inf,rejected
B567/S7911,compact_17,1,0.0,inf,inf,rejected
B567/S7911,compact_18,1,0.0,inf,inf,rejected
B567/S7911,compact_19,1,0.0,inf,inf,rejected
B567/S7911,compact_20,1,0.0,inf,inf,rejected
B567/S7911,compact_21,1,0.0,inf,inf,rejected
B567/S7911,compact_22,1,0.0,inf,inf,rejected
B567/S7911,compact_23,1,0.0,inf,inf,rejected
B567/S7911,compact_24,1,0.0,inf,inf,rejected
B67/S46810,single_bit,1,0.0,inf,inf,rejected
B67/S46810,pair_0,1,0.0,inf,inf,rejected
B67/S46810,pair_1,1,0.0,inf,inf,rejected
B67/S46810,pair_2,1,0.0,inf,inf,rejected
B67/S46810,pair_3,1,0.0,inf,inf,rejected
B67/S46810,pair_4,1,0.0,inf,inf,rejected
B67/S46810,pair_5,1,0.0,inf,inf,rejected
B67/S46810,pair_6,1,0.0,inf,inf,rejected
B67/S46810,pair_7,1,0.0,inf,inf,rejected
B67/S46810,pair_8,1,0.0,inf,inf,rejected
B67/S46810,pair_9,1,0.0,inf,inf,rejected
B67/S46810,pair_10,1,0.0,inf,inf,rejected
B67/S46810,pair_11,1,0.0,inf,inf,rejected
B67/S46810,tromino_L_0,1,0.0,inf,inf,rejected
B67/S46810,tromino_L_1,1,0.0,inf,inf,rejected
B67/S46810,tromino_L_2,1,0.0,inf,inf,rejected
B67/S46810,tromino_L_3,1,0.0,inf,inf,rejected
B67/S46810,tromino_L_4,1,0.0,inf,inf,rejected
B67/S46810,tromino_L_5,1,0.0,inf,inf,rejected
B67/S46810,tromino_L_6,1,0.0,inf,inf,rejected
B67/S46810,tromino_L_7,1,0.0,inf,inf,rejected
B67/S46810,compact_0,1,0.0,inf,inf,rejected
B67/S46810,compact_1,1,0.0,inf,inf,rejected
B67/S46810,compact_2,1,0.0,inf,inf,rejected
B67/S46810,compact_3,1,0.0,inf,inf,rejected
B67/S46810,compact_4,1,0.0,inf,inf,rejected
B67/S46810,compact_5,1,0.0,inf,inf,rejected
B67/S46810,compact_6,1,0.0,inf,inf,rejected
B67/S46810,compact_7,2,0.4473,inf,inf,rejected
B67/S46810,compact_8,1,0.0,inf,inf,rejected
B67/S46810,compact_9,2,0.167,inf,inf,rejected
B67/S46810,compact_10,1,0.0,inf,inf,rejected
B67/S46810,compact_11,1,0.0,inf,inf,rejected
B67/S46810,compact_12,1,0.0,inf,inf,rejected
B67/S46810,compact_13,2,0.283,inf,inf,rejected
B67/S46810,compact_14,2,0.5267,inf,inf,rejected
B67/S46810,compact_15,1,0.0,inf,inf,rejected
B67/S46810,compact_16,1,0.0,inf,inf,rejected
B67/S46810,compact_17,1,0.0,inf,inf,rejected
B67/S46810,compact_18,1,0.0,inf,inf,rejected
B67/S46810,compact_19,1,0.0,inf,inf,rejected
B67/S46810,compact_20,2,0.2837,inf,inf,rejected
B67/S46810,compact_21,1,0.0,inf,inf,rejected
B67/S46810,compact_22,1,0.0,inf,inf,rejected
B67/S46810,compact_23,1,0.0,inf,inf,rejected
B67/S46810,compact_24,1,0.0,inf,inf,rejected
B4/S5712,single_bit,1,0.0,inf,inf,rejected
B4/S5712,pair_0,1,0.0,inf,inf,rejected
B4/S5712,pair_1,1,0.0,inf,inf,rejected
B4/S5712,pair_2,1,0.0,inf,inf,rejected
B4/S5712,pair_3,1,0.0,inf,inf,rejected
B4/S5712,pair_4,1,0.0,inf,inf,rejected
B4/S5712,pair_5,1,0.0,inf,inf,rejected
B4/S5712,pair_6,1,0.0,inf,inf,rejected
B4/S5712,pair_7,1,0.0,inf,inf,rejected
B4/S5712,pair_8,1,0.0,inf,inf,rejected
B4/S5712,pair_9,1,0.0,inf,inf,rejected
B4/S5712,pair_10,1,0.0,inf,inf,rejected
B4/S5712,pair_11,1,0.0,inf,inf,rejected
B4/S5712,tromino_L_0,1,0.0,inf,inf,rejected
B4/S5712,tromino_L_1,1,0.0,inf,inf,rejected
B4/S5712,tromino_L_2,1,0.0,inf,inf,rejected
B4/S5712,tromino_L_3,1,0.0,inf,inf,rejected
B4/S5712,tromino_L_4,1,0.0,inf,inf,rejected
B4/S5712,tromino_L_5,1,0.0,inf,inf,rejected
B4/S5712,tromino_L_6,1,0.0,inf,inf,rejected
B4/S5712,tromino_L_7,1,0.0,inf,inf,rejected
B4/S5712,compact_0,1,0.0,inf,inf,rejected
B4/S5712,compact_1,1,0.0,inf,inf,rejected
B4/S5712,compact_2,1,0.0,inf,inf,rejected
B4/S5712,compact_3,1,0.0,inf,inf,rejected
B4/S5712,compact_4,2,0.3718,inf,inf,rejected
B4/S5712,compact_5,2,0.936,inf,inf,rejected
B4/S5712,compact_6,1,0.0,inf,inf,rejected
B4/S5712,compact_7,2,1.1834,inf,inf,rejected
B4/S5712,compact_8,1,0.0,inf,inf,rejected
B4/S5712,compact_9,2,0.7816,inf,inf,rejected
B4/S5712,compact_10,1,0.0,inf,inf,rejected
B4/S5712,compact_11,1,0.0,inf,inf,rejected
B4/S5712,compact_12,1,0.0,inf,inf,rejected
B4/S5712,compact_13,2,1.5099,inf,inf,rejected
B4/S5712,compact_14,2,0.6015,inf,inf,rejected
B4/S5712,compact_15,1,0.0,inf,inf,rejected
B4/S5712,compact_16,2,1.001,inf,inf,rejected
B4/S5712,compact_17,1,0.0,inf,inf,rejected
B4/S5712,compact_18,1,0.0,inf,inf,rejected
B4/S5712,compact_19,1,0.0,inf,inf,rejected
B4/S5712,compact_20,1,0.0,inf,inf,rejected
B4/S5712,compact_21,1,0.0,inf,inf,rejected
B4/S5712,compact_22,1,0.0,inf,inf,rejected
B4/S5712,compact_23,2,0.6015,inf,inf,rejected
B4/S5712,compact_24,1,0.0,inf,inf,rejected
B5/S47,single_bit,1,0.0,inf,inf,rejected
B5/S47,pair_0,1,0.0,inf,inf,rejected
B5/S47,pair_1,1,0.0,inf,inf,rejected
B5/S47,pair_2,1,0.0,inf,inf,rejected
B5/S47,pair_3,1,0.0,inf,inf,rejected
B5/S47,pair_4,1,0.0,inf,inf,rejected
B5/S47,pair_5,1,0.0,inf,inf,rejected
B5/S47,pair_6,1,0.0,inf,inf,rejected
B5/S47,pair_7,1,0.0,inf,inf,rejected
B5/S47,pair_8,1,0.0,inf,inf,rejected
B5/S47,pair_9,1,0.0,inf,inf,rejected
B5/S47,pair_10,1,0.0,inf,inf,rejected
B5/S47,pair_11,1,0.0,inf,inf,rejected
B5/S47,tromino_L_0,1,0.0,inf,inf,rejected
B5/S47,tromino_L_1,1,0.0,inf,inf,rejected
B5/S47,tromino_L_2,1,0.0,inf,inf,rejected
B5/S47,tromino_L_3,1,0.0,inf,inf,rejected
B5/S47,tromino_L_4,1,0.0,inf,inf,rejected
B5/S47,tromino_L_5,1,0.0,inf,inf,rejected
B5/S47,tromino_L_6,1,0.0,inf,inf,rejected
B5/S47,tromino_L_7,1,0.0,inf,inf,rejected
B5/S47,compact_0,1,0.0,inf,inf,rejected
B5/S47,compact_1,1,0.0,inf,inf,rejected
B5/S47,compact_2,1,0.0,inf,inf,rejected
B5/S47,compact_3,1,0.0,inf,inf,rejected
B5/S47,compact_4,1,0.0,inf,inf,rejected
B5/S47,compact_5,1,0.0,inf,inf,rejected
B5/S47,compact_6,1,0.0,inf,inf,rejected
B5/S47,compact_7,2,0.4473,inf,inf,rejected
B5/S47,compact_8,1,0.0,inf,inf,rejected
B5/S47,compact_9,2,0.167,inf,inf,rejected
B5/S47,compact_10,1,0.0,inf,inf,rejected
B5/S47,compact_11,1,0.0,inf,inf,rejected
B5/S47,compact_12,1,0.0,inf,inf,rejected
B5/S47,compact_13,2,0.283,inf,inf,rejected
B5/S47,compact_14,2,0.5267,inf,inf,rejected
B5/S47,compact_15,1,0.0,inf,inf,rejected
B5/S47,compact_16,1,0.0,inf,inf,rejected
B5/S47,compact_17,1,0.0,inf,inf,rejected
B5/S47,compact_18,1,0.0,inf,inf,rejected
B5/S47,compact_19,1,0.0,inf,inf,rejected
B5/S47,compact_20,2,0.2837,inf,inf,rejected
B5/S47,compact_21,1,0.0,inf,inf,rejected
B5/S47,compact_22,1,0.0,inf,inf,rejected
B5/S47,compact_23,1,0.0,inf,inf,rejected
B5/S47,compact_24,1,0.0,inf,inf,rejected
B2411/S13468,single_bit,1,0.0,inf,inf,rejected
B2411/S13468,pair_0,500,28.2843,13551.0,40,rejected
B2411/S13468,pair_1,500,28.2843,13551.0,40,rejected
B2411/S13468,pair_2,500,28.2843,13551.0,40,rejected
B2411/S13468,pair_3,500,28.2843,13551.0,40,rejected
B2411/S13468,pair_4,500,28.2843,13551.0,40,rejected
B2411/S13468,pair_5,500,28.2843,13551.0,40,rejected
B2411/S13468,pair_6,500,28.2843,13551.0,40,rejected
B2411/S13468,pair_7,500,28.2843,13551.0,40,rejected
B2411/S13468,pair_8,500,28.2843,13551.0,40,rejected
B2411/S13468,pair_9,500,28.2843,13551.0,40,rejected
B2411/S13468,pair_10,500,28.2843,13551.0,40,rejected
B2411/S13468,pair_11,500,28.2843,13551.0,40,rejected
B2411/S13468,tromino_L_0,500,47.7018,8681.6667,40,rejected
B2411/S13468,tromino_L_1,500,32.0526,8848.0,40,rejected
B2411/S13468,tromino_L_2,500,33.7303,8681.6667,40,rejected
B2411/S13468,tromino_L_3,500,32.0526,8848.0,40,rejected
B2411/S13468,tromino_L_4,500,57.3457,8681.6667,40,rejected
B2411/S13468,tromino_L_5,500,22.8379,8784.3333,40,rejected
B2411/S13468,tromino_L_6,500,37.8106,8848.0,40,rejected
B2411/S13468,tromino_L_7,500,37.8106,8848.0,40,rejected
B2411/S13468,compact_0,500,46.0605,8784.3333,40,rejected
B2411/S13468,compact_1,500,28.2843,6614.0,40,rejected
B2411/S13468,compact_2,500,20.0,8848.3333,40,rejected
B2411/S13468,compact_3,500,0.0,8848.3333,40,rejected
B2411/S13468,compact_4,500,19.0376,4315.3333,40,rejected
B2411/S13468,compact_5,500,64.0224,6467.0,40,rejected
B2411/S13468,compact_6,500,34.641,6614.0,40,rejected
B2411/S13468,compact_7,500,22.8646,5182.6,40,rejected
B2411/S13468,compact_8,500,32.0526,8848.0,40,rejected
B2411/S13468,compact_9,500,37.5057,4330.6667,40,rejected
B2411/S13468,compact_10,500,20.0,6579.0,40,rejected
B2411/S13468,compact_11,500,57.3457,8681.6667,40,rejected
B2411/S13468,compact_12,500,63.5915,6480.75,40,rejected
B2411/S13468,compact_13,500,49.9247,5231.6,40,rejected
B2411/S13468,compact_14,500,48.8149,4308.1667,40,rejected
B2411/S13468,compact_15,500,60.0,6724.5,40,rejected
B2411/S13468,compact_16,500,46.9368,5224.2,40,rejected
B2411/S13468,compact_17,500,57.5327,5187.6,40,rejected
B2411/S13468,compact_18,500,69.4159,6480.75,40,rejected
B2411/S13468,compact_19,500,33.0432,6620.5,40,rejected
B2411/S13468,compact_20,500,45.9345,5216.4,40,rejected
B2411/S13468,compact_21,500,37.8106,8848.0,40,rejected
B2411/S13468,compact_22,500,15.7519,6454.25,40,rejected
B2411/S13468,compact_23,500,50.9147,4334.0,40,rejected
B2411/S13468,compact_24,500,33.7303,8681.6667,40,rejected
B9/S1612,single_bit,1,0.0,inf,inf,rejected
B9/S1612,pair_0,500,0.0,1.0,2,rejected
B9/S1612,pair_1,500,0.0,1.0,2,rejected
B9/S1612,pair_2,500,0.0,1.0,2,rejected
B9/S1612,pair_3,500,0.0,1.0,2,rejected
B9/S1612,pair_4,500,0.0,1.0,2,rejected
B9/S1612,pair_5,500,0.0,1.0,2,rejected
B9/S1612,pair_6,500,0.0,1.0,2,rejected
B9/S1612,pair_7,500,0.0,1.0,2,rejected
B9/S1612,pair_8,500,0.0,1.0,2,rejected
B9/S1612,pair_9,500,0.0,1.0,2,rejected
B9/S1612,pair_10,500,0.0,1.0,2,rejected
B9/S1612,pair_11,500,0.0,1.0,2,rejected
B9/S1612,tromino_L_0,2,0.2361,inf,inf,rejected
B9/S1612,tromino_L_1,1,0.0,inf,inf,rejected
B9/S1612,tromino_L_2,2,0.167,inf,inf,rejected
B9/S1612,tromino_L_3,1,0.0,inf,inf,rejected
B9/S1612,tromino_L_4,2,0.2361,inf,inf,rejected
B9/S1612,tromino_L_5,2,0.167,inf,inf,rejected
B9/S1612,tromino_L_6,1,0.0,inf,inf,rejected
B9/S1612,tromino_L_7,1,0.0,inf,inf,rejected
B9/S1612,compact_0,2,0.167,inf,inf,rejected
B9/S1612,compact_1,1,0.0,inf,inf,rejected
B9/S1612,compact_2,2,0.0,inf,inf,rejected
B9/S1612,compact_3,2,0.0,inf,inf,rejected
B9/S1612,compact_4,2,1.8627,inf,inf,rejected
B9/S1612,compact_5,2,1.5422,inf,inf,rejected
B9/S1612,compact_6,1,0.0,inf,inf,rejected
B9/S1612,compact_7,1,0.0,inf,inf,rejected
B9/S1612,compact_8,1,0.0,inf,inf,rejected
B9/S1612,compact_9,1,0.0,inf,inf,rejected
B9/S1612,compact_10,2,0.0,inf,inf,rejected
B9/S1612,compact_11,2,0.2361,inf,inf,rejected
B9/S1612,compact_12,2,0.4341,inf,inf,rejected
B9/S1612,compact_13,2,1.2957,inf,inf,rejected
B9/S1612,compact_14,1,0.0,inf,inf,rejected
B9/S1612,compact_15,2,0.0,inf,inf,rejected
B9/S1612,compact_16,2,0.3678,inf,inf,rejected
B9/S1612,compact_17,2,0.9482,inf,inf,rejected
B9/S1612,compact_18,2,0.2504,inf,inf,rejected
B9/S1612,compact_19,1,0.0,inf,inf,rejected
B9/S1612,compact_20,2,1.6979,inf,inf,rejected
B9/S1612,compact_21,1,0.0,inf,inf,rejected
B9/S1612,compact_22,2,1.621,inf,inf,rejected
B9/S1612,compact_23,2,1.3966,inf,inf,rejected
B9/S1612,compact_24,2,0.167,inf,inf,rejected
B6/S457,single_bit,1,0.0,inf,inf,rejected
B6/S457,pair_0,1,0.0,inf,inf,rejected
B6/S457,pair_1,1,0.0,inf,inf,rejected
B6/S457,pair_2,1,0.0,inf,inf,rejected
B6/S457,pair_3,1,0.0,inf,inf,rejected
B6/S457,pair_4,1,0.0,inf,inf,rejected
B6/S457,pair_5,1,0.0,inf,inf,rejected
B6/S457,pair_6,1,0.0,inf,inf,rejected
B6/S457,pair_7,1,0.0,inf,inf,rejected
B6/S457,pair_8,1,0.0,inf,inf,rejected
B6/S457,pair_9,1,0.0,inf,inf,rejected
B6/S457,pair_10,1,0.0,inf,inf,rejected
B6/S457,pair_11,1,0.0,inf,inf,rejected
B6/S457,tromino_L_0,1,0.0,inf,inf,rejected
B6/S457,tromino_L_1,1,0.0,inf,inf,rejected
B6/S457,tromino_L_2,1,0.0,inf,inf,rejected
B6/S457,tromino_L_3,1,0.0,inf,inf,rejected
B6/S457,tromino_L_4,1,0.0,inf,inf,rejected
B6/S457,tromino_L_5,1,0.0,inf,inf,rejected
B6/S457,tromino_L_6,1,0.0,inf,inf,rejected
B6/S457,tromino_L_7,1,0.0,inf,inf,rejected
B6/S457,compact_0,1,0.0,inf,inf,rejected
B6/S457,compact_1,1,0.0,inf,inf,rejected
B6/S457,compact_2,1,0.0,inf,inf,rejected
B6/S457,compact_3,1,0.0,inf,inf,rejected
B6/S457,compact_4,1,0.0,inf,inf,rejected
B6/S457,compact_5,1,0.0,inf,inf,rejected
B6/S457,compact_6,1,0.0,inf,inf,rejected
B6/S457,compact_7,2,0.4473,inf,inf,rejected
B6/S457,compact_8,1,0.0,inf,inf,rejected
B6/S457,compact_9,2,0.167,inf,inf,rejected
B6/S457,compact_10,1,0.0,inf,inf,rejected
B6/S457,compact_11,1,0.0,inf,inf,rejected
B6/S457,compact_12,1,0.0,inf,inf,rejected
B6/S457,compact_13,2,0.283,inf,inf,rejected
B6/S457,compact_14,2,0.167,inf,inf,rejected
B6/S457,compact_15,1,0.0,inf,inf,rejected
B6/S457,compact_16,1,0.0,inf,inf,rejected
B6/S457,compact_17,1,0.0,inf,inf,rejected
B6/S457,compact_18,1,0.0,inf,inf,rejected
B6/S457,compact_19,1,0.0,inf,inf,rejected
B6/S457,compact_20,2,0.2837,inf,inf,rejected
B6/S457,compact_21,1,0.0,inf,inf,rejected
B6/S457,compact_22,1,0.0,inf,inf,rejected
B6/S457,compact_23,1,0.0,inf,inf,rejected
B6/S457,compact_24,1,0.0,inf,inf,rejected
B71011/S24101112,single_bit,1,0.0,inf,inf,rejected
B71011/S24101112,pair_0,1,0.0,inf,inf,rejected
B71011/S24101112,pair_1,1,0.0,inf,inf,rejected
B71011/S24101112,pair_2,1,0.0,inf,inf,rejected
B71011/S24101112,pair_3,1,0.0,inf,inf,rejected
B71011/S24101112,pair_4,1,0.0,inf,inf,rejected
B71011/S24101112,pair_5,1,0.0,inf,inf,rejected
B71011/S24101112,pair_6,1,0.0,inf,inf,rejected
B71011/S24101112,pair_7,1,0.0,inf,inf,rejected
B71011/S24101112,pair_8,1,0.0,inf,inf,rejected
B71011/S24101112,pair_9,1,0.0,inf,inf,rejected
B71011/S24101112,pair_10,1,0.0,inf,inf,rejected
B71011/S24101112,pair_11,1,0.0,inf,inf,rejected
B71011/S24101112,tromino_L_0,2,0.471,inf,inf,rejected
B71011/S24101112,tromino_L_1,500,0.0,1.0,2,rejected
B71011/S24101112,tromino_L_2,2,0.333,inf,inf,rejected
B71011/S24101112,tromino_L_3,500,0.0,1.0,2,rejected
B71011/S24101112,tromino_L_4,2,0.471,inf,inf,rejected
B71011/S24101112,tromino_L_5,2,0.333,inf,inf,rejected
B71011/S24101112,tromino_L_6,500,0.0,1.0,2,rejected
B71011/S24101112,tromino_L_7,500,0.0,1.0,2,rejected
B71011/S24101112,compact_0,2,0.333,inf,inf,rejected
B71011/S24101112,compact_1,2,0.0,inf,inf,rejected
B71011/S24101112,compact_2,2,0.0,inf,inf,rejected
B71011/S24101112,compact_3,2,0.0,inf,inf,rejected
B71011/S24101112,compact_4,2,0.3439,inf,inf,rejected
B71011/S24101112,compact_5,2,0.7893,inf,inf,rejected
B71011/S24101112,compact_6,2,0.0,inf,inf,rejected
B71011/S24101112,compact_7,3,0.4473,inf,inf,rejected
B71011/S24101112,compact_8,500,0.0,1.0,2,rejected
B71011/S24101112,compact_9,3,0.167,inf,inf,rejected
B71011/S24101112,compact_10,1,0.0,inf,inf,rejected
B71011/S24101112,compact_11,2,0.471,inf,inf,rejected
B71011/S24101112,compact_12,2,0.4319,inf,inf,rejected
B71011/S24101112,compact_13,3,0.283,inf,inf,rejected
B71011/S24101112,compact_14,3,0.5267,inf,inf,rejected
B71011/S24101112,compact_15,2,0.0,inf,inf,rejected
B71011/S24101112,compact_16,2,1.1838,inf,inf,rejected
B71011/S24101112,compact_17,2,1.6128,inf,inf,rejected
B71011/S24101112,compact_18,2,0.2496,inf,inf,rejected
B71011/S24101112,compact_19,2,0.2496,inf,inf,rejected
B71011/S24101112,compact_20,3,0.2837,inf,inf,rejected
B71011/S24101112,compact_21,500,0.0,1.0,2,rejected
B71011/S24101112,compact_22,2,0.9346,inf,inf,rejected
B71011/S24101112,compact_23,2,0.8325,inf,inf,rejected
B71011/S24101112,compact_24,2,0.333,inf,inf,rejected
B11/S8,single_bit,1,0.0,inf,inf,rejected
B11/S8,pair_0,1,0.0,inf,inf,rejected
B11/S8,pair_1,1,0.0,inf,inf,rejected
B11/S8,pair_2,1,0.0,inf,inf,rejected
B11/S8,pair_3,1,0.0,inf,inf,rejected
B11/S8,pair_4,1,0.0,inf,inf,rejected
B11/S8,pair_5,1,0.0,inf,inf,rejected
B11/S8,pair_6,1,0.0,inf,inf,rejected
B11/S8,pair_7,1,0.0,inf,inf,rejected
B11/S8,pair_8,1,0.0,inf,inf,rejected
B11/S8,pair_9,1,0.0,inf,inf,rejected
B11/S8,pair_10,1,0.0,inf,inf,rejected
B11/S8,pair_11,1,0.0,inf,inf,rejected
B11/S8,tromino_L_0,1,0.0,inf,inf,rejected
B11/S8,tromino_L_1,1,0.0,inf,inf,rejected
B11/S8,tromino_L_2,1,0.0,inf,inf,rejected
B11/S8,tromino_L_3,1,0.0,inf,inf,rejected
B11/S8,tromino_L_4,1,0.0,inf,inf,rejected
B11/S8,tromino_L_5,1,0.0,inf,inf,rejected
B11/S8,tromino_L_6,1,0.0,inf,inf,rejected
B11/S8,tromino_L_7,1,0.0,inf,inf,rejected
B11/S8,compact_0,1,0.0,inf,inf,rejected
B11/S8,compact_1,1,0.0,inf,inf,rejected
B11/S8,compact_2,1,0.0,inf,inf,rejected
B11/S8,compact_3,1,0.0,inf,inf,rejected
B11/S8,compact_4,1,0.0,inf,inf,rejected
B11/S8,compact_5,1,0.0,inf,inf,rejected
B11/S8,compact_6,1,0.0,inf,inf,rejected
B11/S8,compact_7,1,0.0,inf,inf,rejected
B11/S8,compact_8,1,0.0,inf,inf,rejected
B11/S8,compact_9,1,0.0,inf,inf,rejected
B11/S8,compact_10,1,0.0,inf,inf,rejected
B11/S8,compact_11,1,0.0,inf,inf,rejected
B11/S8,compact_12,1,0.0,inf,inf,rejected
B11/S8,compact_13,1,0.0,inf,inf,rejected
B11/S8,compact_14,1,0.0,inf,inf,rejected
B11/S8,compact_15,1,0.0,inf,inf,rejected
B11/S8,compact_16,1,0.0,inf,inf,rejected
B11/S8,compact_17,1,0.0,inf,inf,rejected
B11/S8,compact_18,1,0.0,inf,inf,rejected
B11/S8,compact_19,1,0.0,inf,inf,rejected
B11/S8,compact_20,1,0.0,inf,inf,rejected
B11/S8,compact_21,1,0.0,inf,inf,rejected
B11/S8,compact_22,1,0.0,inf,inf,rejected
B11/S8,compact_23,1,0.0,inf,inf,rejected
B11/S8,compact_24,1,0.0,inf,inf,rejected
B4/S5811,single_bit,1,0.0,inf,inf,rejected
B4/S5811,pair_0,1,0.0,inf,inf,rejected
B4/S5811,pair_1,1,0.0,inf,inf,rejected
B4/S5811,pair_2,1,0.0,inf,inf,rejected
B4/S5811,pair_3,1,0.0,inf,inf,rejected
B4/S5811,pair_4,1,0.0,inf,inf,rejected
B4/S5811,pair_5,1,0.0,inf,inf,rejected
B4/S5811,pair_6,1,0.0,inf,inf,rejected
B4/S5811,pair_7,1,0.0,inf,inf,rejected
B4/S5811,pair_8,1,0.0,inf,inf,rejected
B4/S5811,pair_9,1,0.0,inf,inf,rejected
B4/S5811,pair_10,1,0.0,inf,inf,rejected
B4/S5811,pair_11,1,0.0,inf,inf,rejected
B4/S5811,tromino_L_0,1,0.0,inf,inf,rejected
B4/S5811,tromino_L_1,1,0.0,inf,inf,rejected
B4/S5811,tromino_L_2,1,0.0,inf,inf,rejected
B4/S5811,tromino_L_3,1,0.0,inf,inf,rejected
B4/S5811,tromino_L_4,1,0.0,inf,inf,rejected
B4/S5811,tromino_L_5,1,0.0,inf,inf,rejected
B4/S5811,tromino_L_6,1,0.0,inf,inf,rejected
B4/S5811,tromino_L_7,1,0.0,inf,inf,rejected
B4/S5811,compact_0,1,0.0,inf,inf,rejected
B4/S5811,compact_1,1,0.0,inf,inf,rejected
B4/S5811,compact_2,1,0.0,inf,inf,rejected
B4/S5811,compact_3,1,0.0,inf,inf,rejected
B4/S5811,compact_4,2,0.3718,inf,inf,rejected
B4/S5811,compact_5,2,0.936,inf,inf,rejected
B4/S5811,compact_6,1,0.0,inf,inf,rejected
B4/S5811,compact_7,2,1.1834,inf,inf,rejected
B4/S5811,compact_8,1,0.0,inf,inf,rejected
B4/S5811,compact_9,2,0.7816,inf,inf,rejected
B4/S5811,compact_10,1,0.0,inf,inf,rejected
B4/S5811,compact_11,1,0.0,inf,inf,rejected
B4/S5811,compact_12,1,0.0,inf,inf,rejected
B4/S5811,compact_13,2,1.5099,inf,inf,rejected
B4/S5811,compact_14,2,0.6015,inf,inf,rejected
B4/S5811,compact_15,1,0.0,inf,inf,rejected
B4/S5811,compact_16,2,1.001,inf,inf,rejected
B4/S5811,compact_17,1,0.0,inf,inf,rejected
B4/S5811,compact_18,1,0.0,inf,inf,rejected
B4/S5811,compact_19,1,0.0,inf,inf,rejected
B4/S5811,compact_20,1,0.0,inf,inf,rejected
B4/S5811,compact_21,1,0.0,inf,inf,rejected
B4/S5811,compact_22,1,0.0,inf,inf,rejected
B4/S5811,compact_23,2,0.6015,inf,inf,rejected
B4/S5811,compact_24,1,0.0,inf,inf,rejected
B7/S6,single_bit,1,0.0,inf,inf,rejected
B7/S6,pair_0,1,0.0,inf,inf,rejected
B7/S6,pair_1,1,0.0,inf,inf,rejected
B7/S6,pair_2,1,0.0,inf,inf,rejected
B7/S6,pair_3,1,0.0,inf,inf,rejected
B7/S6,pair_4,1,0.0,inf,inf,rejected
B7/S6,pair_5,1,0.0,inf,inf,rejected
B7/S6,pair_6,1,0.0,inf,inf,rejected
B7/S6,pair_7,1,0.0,inf,inf,rejected
B7/S6,pair_8,1,0.0,inf,inf,rejected
B7/S6,pair_9,1,0.0,inf,inf,rejected
B7/S6,pair_10,1,0.0,inf,inf,rejected
B7/S6,pair_11,1,0.0,inf,inf,rejected
B7/S6,tromino_L_0,1,0.0,inf,inf,rejected
B7/S6,tromino_L_1,1,0.0,inf,inf,rejected
B7/S6,tromino_L_2,1,0.0,inf,inf,rejected
B7/S6,tromino_L_3,1,0.0,inf,inf,rejected
B7/S6,tromino_L_4,1,0.0,inf,inf,rejected
B7/S6,tromino_L_5,1,0.0,inf,inf,rejected
B7/S6,tromino_L_6,1,0.0,inf,inf,rejected
B7/S6,tromino_L_7,1,0.0,inf,inf,rejected
B7/S6,compact_0,1,0.0,inf,inf,rejected
B7/S6,compact_1,1,0.0,inf,inf,rejected
B7/S6,compact_2,1,0.0,inf,inf,rejected
B7/S6,compact_3,1,0.0,inf,inf,rejected
B7/S6,compact_4,1,0.0,inf,inf,rejected
B7/S6,compact_5,1,0.0,inf,inf,rejected
B7/S6,compact_6,1,0.0,inf,inf,rejected
B7/S6,compact_7,1,0.0,inf,inf,rejected
B7/S6,compact_8,1,0.0,inf,inf,rejected
B7/S6,compact_9,1,0.0,inf,inf,rejected
B7/S6,compact_10,1,0.0,inf,inf,rejected
B7/S6,compact_11,1,0.0,inf,inf,rejected
B7/S6,compact_12,1,0.0,inf,inf,rejected
B7/S6,compact_13,1,0.0,inf,inf,rejected
B7/S6,compact_14,1,0.0,inf,inf,rejected
B7/S6,compact_15,1,0.0,inf,inf,rejected
B7/S6,compact_16,1,0.0,inf,inf,rejected
B7/S6,compact_17,1,0.0,inf,inf,rejected
B7/S6,compact_18,1,0.0,inf,inf,rejected
B7/S6,compact_19,1,0.0,inf,inf,rejected
B7/S6,compact_20,1,0.0,inf,inf,rejected
B7/S6,compact_21,1,0.0,inf,inf,rejected
B7/S6,compact_22,1,0.0,inf,inf,rejected
B7/S6,compact_23,1,0.0,inf,inf,rejected
B7/S6,compact_24,1,0.0,inf,inf,rejected
B7810/S168,single_bit,1,0.0,inf,inf,rejected
B7810/S168,pair_0,500,0.0,1.0,2,rejected
B7810/S168,pair_1,500,0.0,1.0,2,rejected
B7810/S168,pair_2,500,0.0,1.0,2,rejected
B7810/S168,pair_3,500,0.0,1.0,2,rejected
B7810/S168,pair_4,500,0.0,1.0,2,rejected
B7810/S168,pair_5,500,0.0,1.0,2,rejected
B7810/S168,pair_6,500,0.0,1.0,2,rejected
B7810/S168,pair_7,500,0.0,1.0,2,rejected
B7810/S168,pair_8,500,0.0,1.0,2,rejected
B7810/S168,pair_9,500,0.0,1.0,2,rejected
B7810/S168,pair_10,500,0.0,1.0,2,rejected
B7810/S168,pair_11,500,0.0,1.0,2,rejected
B7810/S168,tromino_L_0,2,0.2361,inf,inf,rejected
B7810/S168,tromino_L_1,1,0.0,inf,inf,rejected
B7810/S168,tromino_L_2,2,0.167,inf,inf,rejected
B7810/S168,tromino_L_3,1,0.0,inf,inf,rejected
B7810/S168,tromino_L_4,2,0.2361,inf,inf,rejected
B7810/S168,tromino_L_5,2,0.167,inf,inf,rejected
B7810/S168,tromino_L_6,1,0.0,inf,inf,rejected
B7810/S168,tromino_L_7,1,0.0,inf,inf,rejected
B7810/S168,compact_0,2,0.167,inf,inf,rejected
B7810/S168,compact_1,1,0.0,inf,inf,rejected
B7810/S168,compact_2,2,0.0,inf,inf,rejected
B7810/S168,compact_3,2,0.0,inf,inf,rejected
B7810/S168,compact_4,2,1.8627,inf,inf,rejected
B7810/S168,compact_5,2,1.5422,inf,inf,rejected
B7810/S168,compact_6,1,0.0,inf,inf,rejected
B7810/S168,compact_7,1,0.0,inf,inf,rejected
B7810/S168,compact_8,1,0.0,inf,inf,rejected
B7810/S168,compact_9,1,0.0,inf,inf,rejected
B7810/S168,compact_10,2,0.0,inf,inf,rejected
B7810/S168,compact_11,2,0.2361,inf,inf,rejected
B7810/S168,compact_12,2,0.4341,inf,inf,rejected
B7810/S168,compact_13,2,1.2957,inf,inf,rejected
B7810/S168,compact_14,1,0.0,inf,inf,rejected
B7810/S168,compact_15,2,0.0,inf,inf,rejected
B7810/S168,compact_16,2,0.3678,inf,inf,rejected
B7810/S168,compact_17,2,0.9482,inf,inf,rejected
B7810/S168,compact_18,2,0.2504,inf,inf,rejected
B7810/S168,compact_19,1,0.0,inf,inf,rejected
B7810/S168,compact_20,2,1.6979,inf,inf,rejected
B7810/S168,compact_21,1,0.0,inf,inf,rejected
B7810/S168,compact_22,2,1.621,inf,inf,rejected
B7810/S168,compact_23,2,1.3966,inf,inf,rejected
B7810/S168,compact_24,2,0.167,inf,inf,rejected
B28/S1235712,single_bit,1,0.0,inf,inf,rejected
B28/S1235712,pair_0,500,20.0,10085.0,40,rejected
B28/S1235712,pair_1,500,20.0,10085.0,40,rejected
B28/S1235712,pair_2,500,20.0,10085.0,40,rejected
B28/S1235712,pair_3,500,20.0,10085.0,40,rejected
B28/S1235712,pair_4,500,0.0,10085.0,40,rejected
B28/S1235712,pair_5,500,0.0,10085.0,40,rejected
B28/S1235712,pair_6,500,60.0,10085.0,40,rejected
B28/S1235712,pair_7,500,63.2456,10085.0,40,rejected
B28/S1235712,pair_8,500,63.2456,10085.0,40,rejected
B28/S1235712,pair_9,500,20.0,10085.0,40,rejected
B28/S1235712,pair_10,500,28.2843,10085.0,40,rejected
B28/S1235712,pair_11,500,28.2843,10085.0,40,rejected
B28/S1235712,tromino_L_0,500,29.9552,6667.3333,40,rejected
B28/S1235712,tromino_L_1,500,24.3467,6686.0,40,rejected
B28/S1235712,tromino_L_2,500,29.1317,6667.3333,40,rejected
B28/S1235712,tromino_L_3,500,24.3467,6686.0,40,rejected
B28/S1235712,tromino_L_4,500,34.2298,6667.3333,40,rejected
B28/S1235712,tromino_L_5,500,20.0481,6689.3333,40,rejected
B28/S1235712,tromino_L_6,500,28.0405,6686.0,40,rejected
B28/S1235712,tromino_L_7,500,28.0405,6686.0,40,rejected
B28/S1235712,compact_0,500,20.0481,6689.3333,40,rejected
B28/S1235712,compact_1,500,0.0,4965.0,40,rejected
B28/S1235712,compact_2,500,40.0,6647.3333,40,rejected
B28/S1235712,compact_3,500,0.0,6647.3333,40,rejected
B28/S1235712,compact_4,500,20.4655,3329.0,40,rejected
B28/S1235712,compact_5,500,45.0701,4985.25,40,rejected
B28/S1235712,compact_6,500,0.0,4965.0,40,rejected
B28/S1235712,compact_7,500,50.4517,3990.8,40,rejected
B28/S1235712,compact_8,500,24.3467,6686.0,40,rejected
B28/S1235712,compact_9,500,45.6894,3332.3333,40,rejected
B28/S1235712,compact_10,500,28.2843,4991.25,40,rejected
B28/S1235712,compact_11,500,34.2298,6667.3333,40,rejected
B28/S1235712,compact_12,500,39.1762,5003.25,40,rejected
B28/S1235712,compact_13,500,48.9479,3994.6,40,rejected
B28/S1235712,compact_14,500,45.2687,3337.6667,40,rejected
B28/S1235712,compact_15,500,28.2843,4996.0,40,rejected
B28/S1235712,compact_16,500,27.1753,3993.8,40,rejected
B28/S1235712,compact_17,500,18.9722,3998.4,40,rejected
B28/S1235712,compact_18,500,54.46,5003.25,40,rejected
B28/S1235712,compact_19,500,46.2059,5010.0,40,rejected
B28/S1235712,compact_20,500,4.6856,3997.6,40,rejected
B28/S1235712,compact_21,500,28.0405,6686.0,40,rejected
B28/S1235712,compact_22,500,42.2318,4988.0,40,rejected
B28/S1235712,compact_23,500,46.3943,3328.1667,40,rejected
B28/S1235712,compact_24,500,29.1317,6667.3333,40,rejected
B10/S28,single_bit,1,0.0,inf,inf,rejected
B10/S28,pair_0,1,0.0,inf,inf,rejected
B10/S28,pair_1,1,0.0,inf,inf,rejected
B10/S28,pair_2,1,0.0,inf,inf,rejected
B10/S28,pair_3,1,0.0,inf,inf,rejected
B10/S28,pair_4,1,0.0,inf,inf,rejected
B10/S28,pair_5,1,0.0,inf,inf,rejected
B10/S28,pair_6,1,0.0,inf,inf,rejected
B10/S28,pair_7,1,0.0,inf,inf,rejected
B10/S28,pair_8,1,0.0,inf,inf,rejected
B10/S28,pair_9,1,0.0,inf,inf,rejected
B10/S28,pair_10,1,0.0,inf,inf,rejected
B10/S28,pair_11,1,0.0,inf,inf,rejected
B10/S28,tromino_L_0,2,0.471,inf,inf,rejected
B10/S28,tromino_L_1,500,0.0,1.0,2,rejected
B10/S28,tromino_L_2,2,0.333,inf,inf,rejected
B10/S28,tromino_L_3,500,0.0,1.0,2,rejected
B10/S28,tromino_L_4,2,0.471,inf,inf,rejected
B10/S28,tromino_L_5,2,0.333,inf,inf,rejected
B10/S28,tromino_L_6,500,0.0,1.0,2,rejected
B10/S28,tromino_L_7,500,0.0,1.0,2,rejected
B10/S28,compact_0,2,0.333,inf,inf,rejected
B10/S28,compact_1,2,0.0,inf,inf,rejected
B10/S28,compact_2,2,0.0,inf,inf,rejected
B10/S28,compact_3,2,0.0,inf,inf,rejected
B10/S28,compact_4,2,0.3439,inf,inf,rejected
B10/S28,compact_5,2,0.7893,inf,inf,rejected
B10/S28,compact_6,2,0.0,inf,inf,rejected
B10/S28,compact_7,2,0.548,inf,inf,rejected
B10/S28,compact_8,500,0.0,1.0,2,rejected
B10/S28,compact_9,2,0.333,inf,inf,rejected
B10/S28,compact_10,1,0.0,inf,inf,rejected
B10/S28,compact_11,2,0.471,inf,inf,rejected
B10/S28,compact_12,2,0.4319,inf,inf,rejected
B10/S28,compact_13,2,0.5745,inf,inf,rejected
B10/S28,compact_14,2,0.6015,inf,inf,rejected
B10/S28,compact_15,2,0.0,inf,inf,rejected
B10/S28,compact_16,2,1.1838,inf,inf,rejected
B10/S28,compact_17,2,1.6128,inf,inf,rejected
B10/S28,compact_18,2,0.2496,inf,inf,rejected
B10/S28,compact_19,2,0.2496,inf,inf,rejected
B10/S28,compact_20,2,0.4234,inf,inf,rejected
B10/S28,compact_21,500,0.0,1.0,2,rejected
B10/S28,compact_22,2,0.9346,inf,inf,rejected
B10/S28,compact_23,2,0.8325,inf,inf,rejected
B10/S28,compact_24,2,0.333,inf,inf,rejected
B1211/S1411,single_bit,500,40.0,29892.0,40,rejected
B1211/S1411,pair_0,500,48.9898,15042.0,40,rejected
B1211/S1411,pair_1,500,48.9898,15042.0,40,rejected
B1211/S1411,pair_2,500,48.9898,15042.0,40,rejected
B1211/S1411,pair_3,500,48.9898,15042.0,40,rejected
B1211/S1411,pair_4,500,48.9898,15042.0,40,rejected
B1211/S1411,pair_5,500,48.9898,15042.0,40,rejected
B1211/S1411,pair_6,500,28.2843,15042.0,40,rejected
B1211/S1411,pair_7,500,28.2843,15042.0,40,rejected
B1211/S1411,pair_8,500,28.2843,15042.0,40,rejected
B1211/S1411,pair_9,500,28.2843,15042.0,40,rejected
B1211/S1411,pair_10,500,28.2843,15042.0,40,rejected
B1211/S1411,pair_11,500,28.2843,15042.0,40,rejected
B1211/S1411,tromino_L_0,500,43.7906,10080.0,40,rejected
B1211/S1411,tromino_L_1,500,81.8164,9261.0,40,rejected
B1211/S1411,tromino_L_2,500,34.0413,10080.0,40,rejected
B1211/S1411,tromino_L_3,500,81.8164,9261.0,40,rejected
B1211/S1411,tromino_L_4,500,53.9878,10080.0,40,rejected
B1211/S1411,tromino_L_5,500,40.5215,9912.6667,40,rejected
B1211/S1411,tromino_L_6,500,78.0447,9261.0,40,rejected
B1211/S1411,tromino_L_7,500,78.0447,9261.0,40,rejected
B1211/S1411,compact_0,500,40.5215,9912.6667,40,rejected
B1211/S1411,compact_1,500,28.2843,7543.0,40,rejected
B1211/S1411,compact_2,500,34.641,9721.6667,40,rejected
B1211/S1411,compact_3,500,34.641,9721.6667,40,rejected
B1211/S1411,compact_4,500,40.389,4978.8333,40,rejected
B1211/S1411,compact_5,500,62.1002,6888.75,40,rejected
B1211/S1411,compact_6,500,34.641,7543.0,40,rejected
B1211/S1411,compact_7,500,62.4077,5941.0,40,rejected
B1211/S1411,compact_8,500,81.8164,9261.0,40,rejected
B1211/S1411,compact_9,500,55.4896,4984.1667,40,rejected
B1211/S1411,compact_10,500,34.641,7779.0,40,rejected
B1211/S1411,compact_11,500,53.9878,10080.0,40,rejected
B1211/S1411,compact_12,500,48.1868,7450.5,40,rejected
B1211/S1411,compact_13,500,43.5038,6015.6,40,rejected
B1211/S1411,compact_14,500,25.7035,4993.0,40,rejected
B1211/S1411,compact_15,500,66.3325,7469.0,40,rejected
B1211/S1411,compact_16,500,39.8986,6040.4,40,rejected
B1211/S1411,compact_17,500,50.0299,5995.0,40,rejected
B1211/S1411,compact_18,500,39.1378,7450.5,40,rejected
B1211/S1411,compact_19,500,36.8101,7488.5,40,rejected
B1211/S1411,compact_20,500,49.0115,6085.8,40,rejected
B1211/S1411,compact_21,500,78.0447,9261.0,40,rejected
B1211/S1411,compact_22,500,20.6999,7486.75,40,rejected
B1211/S1411,compact_23,500,33.1343,3907.5,40,rejected
B1211/S1411,compact_24,500,34.0413,10080.0,40,rejected
B411/S4,single_bit,1,0.0,inf,inf,rejected
B411/S4,pair_0,1,0.0,inf,inf,rejected
B411/S4,pair_1,1,0.0,inf,inf,rejected
B411/S4,pair_2,1,0.0,inf,inf,rejected
B411/S4,pair_3,1,0.0,inf,inf,rejected
B411/S4,pair_4,1,0.0,inf,inf,rejected
B411/S4,pair_5,1,0.0,inf,inf,rejected
B411/S4,pair_6,1,0.0,inf,inf,rejected
B411/S4,pair_7,1,0.0,inf,inf,rejected
B411/S4,pair_8,1,0.0,inf,inf,rejected
B411/S4,pair_9,1,0.0,inf,inf,rejected
B411/S4,pair_10,1,0.0,inf,inf,rejected
B411/S4,pair_11,1,0.0,inf,inf,rejected
B411/S4,tromino_L_0,1,0.0,inf,inf,rejected
B411/S4,tromino_L_1,1,0.0,inf,inf,rejected
B411/S4,tromino_L_2,1,0.0,inf,inf,rejected
B411/S4,tromino_L_3,1,0.0,inf,inf,rejected
B411/S4,tromino_L_4,1,0.0,inf,inf,rejected
B411/S4,tromino_L_5,1,0.0,inf,inf,rejected
B411/S4,tromino_L_6,1,0.0,inf,inf,rejected
B411/S4,tromino_L_7,1,0.0,inf,inf,rejected
B411/S4,compact_0,1,0.0,inf,inf,rejected
B411/S4,compact_1,1,0.0,inf,inf,rejected
B411/S4,compact_2,1,0.0,inf,inf,rejected
B411/S4,compact_3,1,0.0,inf,inf,rejected
B411/S4,compact_4,2,0.3718,inf,inf,rejected
B411/S4,compact_5,2,0.936,inf,inf,rejected
B411/S4,compact_6,1,0.0,inf,inf,rejected
B411/S4,compact_7,2,0.548,inf,inf,rejected
B411/S4,compact_8,1,0.0,inf,inf,rejected
B411/S4,compact_9,2,0.2361,inf,inf,rejected
B411/S4,compact_10,1,0.0,inf,inf,rejected
B411/S4,compact_11,1,0.0,inf,inf,rejected
B411/S4,compact_12,1,0.0,inf,inf,rejected
B411/S4,compact_13,2,0.6557,inf,inf,rejected
B411/S4,compact_14,2,0.6008,inf,inf,rejected
B411/S4,compact_15,1,0.0,inf,inf,rejected
B411/S4,compact_16,2,1.001,inf,inf,rejected
B411/S4,compact_17,1,0.0,inf,inf,rejected
B411/S4,compact_18,1,0.0,inf,inf,rejected
B411/S4,compact_19,1,0.0,inf,inf,rejected
B411/S4,compact_20,2,0.2837,inf,inf,rejected
B411/S4,compact_21,1,0.0,inf,inf,rejected
B411/S4,compact_22,1,0.0,inf,inf,rejected
B411/S4,compact_23,2,0.6015,inf,inf,rejected
B411/S4,compact_24,1,0.0,inf,inf,rejected
B7/S211,single_bit,1,0.0,inf,inf,rejected
B7/S211,pair_0,1,0.0,inf,inf,rejected
B7/S211,pair_1,1,0.0,inf,inf,rejected
B7/S211,pair_2,1,0.0,inf,inf,rejected
B7/S211,pair_3,1,0.0,inf,inf,rejected
B7/S211,pair_4,1,0.0,inf,inf,rejected
B7/S211,pair_5,1,0.0,inf,inf,rejected
B7/S211,pair_6,1,0.0,inf,inf,rejected
B7/S211,pair_7,1,0.0,inf,inf,rejected
B7/S211,pair_8,1,0.0,inf,inf,rejected
B7/S211,pair_9,1,0.0,inf,inf,rejected
B7/S211,pair_10,1,0.0,inf,inf,rejected
B7/S211,pair_11,1,0.0,inf,inf,rejected
B7/S211,tromino_L_0,2,0.471,inf,inf,rejected
B7/S211,tromino_L_1,500,0.0,1.0,2,rejected
B7/S211,tromino_L_2,2,0.333,inf,inf,rejected
B7/S211,tromino_L_3,500,0.0,1.0,2,rejected
B7/S211,tromino_L_4,2,0.471,inf,inf,rejected
B7/S211,tromino_L_5,2,0.333,inf,inf,rejected
B7/S211,tromino_L_6,500,0.0,1.0,2,rejected
B7/S211,tromino_L_7,500,0.0,1.0,2,rejected
B7/S211,compact_0,2,0.333,inf,inf,rejected
B7/S211,compact_1,2,0.0,inf,inf,rejected
B7/S211,compact_2,2,0.0,inf,inf,rejected
B7/S211,compact_3,2,0.0,inf,inf,rejected
B7/S211,compact_4,2,0.3439,inf,inf,rejected
B7/S211,compact_5,2,0.7893,inf,inf,rejected
B7/S211,compact_6,2,0.0,inf,inf,rejected
B7/S211,compact_7,2,0.548,inf,inf,rejected
B7/S211,compact_8,500,0.0,1.0,2,rejected
B7/S211,compact_9,2,0.333,inf,inf,rejected
B7/S211,compact_10,1,0.0,inf,inf,rejected
B7/S211,compact_11,2,0.471,inf,inf,rejected
B7/S211,compact_12,2,0.4319,inf,inf,rejected
B7/S211,compact_13,2,0.5745,inf,inf,rejected
B7/S211,compact_14,2,0.6015,inf,inf,rejected
B7/S211,compact_15,2,0.0,inf,inf,rejected
B7/S211,compact_16,2,1.1838,inf,inf,rejected
B7/S211,compact_17,2,1.6128,inf,inf,rejected
B7/S211,compact_18,2,0.2496,inf,inf,rejected
B7/S211,compact_19,2,0.2496,inf,inf,rejected
B7/S211,compact_20,2,0.4234,inf,inf,rejected
B7/S211,compact_21,500,0.0,1.0,2,rejected
B7/S211,compact_22,2,0.9346,inf,inf,rejected
B7/S211,compact_23,2,0.8325,inf,inf,rejected
B7/S211,compact_24,2,0.333,inf,inf,rejected
B4/S411,single_bit,1,0.0,inf,inf,rejected
B4/S411,pair_0,1,0.0,inf,inf,rejected
B4/S411,pair_1,1,0.0,inf,inf,rejected
B4/S411,pair_2,1,0.0,inf,inf,rejected
B4/S411,pair_3,1,0.0,inf,inf,rejected
B4/S411,pair_4,1,0.0,inf,inf,rejected
B4/S411,pair_5,1,0.0,inf,inf,rejected
B4/S411,pair_6,1,0.0,inf,inf,rejected
B4/S411,pair_7,1,0.0,inf,inf,rejected
B4/S411,pair_8,1,0.0,inf,inf,rejected
B4/S411,pair_9,1,0.0,inf,inf,rejected
B4/S411,pair_10,1,0.0,inf,inf,rejected
B4/S411,pair_11,1,0.0,inf,inf,rejected
B4/S411,tromino_L_0,1,0.0,inf,inf,rejected
B4/S411,tromino_L_1,1,0.0,inf,inf,rejected
B4/S411,tromino_L_2,1,0.0,inf,inf,rejected
B4/S411,tromino_L_3,1,0.0,inf,inf,rejected
B4/S411,tromino_L_4,1,0.0,inf,inf,rejected
B4/S411,tromino_L_5,1,0.0,inf,inf,rejected
B4/S411,tromino_L_6,1,0.0,inf,inf,rejected
B4/S411,tromino_L_7,1,0.0,inf,inf,rejected
B4/S411,compact_0,1,0.0,inf,inf,rejected
B4/S411,compact_1,1,0.0,inf,inf,rejected
B4/S411,compact_2,1,0.0,inf,inf,rejected
B4/S411,compact_3,1,0.0,inf,inf,rejected
B4/S411,compact_4,2,0.3718,inf,inf,rejected
B4/S411,compact_5,2,0.936,inf,inf,rejected
B4/S411,compact_6,1,0.0,inf,inf,rejected
B4/S411,compact_7,2,0.548,inf,inf,rejected
B4/S411,compact_8,1,0.0,inf,inf,rejected
B4/S411,compact_9,2,0.2361,inf,inf,rejected
B4/S411,compact_10,1,0.0,inf,inf,rejected
B4/S411,compact_11,1,0.0,inf,inf,rejected
B4/S411,compact_12,1,0.0,inf,inf,rejected
B4/S411,compact_13,2,0.6557,inf,inf,rejected
B4/S411,compact_14,2,0.6008,inf,inf,rejected
B4/S411,compact_15,1,0.0,inf,inf,rejected
B4/S411,compact_16,2,1.001,inf,inf,rejected
B4/S411,compact_17,1,0.0,inf,inf,rejected
B4/S411,compact_18,1,0.0,inf,inf,rejected
B4/S411,compact_19,1,0.0,inf,inf,rejected
B4/S411,compact_20,2,0.2837,inf,inf,rejected
B4/S411,compact_21,1,0.0,inf,inf,rejected
B4/S411,compact_22,1,0.0,inf,inf,rejected
B4/S411,compact_23,2,0.6015,inf,inf,rejected
B4/S411,compact_24,1,0.0,inf,inf,rejected
B710/S171012,single_bit,1,0.0,inf,inf,rejected
B710/S171012,pair_0,500,0.0,1.0,2,rejected
B710/S171012,pair_1,500,0.0,1.0,2,rejected
B710/S171012,pair_2,500,0.0,1.0,2,rejected
B710/S171012,pair_3,500,0.0,1.0,2,rejected
B710/S171012,pair_4,500,0.0,1.0,2,rejected
B710/S171012,pair_5,500,0.0,1.0,2,rejected
B710/S171012,pair_6,500,0.0,1.0,2,rejected
B710/S171012,pair_7,500,0.0,1.0,2,rejected
B710/S171012,pair_8,500,0.0,1.0,2,rejected
B710/S171012,pair_9,500,0.0,1.0,2,rejected
B710/S171012,pair_10,500,0.0,1.0,2,rejected
B710/S171012,pair_11,500,0.0,1.0,2,rejected
B710/S171012,tromino_L_0,2,0.2361,inf,inf,rejected
B710/S171012,tromino_L_1,1,0.0,inf,inf,rejected
B710/S171012,tromino_L_2,2,0.167,inf,inf,rejected
B710/S171012,tromino_L_3,1,0.0,inf,inf,rejected
B710/S171012,tromino_L_4,2,0.2361,inf,inf,rejected
B710/S171012,tromino_L_5,2,0.167,inf,inf,rejected
B710/S171012,tromino_L_6,1,0.0,inf,inf,rejected
B710/S171012,tromino_L_7,1,0.0,inf,inf,rejected
B710/S171012,compact_0,2,0.167,inf,inf,rejected
B710/S171012,compact_1,1,0.0,inf,inf,rejected
B710/S171012,compact_2,2,0.0,inf,inf,rejected
B710/S171012,compact_3,2,0.0,inf,inf,rejected
B710/S171012,compact_4,2,1.8627,inf,inf,rejected
B710/S171012,compact_5,2,1.5422,inf,inf,rejected
B710/S171012,compact_6,1,0.0,inf,inf,rejected
B710/S171012,compact_7,1,0.0,inf,inf,rejected
B710/S171012,compact_8,1,0.0,inf,inf,rejected
B710/S171012,compact_9,1,0.0,inf,inf,rejected
B710/S171012,compact_10,2,0.0,inf,inf,rejected
B710/S171012,compact_11,2,0.2361,inf,inf,rejected
B710/S171012,compact_12,2,0.4341,inf,inf,rejected
B710/S171012,compact_13,2,1.2957,inf,inf,rejected
B710/S171012,compact_14,1,0.0,inf,inf,rejected
B710/S171012,compact_15,2,0.0,inf,inf,rejected
B710/S171012,compact_16,2,0.3678,inf,inf,rejected
B710/S171012,compact_17,2,0.9482,inf,inf,rejected
B710/S171012,compact_18,2,0.2504,inf,inf,rejected
B710/S171012,compact_19,1,0.0,inf,inf,rejected
B710/S171012,compact_20,2,1.6979,inf,inf,rejected
B710/S171012,compact_21,1,0.0,inf,inf,rejected
B710/S171012,compact_22,2,1.621,inf,inf,rejected
B710/S171012,compact_23,2,1.3966,inf,inf,rejected
B710/S171012,compact_24,2,0.167,inf,inf,rejected
B6/S128,single_bit,1,0.0,inf,inf,rejected
B6/S128,pair_0,500,0.0,1.0,2,rejected
B6/S128,pair_1,500,0.0,1.0,2,rejected
B6/S128,pair_2,500,0.0,1.0,2,rejected
B6/S128,pair_3,500,0.0,1.0,2,rejected
B6/S128,pair_4,500,0.0,1.0,2,rejected
B6/S128,pair_5,500,0.0,1.0,2,rejected
B6/S128,pair_6,500,0.0,1.0,2,rejected
B6/S128,pair_7,500,0.0,1.0,2,rejected
B6/S128,pair_8,500,0.0,1.0,2,rejected
B6/S128,pair_9,500,0.0,1.0,2,rejected
B6/S128,pair_10,500,0.0,1.0,2,rejected
B6/S128,pair_11,500,0.0,1.0,2,rejected
B6/S128,tromino_L_0,500,0.0,1.0,2,rejected
B6/S128,tromino_L_1,500,0.0,1.0,2,rejected
B6/S128,tromino_L_2,500,0.0,1.0,3,rejected
B6/S128,tromino_L_3,500,0.0,1.0,2,rejected
B6/S128,tromino_L_4,500,0.0,1.0,3,rejected
B6/S128,tromino_L_5,500,0.0,1.0,3,rejected
B6/S128,tromino_L_6,500,0.0,1.0,2,rejected
B6/S128,tromino_L_7,500,0.0,1.0,2,rejected
B6/S128,compact_0,500,0.0,1.0,3,rejected
B6/S128,compact_1,2,0.0,inf,inf,rejected
B6/S128,compact_2,500,0.0,1.0,3,rejected
B6/S128,compact_3,500,0.0,1.0,3,rejected
B6/S128,compact_4,500,0.1396,0.8333,4,rejected
B6/S128,compact_5,500,0.7893,0.5,2,rejected
B6/S128,compact_6,2,0.0,inf,inf,rejected
B6/S128,compact_7,2,0.548,inf,inf,rejected
B6/S128,compact_8,500,0.0,1.0,2,rejected
B6/S128,compact_9,2,0.333,inf,inf,rejected
B6/S128,compact_10,2,0.0,inf,inf,rejected
B6/S128,compact_11,500,0.0,1.0,3,rejected
B6/S128,compact_12,500,0.0,1.0,3,rejected
B6/S128,compact_13,2,0.2411,inf,inf,rejected
B6/S128,compact_14,2,0.6015,inf,inf,rejected
B6/S128,compact_15,500,0.0,1.0,4,rejected
B6/S128,compact_16,500,1.5175,0.4,2,rejected
B6/S128,compact_17,2,0.1508,inf,inf,rejected
B6/S128,compact_18,500,0.0,1.0,4,rejected
B6/S128,compact_19,2,0.2496,inf,inf,rejected
B6/S128,compact_20,2,0.2837,inf,inf,rejected
B6/S128,compact_21,500,0.0,1.0,2,rejected
B6/S128,compact_22,500,0.9346,0.5,2,rejected
B6/S128,compact_23,500,1.8138,0.3333,2,rejected
B6/S128,compact_24,500,0.0,1.0,3,rejected
B1210/S56710,single_bit,500,20.0,24048.0,40,rejected
B1210/S56710,pair_0,500,20.0,11140.0,40,rejected
B1210/S56710,pair_1,500,20.0,11140.0,40,rejected
B1210/S56710,pair_2,500,20.0,11140.0,40,rejected
B1210/S56710,pair_3,500,20.0,11140.0,40,rejected
B1210/S56710,pair_4,500,28.2843,11140.0,40,rejected
B1210/S56710,pair_5,500,28.2843,11140.0,40,rejected
B1210/S56710,pair_6,500,48.9898,11140.0,40,rejected
B1210/S56710,pair_7,500,44.7214,11140.0,40,rejected
B1210/S56710,pair_8,500,44.7214,11140.0,40,rejected
B1210/S56710,pair_9,500,48.9898,11140.0,40,rejected
B1210/S56710,pair_10,500,44.7214,11140.0,40,rejected
B1210/S56710,pair_11,500,44.7214,11140.0,40,rejected
B1210/S56710,tromino_L_0,500,26.3704,7244.3333,40,rejected
B1210/S56710,tromino_L_1,500,50.1088,7384.0,40,rejected
B1210/S56710,tromino_L_2,500,30.7847,7244.3333,40,rejected
B1210/S56710,tromino_L_3,500,50.1088,7384.0,40,rejected
B1210/S56710,tromino_L_4,500,56.7842,7244.3333,40,rejected
B1210/S56710,tromino_L_5,500,29.479,7237.0,40,rejected
B1210/S56710,tromino_L_6,500,75.0287,7384.0,40,rejected
B1210/S56710,tromino_L_7,500,75.0287,7384.0,40,rejected
B1210/S56710,compact_0,500,29.479,7237.0,40,rejected
B1210/S56710,compact_1,500,20.0,5486.0,40,rejected
B1210/S56710,compact_2,500,20.0,7481.6667,40,rejected
B1210/S56710,compact_3,500,28.2843,7481.6667,40,rejected
B1210/S56710,compact_4,500,46.6777,3559.1667,40,rejected
B1210/S56710,compact_5,500,60.2155,5306.25,40,rejected
B1210/S56710,compact_6,500,20.0,5486.0,40,rejected
B1210/S56710,compact_7,500,35.2933,4257.8,40,rejected
B1210/S56710,compact_8,500,50.1088,7384.0,40,rejected
B1210/S56710,compact_9,500,56.4468,3589.1667,40,rejected
B1210/S56710,compact_10,500,0.0,5582.25,40,rejected
B1210/S56710,compact_11,500,56.7842,7244.3333,40,rejected
B1210/S56710,compact_12,500,27.6671,5327.75,40,rejected
B1210/S56710,compact_13,500,57.6291,4252.6,40,rejected
B1210/S56710,compact_14,500,40.8788,3579.5,40,rejected
B1210/S56710,compact_15,500,44.7214,5598.0,40,rejected
B1210/S56710,compact_16,500,44.5852,4265.2,40,rejected
B1210/S56710,compact_17,500,57.9435,4265.0,40,rejected
B1210/S56710,compact_18,500,29.1658,5327.75,40,rejected
B1210/S56710,compact_19,500,55.644,5559.5,40,rejected
B1210/S56710,compact_20,500,80.5802,4329.2,40,rejected
B1210/S56710,compact_21,500,49.597,7384.0,40,rejected
B1210/S56710,compact_22,500,62.4712,5332.5,40,rejected
B1210/S56710,compact_23,500,39.6106,3563.5,40,rejected
B1210/S56710,compact_24,500,30.7847,7244.3333,40,rejected
B38/S8911,single_bit,1,0.0,inf,inf,rejected
B38/S8911,pair_0,1,0.0,inf,inf,rejected
B38/S8911,pair_1,1,0.0,inf,inf,rejected
B38/S8911,pair_2,1,0.0,inf,inf,rejected
B38/S8911,pair_3,1,0.0,inf,inf,rejected
B38/S8911,pair_4,1,0.0,inf,inf,rejected
B38/S8911,pair_5,1,0.0,inf,inf,rejected
B38/S8911,pair_6,1,0.0,inf,inf,rejected
B38/S8911,pair_7,1,0.0,inf,inf,rejected
B38/S8911,pair_8,1,0.0,inf,inf,rejected
B38/S8911,pair_9,1,0.0,inf,inf,rejected
B38/S8911,pair_10,1,0.0,inf,inf,rejected
B38/S8911,pair_11,1,0.0,inf,inf,rejected
B38/S8911,tromino_L_0,2,0.9432,inf,inf,rejected
B38/S8911,tromino_L_1,2,1.3747,inf,inf,rejected
B38/S8911,tromino_L_2,2,0.667,inf,inf,rejected
B38/S8911,tromino_L_3,2,1.3747,inf,inf,rejected
B38/S8911,tromino_L_4,2,0.9432,inf,inf,rejected
B38/S8911,tromino_L_5,2,0.167,inf,inf,rejected
B38/S8911,tromino_L_6,2,1.0003,inf,inf,rejected
B38/S8911,tromino_L_7,2,1.0003,inf,inf,rejected
B38/S8911,compact_0,2,0.167,inf,inf,rejected
B38/S8911,compact_1,2,0.0,inf,inf,rejected
B38/S8911,compact_2,1,0.0,inf,inf,rejected
B38/S8911,compact_3,1,0.0,inf,inf,rejected
B38/S8911,compact_4,2,2.2676,inf,inf,rejected
B38/S8911,compact_5,2,0.6127,inf,inf,rejected
B38/S8911,compact_6,2,0.0,inf,inf,rejected
B38/S8911,compact_7,3,1.0955,inf,inf,rejected
B38/S8911,compact_8,2,1.3747,inf,inf,rejected
B38/S8911,compact_9,3,0.6008,inf,inf,rejected
B38/S8911,compact_10,3,0.0,inf,inf,rejected
B38/S8911,compact_11,2,0.9432,inf,inf,rejected
B38/S8911,compact_12,2,1.0905,inf,inf,rejected
B38/S8911,compact_13,4,0.5745,inf,inf,rejected
B38/S8911,compact_14,2,0.3934,inf,inf,rejected
B38/S8911,compact_15,1,0.0,inf,inf,rejected
B38/S8911,compact_16,3,0.446,inf,inf,rejected
B38/S8911,compact_17,3,0.4473,inf,inf,rejected
B38/S8911,compact_18,2,1.0311,inf,inf,rejected
B38/S8911,compact_19,500,0.0,1.0,3,rejected
B38/S8911,compact_20,2,0.2837,inf,inf,rejected
B38/S8911,compact_21,2,1.0003,inf,inf,rejected
B38/S8911,compact_22,2,0.3546,inf,inf,rejected
B38/S8911,compact_23,2,0.605,inf,inf,rejected
B38/S8911,compact_24,2,0.667,inf,inf,rejected
B78/S267810,single_bit,1,0.0,inf,inf,rejected
B78/S267810,pair_0,1,0.0,inf,inf,rejected
B78/S267810,pair_1,1,0.0,inf,inf,rejected
B78/S267810,pair_2,1,0.0,inf,inf,rejected
B78/S267810,pair_3,1,0.0,inf,inf,rejected
B78/S267810,pair_4,1,0.0,inf,inf,rejected
B78/S267810,pair_5,1,0.0,inf,inf,rejected
B78/S267810,pair_6,1,0.0,inf,inf,rejected
B78/S267810,pair_7,1,0.0,inf,inf,rejected
B78/S267810,pair_8,1,0.0,inf,inf,rejected
B78/S267810,pair_9,1,0.0,inf,inf,rejected
B78/S267810,pair_10,1,0.0,inf,inf,rejected
B78/S267810,pair_11,1,0.0,inf,inf,rejected
B78/S267810,tromino_L_0,2,0.471,inf,inf,rejected
B78/S267810,tromino_L_1,500,0.0,1.0,2,rejected
B78/S267810,tromino_L_2,2,0.333,inf,inf,rejected
B78/S267810,tromino_L_3,500,0.0,1.0,2,rejected
B78/S267810,tromino_L_4,2,0.471,inf,inf,rejected
B78/S267810,tromino_L_5,2,0.333,inf,inf,rejected
B78/S267810,tromino_L_6,500,0.0,1.0,2,rejected
B78/S267810,tromino_L_7,500,0.0,1.0,2,rejected
B78/S267810,compact_0,2,0.333,inf,inf,rejected
B78/S267810,compact_1,2,0.0,inf,inf,rejected
B78/S267810,compact_2,2,0.0,inf,inf,rejected
B78/S267810,compact_3,2,0.0,inf,inf,rejected
B78/S267810,compact_4,2,0.3439,inf,inf,rejected
B78/S267810,compact_5,2,0.7893,inf,inf,rejected
B78/S267810,compact_6,2,0.0,inf,inf,rejected
B78/S267810,compact_7,2,0.548,inf,inf,rejected
B78/S267810,compact_8,500,0.0,1.0,2,rejected
B78/S267810,compact_9,2,0.333,inf,inf,rejected
B78/S267810,compact_10,1,0.0,inf,inf,rejected
B78/S267810,compact_11,2,0.471,inf,inf,rejected
B78/S267810,compact_12,2,0.4319,inf,inf,rejected
B78/S267810,compact_13,2,0.5745,inf,inf,rejected
B78/S267810,compact_14,2,0.6015,inf,inf,rejected
B78/S267810,compact_15,2,0.0,inf,inf,rejected
B78/S267810,compact_16,2,1.1838,inf,inf,rejected
B78/S267810,compact_17,2,1.6128,inf,inf,rejected
B78/S267810,compact_18,2,0.2496,inf,inf,rejected
B78/S267810,compact_19,2,0.2496,inf,inf,rejected
B78/S267810,compact_20,2,0.4234,inf,inf,rejected
B78/S267810,compact_21,500,0.0,1.0,2,rejected
B78/S267810,compact_22,2,0.9346,inf,inf,rejected
B78/S267810,compact_23,2,0.8325,inf,inf,rejected
B78/S267810,compact_24,2,0.333,inf,inf,rejected
B45/S1712,single_bit,1,0.0,inf,inf,rejected
B45/S1712,pair_0,500,0.0,1.0,2,rejected
B45/S1712,pair_1,500,0.0,1.0,2,rejected
B45/S1712,pair_2,500,0.0,1.0,2,rejected
B45/S1712,pair_3,500,0.0,1.0,2,rejected
B45/S1712,pair_4,500,0.0,1.0,2,rejected
B45/S1712,pair_5,500,0.0,1.0,2,rejected
B45/S1712,pair_6,500,0.0,1.0,2,rejected
B45/S1712,pair_7,500,0.0,1.0,2,rejected
B45/S1712,pair_8,500,0.0,1.0,2,rejected
B45/S1712,pair_9,500,0.0,1.0,2,rejected
B45/S1712,pair_10,500,0.0,1.0,2,rejected
B45/S1712,pair_11,500,0.0,1.0,2,rejected
B45/S1712,tromino_L_0,2,0.2361,inf,inf,rejected
B45/S1712,tromino_L_1,1,0.0,inf,inf,rejected
B45/S1712,tromino_L_2,2,0.167,inf,inf,rejected
B45/S1712,tromino_L_3,1,0.0,inf,inf,rejected
B45/S1712,tromino_L_4,2,0.2361,inf,inf,rejected
B45/S1712,tromino_L_5,2,0.167,inf,inf,rejected
B45/S1712,tromino_L_6,1,0.0,inf,inf,rejected
B45/S1712,tromino_L_7,1,0.0,inf,inf,rejected
B45/S1712,compact_0,2,0.167,inf,inf,rejected
B45/S1712,compact_1,1,0.0,inf,inf,rejected
B45/S1712,compact_2,2,0.0,inf,inf,rejected
B45/S1712,compact_3,2,0.0,inf,inf,rejected
B45/S1712,compact_4,500,1.0268,0.3333,2,rejected
B45/S1712,compact_5,500,1.1736,0.5,2,rejected
B45/S1712,compact_6,1,0.0,inf,inf,rejected
B45/S1712,compact_7,2,1.1834,inf,inf,rejected
B45/S1712,compact_8,1,0.0,inf,inf,rejected
B45/S1712,compact_9,2,0.7816,inf,inf,rejected
B45/S1712,compact_10,2,0.0,inf,inf,rejected
B45/S1712,compact_11,2,0.2361,inf,inf,rejected
B45/S1712,compact_12,2,0.4341,inf,inf,rejected
B45/S1712,compact_13,500,1.315,0.4,2,rejected
B45/S1712,compact_14,2,1.167,inf,inf,rejected
B45/S1712,compact_15,2,0.0,inf,inf,rejected
B45/S1712,compact_16,3,0.6721,inf,inf,rejected
B45/S1712,compact_17,2,0.9482,inf,inf,rejected
B45/S1712,compact_18,2,0.2504,inf,inf,rejected
B45/S1712,compact_19,1,0.0,inf,inf,rejected
B45/S1712,compact_20,2,1.6979,inf,inf,rejected
B45/S1712,compact_21,1,0.0,inf,inf,rejected
B45/S1712,compact_22,2,1.621,inf,inf,rejected
B45/S1712,compact_23,500,1.0918,0.3333,2,rejected
B45/S1712,compact_24,2,0.167,inf,inf,rejected
B2/S3,single_bit,1,0.0,inf,inf,rejected
B2/S3,pair_0,500,28.2843,8076.0,40,rejected
B2/S3,pair_1,500,28.2843,8076.0,40,rejected
B2/S3,pair_2,500,28.2843,8076.0,40,rejected
B2/S3,pair_3,500,28.2843,8076.0,40,rejected
B2/S3,pair_4,500,34.641,8076.0,40,rejected
B2/S3,pair_5,500,34.641,8076.0,40,rejected
B2/S3,pair_6,500,48.9898,8076.0,40,rejected
B2/S3,pair_7,500,44.7214,8076.0,40,rejected
B2/S3,pair_8,500,44.7214,8076.0,40,rejected
B2/S3,pair_9,500,48.9898,8076.0,40,rejected
B2/S3,pair_10,500,44.7214,8076.0,40,rejected
B2/S3,pair_11,500,44.7214,8076.0,40,rejected
B2/S3,tromino_L_0,500,20.0055,5340.6667,40,rejected
B2/S3,tromino_L_1,500,37.0793,5347.0,40,rejected
B2/S3,tromino_L_2,500,28.2862,5340.6667,40,rejected
B2/S3,tromino_L_3,500,37.0793,5347.0,40,rejected
B2/S3,tromino_L_4,500,44.425,5340.6667,40,rejected
B2/S3,tromino_L_5,500,15.609,5346.0,40,rejected
B2/S3,tromino_L_6,500,7.5021,5347.0,40,rejected
B2/S3,tromino_L_7,500,7.5021,5347.0,40,rejected
B2/S3,compact_0,500,42.9376,5346.0,40,rejected
B2/S3,compact_1,500,28.2843,3991.5,40,rejected
B2/S3,compact_2,500,0.0,5450.6667,40,rejected
B2/S3,compact_3,500,0.0,5450.6667,40,rejected
B2/S3,compact_4,500,37.0757,2582.0,40,rejected
B2/S3,compact_5,500,23.4901,3885.5,40,rejected
B2/S3,compact_6,500,34.641,3991.5,40,rejected
B2/S3,compact_7,500,40.9277,3096.8,40,rejected
B2/S3,compact_8,500,37.0793,5347.0,40,rejected
B2/S3,compact_9,500,58.3687,2575.3333,40,rejected
B2/S3,compact_10,500,40.0,4077.0,40,rejected
B2/S3,compact_11,500,44.425,5340.6667,40,rejected
B2/S3,compact_12,500,18.2952,3867.25,40,rejected
B2/S3,compact_13,500,70.0587,3091.0,40,rejected
B2/S3,compact_14,500,46.8805,2595.5,40,rejected
B2/S3,compact_15,500,34.641,4060.5,40,rejected
B2/S3,compact_16,500,49.4113,3087.8,40,rejected
B2/S3,compact_17,500,60.1114,3102.4,40,rejected
B2/S3,compact_18,500,39.8528,3867.25,40,rejected
B2/S3,compact_19,500,50.6443,3991.0,40,rejected
B2/S3,compact_20,500,51.3117,3161.4,40,rejected
B2/S3,compact_21,500,7.5021,5347.0,40,rejected
B2/S3,compact_22,500,75.105,3865.0,40,rejected
B2/S3,compact_23,500,48.0404,2589.3333,40,rejected
B2/S3,compact_24,500,28.2862,5340.6667,40,rejected
B28/S158910,single_bit,1,0.0,inf,inf,rejected
B28/S158910,pair_0,500,48.9898,8347.0,40,rejected
B28/S158910,pair_1,500,48.9898,8347.0,40,rejected
B28/S158910,pair_2,500,48.9898,8347.0,40,rejected
B28/S158910,pair_3,500,48.9898,8347.0,40,rejected
B28/S158910,pair_4,500,48.9898,8347.0,40,rejected
B28/S158910,pair_5,500,48.9898,8347.0,40,rejected
B28/S158910,pair_6,500,34.641,8347.0,40,rejected
B28/S158910,pair_7,500,34.641,8347.0,40,rejected
B28/S158910,pair_8,500,34.641,8347.0,40,rejected
B28/S158910,pair_9,500,66.3325,8347.0,40,rejected
B28/S158910,pair_10,500,66.3325,8347.0,40,rejected
B28/S158910,pair_11,500,66.3325,8347.0,40,rejected
B28/S158910,tromino_L_0,500,37.3661,5382.0,40,rejected
B28/S158910,tromino_L_1,500,27.5875,5563.0,40,rejected
B28/S158910,tromino_L_2,500,29.9685,5382.0,40,rejected
B28/S158910,tromino_L_3,500,27.5875,5563.0,40,rejected
B28/S158910,tromino_L_4,500,36.5102,5382.0,40,rejected
B28/S158910,tromino_L_5,500,42.8699,5407.0,40,rejected
B28/S158910,tromino_L_6,500,19.2684,5563.0,40,rejected
B28/S158910,tromino_L_7,500,19.2684,5563.0,40,rejected
B28/S158910,compact_0,500,58.633,5407.0,40,rejected
B28/S158910,compact_1,500,34.641,4214.5,40,rejected
B28/S158910,compact_2,500,20.0,5478.3333,40,rejected
B28/S158910,compact_3,500,20.0,5478.3333,40,rejected
B28/S158910,compact_4,500,56.6865,2648.0,40,rejected
B28/S158910,compact_5,500,22.6095,3971.0,40,rejected
B28/S158910,compact_6,500,34.641,4214.5,40,rejected
B28/S158910,compact_7,500,12.4717,3190.4,40,rejected
B28/S158910,compact_8,500,27.5875,5563.0,40,rejected
B28/S158910,compact_9,500,87.0722,2694.1667,40,rejected
B28/S158910,compact_10,500,0.0,4138.5,40,rejected
B28/S158910,compact_11,500,36.5102,5382.0,40,rejected
B28/S158910,compact_12,500,69.1911,3995.5,40,rejected
B28/S158910,compact_13,500,46.141,3201.2,40,rejected
B28/S158910,compact_14,500,50.9592,2666.1667,40,rejected
B28/S158910,compact_15,500,34.641,4192.5,40,rejected
B28/S158910,compact_16,500,55.8381,3180.6,40,rejected
B28/S158910,compact_17,500,57.4467,3191.4,40,rejected
B28/S158910,compact_18,500,81.3111,3995.5,40,rejected
B28/S158910,compact_19,500,48.8884,4141.5,40,rejected
B28/S158910,compact_20,500,33.6255,3191.0,40,rejected
B28/S158910,compact_21,500,19.2684,5563.0,40,rejected
B28/S158910,compact_22,500,47.4879,3977.5,40,rejected
B28/S158910,compact_23,500,83.945,2653.8333,40,rejected
B28/S158910,compact_24,500,29.9685,5382.0,40,rejected
B811/S7,single_bit,1,0.0,inf,inf,rejected
B811/S7,pair_0,1,0.0,inf,inf,rejected
B811/S7,pair_1,1,0.0,inf,inf,rejected
B811/S7,pair_2,1,0.0,inf,inf,rejected
B811/S7,pair_3,1,0.0,inf,inf,rejected
B811/S7,pair_4,1,0.0,inf,inf,rejected
B811/S7,pair_5,1,0.0,inf,inf,rejected
B811/S7,pair_6,1,0.0,inf,inf,rejected
B811/S7,pair_7,1,0.0,inf,inf,rejected
B811/S7,pair_8,1,0.0,inf,inf,rejected
B811/S7,pair_9,1,0.0,inf,inf,rejected
B811/S7,pair_10,1,0.0,inf,inf,rejected
B811/S7,pair_11,1,0.0,inf,inf,rejected
B811/S7,tromino_L_0,1,0.0,inf,inf,rejected
B811/S7,tromino_L_1,1,0.0,inf,inf,rejected
B811/S7,tromino_L_2,1,0.0,inf,inf,rejected
B811/S7,tromino_L_3,1,0.0,inf,inf,rejected
B811/S7,tromino_L_4,1,0.0,inf,inf,rejected
B811/S7,tromino_L_5,1,0.0,inf,inf,rejected
B811/S7,tromino_L_6,1,0.0,inf,inf,rejected
B811/S7,tromino_L_7,1,0.0,inf,inf,rejected
B811/S7,compact_0,1,0.0,inf,inf,rejected
B811/S7,compact_1,1,0.0,inf,inf,rejected
B811/S7,compact_2,1,0.0,inf,inf,rejected
B811/S7,compact_3,1,0.0,inf,inf,rejected
B811/S7,compact_4,1,0.0,inf,inf,rejected
B811/S7,compact_5,1,0.0,inf,inf,rejected
B811/S7,compact_6,1,0.0,inf,inf,rejected
B811/S7,compact_7,1,0.0,inf,inf,rejected
B811/S7,compact_8,1,0.0,inf,inf,rejected
B811/S7,compact_9,1,0.0,inf,inf,rejected
B811/S7,compact_10,1,0.0,inf,inf,rejected
B811/S7,compact_11,1,0.0,inf,inf,rejected
B811/S7,compact_12,1,0.0,inf,inf,rejected
B811/S7,compact_13,1,0.0,inf,inf,rejected
B811/S7,compact_14,1,0.0,inf,inf,rejected
B811/S7,compact_15,1,0.0,inf,inf,rejected
B811/S7,compact_16,1,0.0,inf,inf,rejected
B811/S7,compact_17,1,0.0,inf,inf,rejected
B811/S7,compact_18,1,0.0,inf,inf,rejected
B811/S7,compact_19,1,0.0,inf,inf,rejected
B811/S7,compact_20,1,0.0,inf,inf,rejected
B811/S7,compact_21,1,0.0,inf,inf,rejected
B811/S7,compact_22,1,0.0,inf,inf,rejected
B811/S7,compact_23,1,0.0,inf,inf,rejected
B811/S7,compact_24,1,0.0,inf,inf,rejected
B48/S17,single_bit,1,0.0,inf,inf,rejected
B48/S17,pair_0,500,0.0,1.0,2,rejected
B48/S17,pair_1,500,0.0,1.0,2,rejected
B48/S17,pair_2,500,0.0,1.0,2,rejected
B48/S17,pair_3,500,0.0,1.0,2,rejected
B48/S17,pair_4,500,0.0,1.0,2,rejected
B48/S17,pair_5,500,0.0,1.0,2,rejected
B48/S17,pair_6,500,0.0,1.0,2,rejected
B48/S17,pair_7,500,0.0,1.0,2,rejected
B48/S17,pair_8,500,0.0,1.0,2,rejected
B48/S17,pair_9,500,0.0,1.0,2,rejected
B48/S17,pair_10,500,0.0,1.0,2,rejected
B48/S17,pair_11,500,0.0,1.0,2,rejected
B48/S17,tromino_L_0,2,0.2361,inf,inf,rejected
B48/S17,tromino_L_1,1,0.0,inf,inf,rejected
B48/S17,tromino_L_2,2,0.167,inf,inf,rejected
B48/S17,tromino_L_3,1,0.0,inf,inf,rejected
B48/S17,tromino_L_4,2,0.2361,inf,inf,rejected
B48/S17,tromino_L_5,2,0.167,inf,inf,rejected
B48/S17,tromino_L_6,1,0.0,inf,inf,rejected
B48/S17,tromino_L_7,1,0.0,inf,inf,rejected
B48/S17,compact_0,2,0.167,inf,inf,rejected
B48/S17,compact_1,1,0.0,inf,inf,rejected
B48/S17,compact_2,2,0.0,inf,inf,rejected
B48/S17,compact_3,2,0.0,inf,inf,rejected
B48/S17,compact_4,500,1.0268,0.3333,2,rejected
B48/S17,compact_5,500,1.1736,0.5,2,rejected
B48/S17,compact_6,1,0.0,inf,inf,rejected
B48/S17,compact_7,2,1.1834,inf,inf,rejected
B48/S17,compact_8,1,0.0,inf,inf,rejected
B48/S17,compact_9,2,0.7816,inf,inf,rejected
B48/S17,compact_10,2,0.0,inf,inf,rejected
B48/S17,compact_11,2,0.2361,inf,inf,rejected
B48/S17,compact_12,2,0.4341,inf,inf,rejected
B48/S17,compact_13,500,1.315,0.4,2,rejected
B48/S17,compact_14,2,1.167,inf,inf,rejected
B48/S17,compact_15,2,0.0,inf,inf,rejected
B48/S17,compact_16,3,0.6721,inf,inf,rejected
B48/S17,compact_17,2,0.9482,inf,inf,rejected
B48/S17,compact_18,2,0.2504,inf,inf,rejected
B48/S17,compact_19,1,0.0,inf,inf,rejected
B48/S17,compact_20,2,1.6979,inf,inf,rejected
B48/S17,compact_21,1,0.0,inf,inf,rejected
B48/S17,compact_22,2,1.621,inf,inf,rejected
B48/S17,compact_23,500,1.0918,0.3333,2,rejected
B48/S17,compact_24,2,0.167,inf,inf,rejected
B2568910/S711,single_bit,1,0.0,inf,inf,rejected
B2568910/S711,pair_0,500,20.0,10314.0,40,rejected
B2568910/S711,pair_1,500,20.0,10314.0,40,rejected
B2568910/S711,pair_2,500,20.0,10314.0,40,rejected
B2568910/S711,pair_3,500,20.0,10314.0,40,rejected
B2568910/S711,pair_4,500,28.2843,10314.0,40,rejected
B2568910/S711,pair_5,500,28.2843,10314.0,40,rejected
B2568910/S711,pair_6,500,28.2843,10314.0,40,rejected
B2568910/S711,pair_7,500,20.0,10314.0,40,rejected
B2568910/S711,pair_8,500,20.0,10314.0,40,rejected
B2568910/S711,pair_9,500,28.2843,10314.0,40,rejected
B2568910/S711,pair_10,500,20.0,10314.0,40,rejected
B2568910/S711,pair_11,500,20.0,10314.0,40,rejected
B2568910/S711,tromino_L_0,500,20.0055,6700.6667,40,rejected
B2568910/S711,tromino_L_1,500,39.9003,6785.6667,40,rejected
B2568910/S711,tromino_L_2,500,20.0028,6700.6667,40,rejected
B2568910/S711,tromino_L_3,500,39.9003,6785.6667,40,rejected
B2568910/S711,tromino_L_4,500,20.3358,6700.6667,40,rejected
B2568910/S711,tromino_L_5,500,20.6135,6828.6667,40,rejected
B2568910/S711,tromino_L_6,500,58.6904,6785.6667,40,rejected
B2568910/S711,tromino_L_7,500,58.6904,6785.6667,40,rejected
B2568910/S711,compact_0,500,44.9991,6828.6667,40,rejected
B2568910/S711,compact_1,500,20.0,5024.5,40,rejected
B2568910/S711,compact_2,500,40.0,7038.0,40,rejected
B2568910/S711,compact_3,500,40.0,7038.0,40,rejected
B2568910/S711,compact_4,500,25.4528,3283.6667,40,rejected
B2568910/S711,compact_5,500,60.9069,4942.5,40,rejected
B2568910/S711,compact_6,500,48.9898,5024.5,40,rejected
B2568910/S711,compact_7,500,54.6695,3938.6,40,rejected
B2568910/S711,compact_8,500,39.9003,6785.6667,40,rejected
B2568910/S711,compact_9,500,23.8671,3285.6667,40,rejected
B2568910/S711,compact_10,500,0.0,5145.5,40,rejected
B2568910/S711,compact_11,500,20.3358,6700.6667,40,rejected
B2568910/S711,compact_12,500,61.2832,4933.0,40,rejected
B2568910/S711,compact_13,500,37.8666,3944.0,40,rejected
B2568910/S711,compact_14,500,45.1563,3283.3333,40,rejected
B2568910/S711,compact_15,500,28.2843,5077.0,40,rejected
B2568910/S711,compact_16,500,54.1372,3939.4,40,rejected
B2568910/S711,compact_17,500,46.4488,3950.6,40,rejected
B2568910/S711,compact_18,500,62.8156,4933.0,40,rejected
B2568910/S711,compact_19,500,20.0016,5132.5,40,rejected
B2568910/S711,compact_20,500,28.2874,4031.6,40,rejected
B2568910/S711,compact_21,500,58.6904,6785.6667,40,rejected
B2568910/S711,compact_22,500,58.2257,4919.5,40,rejected
B2568910/S711,compact_23,500,35.1131,3310.8333,40,rejected
B2568910/S711,compact_24,500,20.0028,6700.6667,40,rejected
B13461011/S13581012,single_bit,500,0.0,32788.0,40,rejected
B13461011/S13581012,pair_0,500,28.2843,15648.0,40,rejected
B13461011/S13581012,pair_1,500,28.2843,15648.0,40,rejected
B13461011/S13581012,pair_2,500,28.2843,15648.0,40,rejected
B13461011/S13581012,pair_3,500,28.2843,15648.0,40,rejected
B13461011/S13581012,pair_4,500,28.2843,15648.0,40,rejected
B13461011/S13581012,pair_5,500,28.2843,15648.0,40,rejected
B13461011/S13581012,pair_6,500,34.641,15648.0,40,rejected
B13461011/S13581012,pair_7,500,34.641,15648.0,40,rejected
B13461011/S13581012,pair_8,500,34.641,15648.0,40,rejected
B13461011/S13581012,pair_9,500,34.641,15648.0,40,rejected
B13461011/S13581012,pair_10,500,34.641,15648.0,40,rejected
B13461011/S13581012,pair_11,500,34.641,15648.0,40,rejected
B13461011/S13581012,tromino_L_0,500,45.0035,10090.6667,40,rejected
B13461011/S13581012,tromino_L_1,500,53.2761,10228.6667,40,rejected
B13461011/S13581012,tromino_L_2,500,37.5854,10090.6667,40,rejected
B13461011/S13581012,tromino_L_3,500,53.2761,10228.6667,40,rejected
B13461011/S13581012,tromino_L_4,500,59.8265,10090.6667,40,rejected
B13461011/S13581012,tromino_L_5,500,43.1304,10061.3333,40,rejected
B13461011/S13581012,tromino_L_6,500,39.9639,10228.6667,40,rejected
B13461011/S13581012,tromino_L_7,500,39.9639,10228.6667,40,rejected
B13461011/S13581012,compact_0,500,58.8238,10061.3333,40,rejected
B13461011/S13581012,compact_1,500,20.0,7607.5,40,rejected
B13461011/S13581012,compact_2,500,28.2843,10305.3333,40,rejected
B13461011/S13581012,compact_3,500,34.641,10305.3333,40,rejected
B13461011/S13581012,compact_4,500,54.5536,4989.8333,40,rejected
B13461011/S13581012,compact_5,500,42.941,7429.75,40,rejected
B13461011/S13581012,compact_6,500,28.2843,7607.5,40,rejected
B13461011/S13581012,compact_7,500,40.219,5974.6,40,rejected
B13461011/S13581012,compact_8,500,53.2761,10228.6667,40,rejected
B13461011/S13581012,compact_9,500,33.8984,4974.8333,40,rejected
B13461011/S13581012,compact_10,500,48.9898,7686.5,40,rejected
B13461011/S13581012,compact_11,500,59.8265,10090.6667,40,rejected
B13461011/S13581012,compact_12,500,67.0678,7455.25,40,rejected
B13461011/S13581012,compact_13,500,58.9496,5970.8,40,rejected
B13461011/S13581012,compact_14,500,47.5763,4978.6667,40,rejected
B13461011/S13581012,compact_15,500,40.0,7761.5,40,rejected
B13461011/S13581012,compact_16,500,42.0726,5953.8,40,rejected
B13461011/S13581012,compact_17,500,40.253,5955.8,40,rejected
B13461011/S13581012,compact_18,500,59.5131,7455.25,40,rejected
B13461011/S13581012,compact_19,500,46.2348,7585.5,40,rejected
B13461011/S13581012,compact_20,500,33.4984,6024.8,40,rejected
B13461011/S13581012,compact_21,500,39.9639,10228.6667,40,rejected
B13461011/S13581012,compact_22,500,48.1514,7465.5,40,rejected
B13461011/S13581012,compact_23,500,20.9216,4954.6667,40,rejected
B13461011/S13581012,compact_24,500,37.5854,10090.6667,40,rejected
B9/S10,single_bit,1,0.0,inf,inf,rejected
B9/S10,pair_0,1,0.0,inf,inf,rejected
B9/S10,pair_1,1,0.0,inf,inf,rejected
B9/S10,pair_2,1,0.0,inf,inf,rejected
B9/S10,pair_3,1,0.0,inf,inf,rejected
B9/S10,pair_4,1,0.0,inf,inf,rejected
B9/S10,pair_5,1,0.0,inf,inf,rejected
B9/S10,pair_6,1,0.0,inf,inf,rejected
B9/S10,pair_7,1,0.0,inf,inf,rejected
B9/S10,pair_8,1,0.0,inf,inf,rejected
B9/S10,pair_9,1,0.0,inf,inf,rejected
B9/S10,pair_10,1,0.0,inf,inf,rejected
B9/S10,pair_11,1,0.0,inf,inf,rejected
B9/S10,tromino_L_0,1,0.0,inf,inf,rejected
B9/S10,tromino_L_1,1,0.0,inf,inf,rejected
B9/S10,tromino_L_2,1,0.0,inf,inf,rejected
B9/S10,tromino_L_3,1,0.0,inf,inf,rejected
B9/S10,tromino_L_4,1,0.0,inf,inf,rejected
B9/S10,tromino_L_5,1,0.0,inf,inf,rejected
B9/S10,tromino_L_6,1,0.0,inf,inf,rejected
B9/S10,tromino_L_7,1,0.0,inf,inf,rejected
B9/S10,compact_0,1,0.0,inf,inf,rejected
B9/S10,compact_1,1,0.0,inf,inf,rejected
B9/S10,compact_2,1,0.0,inf,inf,rejected
B9/S10,compact_3,1,0.0,inf,inf,rejected
B9/S10,compact_4,1,0.0,inf,inf,rejected
B9/S10,compact_5,1,0.0,inf,inf,rejected
B9/S10,compact_6,1,0.0,inf,inf,rejected
B9/S10,compact_7,1,0.0,inf,inf,rejected
B9/S10,compact_8,1,0.0,inf,inf,rejected
B9/S10,compact_9,1,0.0,inf,inf,rejected
B9/S10,compact_10,1,0.0,inf,inf,rejected
B9/S10,compact_11,1,0.0,inf,inf,rejected
B9/S10,compact_12,1,0.0,inf,inf,rejected
B9/S10,compact_13,1,0.0,inf,inf,rejected
B9/S10,compact_14,1,0.0,inf,inf,rejected
B9/S10,compact_15,1,0.0,inf,inf,rejected
B9/S10,compact_16,1,0.0,inf,inf,rejected
B9/S10,compact_17,1,0.0,inf,inf,rejected
B9/S10,compact_18,1,0.0,inf,inf,rejected
B9/S10,compact_19,1,0.0,inf,inf,rejected
B9/S10,compact_20,1,0.0,inf,inf,rejected
B9/S10,compact_21,1,0.0,inf,inf,rejected
B9/S10,compact_22,1,0.0,inf,inf,rejected
B9/S10,compact_23,1,0.0,inf,inf,rejected
B9/S10,compact_24,1,0.0,inf,inf,rejected
B1811/S245710,single_bit,500,28.2843,17964.0,40,rejected
B1811/S245710,pair_0,500,20.0,8241.0,40,rejected
B1811/S245710,pair_1,500,20.0,8241.0,40,rejected
B1811/S245710,pair_2,500,20.0,8241.0,40,rejected
B1811/S245710,pair_3,500,20.0,8241.0,40,rejected
B1811/S245710,pair_4,500,0.0,8241.0,40,rejected
B1811/S245710,pair_5,500,0.0,8241.0,40,rejected
B1811/S245710,pair_6,500,20.0,8241.0,40,rejected
B1811/S245710,pair_7,500,28.2843,8241.0,40,rejected
B1811/S245710,pair_8,500,28.2843,8241.0,40,rejected
B1811/S245710,pair_9,500,20.0,8241.0,40,rejected
B1811/S245710,pair_10,500,28.2843,8241.0,40,rejected
B1811/S245710,pair_11,500,48.9898,8241.0,40,rejected
B1811/S245710,tromino_L_0,500,64.8637,5256.0,40,rejected
B1811/S245710,tromino_L_1,500,14.3582,5426.0,40,rejected
B1811/S245710,tromino_L_2,500,50.0365,5256.0,40,rejected
B1811/S245710,tromino_L_3,500,14.3582,5426.0,40,rejected
B1811/S245710,tromino_L_4,500,63.067,5256.0,40,rejected
B1811/S245710,tromino_L_5,500,35.4164,5364.0,40,rejected
B1811/S245710,tromino_L_6,500,39.6013,5426.0,40,rejected
B1811/S245710,tromino_L_7,500,39.6013,5426.0,40,rejected
B1811/S245710,compact_0,500,35.4164,5364.0,40,rejected
B1811/S245710,compact_1,500,34.641,3986.5,40,rejected
B1811/S245710,compact_2,500,28.2843,5525.0,40,rejected
B1811/S245710,compact_3,500,20.0,5525.0,40,rejected
B1811/S245710,compact_4,500,64.3926,2605.3333,40,rejected
B1811/S245710,compact_5,500,31.859,3935.5,40,rejected
B1811/S245710,compact_6,500,66.3325,3986.5,40,rejected
B1811/S245710,compact_7,500,53.5324,3122.8,40,rejected
B1811/S245710,compact_8,500,14.3582,5426.0,40,rejected
B1811/S245710,compact_9,500,35.0147,2624.0,40,rejected
B1811/S245710,compact_10,500,0.0,4065.0,40,rejected
B1811/S245710,compact_11,500,63.067,5256.0,40,rejected
B1811/S245710,compact_12,500,10.4594,3907.25,40,rejected
B1811/S245710,compact_13,500,35.7186,3121.6,40,rejected
B1811/S245710,compact_14,500,62.379,2598.5,40,rejected
B1811/S245710,compact_15,500,20.0,4067.0,40,rejected
B1811/S245710,compact_16,500,45.361,3122.0,40,rejected
B1811/S245710,compact_17,500,42.6521,3122.2,40,rejected
B1811/S245710,compact_18,500,48.3756,3907.25,40,rejected
B1811/S245710,compact_19,500,32.1024,4019.5,40,rejected
B1811/S245710,compact_20,500,5.9865,3162.8,40,rejected
B1811/S245710,compact_21,500,39.6013,5426.0,40,rejected
B1811/S245710,compact_22,500,53.7119,3903.75,40,rejected
B1811/S245710,compact_23,500,41.824,2602.1667,40,rejected
B1811/S245710,compact_24,500,50.0365,5256.0,40,rejected
B23481011/S26812,single_bit,1,0.0,inf,inf,rejected
B23481011/S26812,pair_0,500,0.0,14170.0,40,rejected
B23481011/S26812,pair_1,500,40.0,14170.0,40,rejected
B23481011/S26812,pair_2,500,0.0,14170.0,40,rejected
B23481011/S26812,pair_3,500,40.0,14170.0,40,rejected
B23481011/S26812,pair_4,500,0.0,14170.0,40,rejected
B23481011/S26812,pair_5,500,40.0,14170.0,40,rejected
B23481011/S26812,pair_6,500,0.0,14170.0,40,rejected
B23481011/S26812,pair_7,500,0.0,14170.0,40,rejected
B23481011/S26812,pair_8,500,0.0,14170.0,40,rejected
B23481011/S26812,pair_9,500,69.282,14170.0,40,rejected
B23481011/S26812,pair_10,500,56.5685,14170.0,40,rejected
B23481011/S26812,pair_11,500,56.5685,14170.0,40,rejected
B23481011/S26812,tromino_L_0,500,46.0239,9283.6667,40,rejected
B23481011/S26812,tromino_L_1,500,53.6329,9501.3333,40,rejected
B23481011/S26812,tromino_L_2,500,32.5438,9283.6667,40,rejected
B23481011/S26812,tromino_L_3,500,53.6329,9501.3333,40,rejected
B23481011/S26812,tromino_L_4,500,42.9334,9283.6667,40,rejected
B23481011/S26812,tromino_L_5,500,48.7389,9404.0,40,rejected
B23481011/S26812,tromino_L_6,500,59.5466,9501.3333,40,rejected
B23481011/S26812,tromino_L_7,500,59.5466,9501.3333,40,rejected
B23481011/S26812,compact_0,500,48.7389,9404.0,40,rejected
B23481011/S26812,compact_1,500,0.0,7036.0,40,rejected
B23481011/S26812,compact_2,500,28.2843,10154.6667,40,rejected
B23481011/S26812,compact_3,500,28.2843,10154.6667,40,rejected
B23481011/S26812,compact_4,500,68.5449,4609.0,40,rejected
B23481011/S26812,compact_5,500,41.7887,6903.25,40,rejected
B23481011/S26812,compact_6,500,40.0,7036.0,40,rejected
B23481011/S26812,compact_7,500,63.5591,5517.8,40,rejected
B23481011/S26812,compact_8,500,53.6329,9501.3333,40,rejected
B23481011/S26812,compact_9,500,28.4937,4592.1667,40,rejected
B23481011/S26812,compact_10,500,28.2843,7100.5,40,rejected
B23481011/S26812,compact_11,500,42.9334,9283.6667,40,rejected
B23481011/S26812,compact_12,500,47.2337,6917.75,40,rejected
B23481011/S26812,compact_13,500,60.3039,5540.0,40,rejected
B23481011/S26812,compact_14,500,19.9647,4592.5,40,rejected
B23481011/S26812,compact_15,500,34.641,7289.0,40,rejected
B23481011/S26812,compact_16,500,62.8434,5547.4,40,rejected
B23481011/S26812,compact_17,500,46.8507,5546.8,40,rejected
B23481011/S26812,compact_18,500,53.665,6917.75,40,rejected
B23481011/S26812,compact_19,500,50.3617,7032.5,40,rejected
B23481011/S26812,compact_20,500,20.2014,5541.0,40,rejected
B23481011/S26812,compact_21,500,59.5466,9501.3333,40,rejected
B23481011/S26812,compact_22,500,57.6608,6907.25,40,rejected
B23481011/S26812,compact_23,500,43.8616,4579.1667,40,rejected
B23481011/S26812,compact_24,500,32.5438,9283.6667,40,rejected
B3411/S23451011,single_bit,1,0.0,inf,inf,rejected
B3411/S23451011,pair_0,1,0.0,inf,inf,rejected
B3411/S23451011,pair_1,1,0.0,inf,inf,rejected
B3411/S23451011,pair_2,1,0.0,inf,inf,rejected
B3411/S23451011,pair_3,1,0.0,inf,inf,rejected
B3411/S23451011,pair_4,1,0.0,inf,inf,rejected
B3411/S23451011,pair_5,1,0.0,inf,inf,rejected
B3411/S23451011,pair_6,1,0.0,inf,inf,rejected
B3411/S23451011,pair_7,1,0.0,inf,inf,rejected
B3411/S23451011,pair_8,1,0.0,inf,inf,rejected
B3411/S23451011,pair_9,1,0.0,inf,inf,rejected
B3411/S23451011,pair_10,1,0.0,inf,inf,rejected
B3411/S23451011,pair_11,1,0.0,inf,inf,rejected
B3411/S23451011,tromino_L_0,2,0.2361,inf,inf,rejected
B3411/S23451011,tromino_L_1,500,0.3436,1.3333,2,rejected
B3411/S23451011,tromino_L_2,2,0.167,inf,inf,rejected
B3411/S23451011,tromino_L_3,500,0.3436,1.3333,2,rejected
B3411/S23451011,tromino_L_4,2,0.2361,inf,inf,rejected
B3411/S23451011,tromino_L_5,500,0.0,1.0,3,rejected
B3411/S23451011,tromino_L_6,500,0.2504,1.3333,2,rejected
B3411/S23451011,tromino_L_7,500,0.2504,1.3333,2,rejected
B3411/S23451011,compact_0,500,0.0,1.0,3,rejected
B3411/S23451011,compact_1,500,44.7214,6979.0,40,rejected
B3411/S23451011,compact_2,2,0.0,inf,inf,rejected
B3411/S23451011,compact_3,2,0.0,inf,inf,rejected
B3411/S23451011,compact_4,500,53.7284,4481.1667,40,rejected
B3411/S23451011,compact_5,500,50.7184,6874.0,40,rejected
B3411/S23451011,compact_6,500,0.0,6979.0,40,rejected
B3411/S23451011,compact_7,500,2.6736,5379.2,40,rejected
B3411/S23451011,compact_8,500,0.3436,1.3333,2,rejected
B3411/S23451011,compact_9,500,60.2228,4429.3333,40,rejected
B3411/S23451011,compact_10,500,0.0,1.0,3,rejected
B3411/S23451011,compact_11,2,0.2361,inf,inf,rejected
B3411/S23451011,compact_12,500,0.353,1.0,2,rejected
B3411/S23451011,compact_13,500,41.5956,5379.2,40,rejected
B3411/S23451011,compact_14,500,49.3063,4419.0,40,rejected
B3411/S23451011,compact_15,2,0.0,inf,inf,rejected
B3411/S23451011,compact_16,500,29.6031,5345.2,40,rejected
B3411/S23451011,compact_17,500,31.0829,5440.2,40,rejected
B3411/S23451011,compact_18,500,0.3541,1.0,2,rejected
B3411/S23451011,compact_19,500,56.6272,6874.0,40,rejected
B3411/S23451011,compact_20,500,26.9315,5410.2,40,rejected
B3411/S23451011,compact_21,500,0.2504,1.3333,2,rejected
B3411/S23451011,compact_22,500,36.2982,6874.0,40,rejected
B3411/S23451011,compact_23,500,60.0009,4881.0,40,rejected
B3411/S23451011,compact_24,2,0.167,inf,inf,rejected
B6810/S6791012,single_bit,1,0.0,inf,inf,rejected
B6810/S6791012,pair_0,1,0.0,inf,inf,rejected
B6810/S6791012,pair_1,1,0.0,inf,inf,rejected
B6810/S6791012,pair_2,1,0.0,inf,inf,rejected
B6810/S6791012,pair_3,1,0.0,inf,inf,rejected
B6810/S6791012,pair_4,1,0.0,inf,inf,rejected
B6810/S6791012,pair_5,1,0.0,inf,inf,rejected
B6810/S6791012,pair_6,1,0.0,inf,inf,rejected
B6810/S6791012,pair_7,1,0.0,inf,inf,rejected
B6810/S6791012,pair_8,1,0.0,inf,inf,rejected
B6810/S6791012,pair_9,1,0.0,inf,inf,rejected
B6810/S6791012,pair_10,1,0.0,inf,inf,rejected
B6810/S6791012,pair_11,1,0.0,inf,inf,rejected
B6810/S6791012,tromino_L_0,1,0.0,inf,inf,rejected
B6810/S6791012,tromino_L_1,1,0.0,inf,inf,rejected
B6810/S6791012,tromino_L_2,1,0.0,inf,inf,rejected
B6810/S6791012,tromino_L_3,1,0.0,inf,inf,rejected
B6810/S6791012,tromino_L_4,1,0.0,inf,inf,rejected
B6810/S6791012,tromino_L_5,1,0.0,inf,inf,rejected
B6810/S6791012,tromino_L_6,1,0.0,inf,inf,rejected
B6810/S6791012,tromino_L_7,1,0.0,inf,inf,rejected
B6810/S6791012,compact_0,1,0.0,inf,inf,rejected
B6810/S6791012,compact_1,1,0.0,inf,inf,rejected
B6810/S6791012,compact_2,1,0.0,inf,inf,rejected
B6810/S6791012,compact_3,1,0.0,inf,inf,rejected
B6810/S6791012,compact_4,1,0.0,inf,inf,rejected
B6810/S6791012,compact_5,1,0.0,inf,inf,rejected
B6810/S6791012,compact_6,1,0.0,inf,inf,rejected
B6810/S6791012,compact_7,1,0.0,inf,inf,rejected
B6810/S6791012,compact_8,1,0.0,inf,inf,rejected
B6810/S6791012,compact_9,1,0.0,inf,inf,rejected
B6810/S6791012,compact_10,1,0.0,inf,inf,rejected
B6810/S6791012,compact_11,1,0.0,inf,inf,rejected
B6810/S6791012,compact_12,1,0.0,inf,inf,rejected
B6810/S6791012,compact_13,1,0.0,inf,inf,rejected
B6810/S6791012,compact_14,1,0.0,inf,inf,rejected
B6810/S6791012,compact_15,1,0.0,inf,inf,rejected
B6810/S6791012,compact_16,1,0.0,inf,inf,rejected
B6810/S6791012,compact_17,1,0.0,inf,inf,rejected
B6810/S6791012,compact_18,1,0.0,inf,inf,rejected
B6810/S6791012,compact_19,1,0.0,inf,inf,rejected
B6810/S6791012,compact_20,1,0.0,inf,inf,rejected
B6810/S6791012,compact_21,1,0.0,inf,inf,rejected
B6810/S6791012,compact_22,1,0.0,inf,inf,rejected
B6810/S6791012,compact_23,1,0.0,inf,inf,rejected
B6810/S6791012,compact_24,1,0.0,inf,inf,rejected
B7/S38,single_bit,1,0.0,inf,inf,rejected
B7/S38,pair_0,1,0.0,inf,inf,rejected
B7/S38,pair_1,1,0.0,inf,inf,rejected
B7/S38,pair_2,1,0.0,inf,inf,rejected
B7/S38,pair_3,1,0.0,inf,inf,rejected
B7/S38,pair_4,1,0.0,inf,inf,rejected
B7/S38,pair_5,1,0.0,inf,inf,rejected
B7/S38,pair_6,1,0.0,inf,inf,rejected
B7/S38,pair_7,1,0.0,inf,inf,rejected
B7/S38,pair_8,1,0.0,inf,inf,rejected
B7/S38,pair_9,1,0.0,inf,inf,rejected
B7/S38,pair_10,1,0.0,inf,inf,rejected
B7/S38,pair_11,1,0.0,inf,inf,rejected
B7/S38,tromino_L_0,1,0.0,inf,inf,rejected
B7/S38,tromino_L_1,1,0.0,inf,inf,rejected
B7/S38,tromino_L_2,1,0.0,inf,inf,rejected
B7/S38,tromino_L_3,1,0.0,inf,inf,rejected
B7/S38,tromino_L_4,1,0.0,inf,inf,rejected
B7/S38,tromino_L_5,1,0.0,inf,inf,rejected
B7/S38,tromino_L_6,1,0.0,inf,inf,rejected
B7/S38,tromino_L_7,1,0.0,inf,inf,rejected
B7/S38,compact_0,1,0.0,inf,inf,rejected
B7/S38,compact_1,2,0.0,inf,inf,rejected
B7/S38,compact_2,1,0.0,inf,inf,rejected
B7/S38,compact_3,1,0.0,inf,inf,rejected
B7/S38,compact_4,2,0.6877,inf,inf,rejected
B7/S38,compact_5,2,0.6127,inf,inf,rejected
B7/S38,compact_6,2,0.0,inf,inf,rejected
B7/S38,compact_7,2,0.5913,inf,inf,rejected
B7/S38,compact_8,1,0.0,inf,inf,rejected
B7/S38,compact_9,2,0.167,inf,inf,rejected
B7/S38,compact_10,2,0.0,inf,inf,rejected
B7/S38,compact_11,1,0.0,inf,inf,rejected
B7/S38,compact_12,1,0.0,inf,inf,rejected
B7/S38,compact_13,2,0.8251,inf,inf,rejected
B7/S38,compact_14,2,1.3012,inf,inf,rejected
B7/S38,compact_15,1,0.0,inf,inf,rejected
B7/S38,compact_16,2,0.446,inf,inf,rejected
B7/S38,compact_17,2,0.2242,inf,inf,rejected
B7/S38,compact_18,1,0.0,inf,inf,rejected
B7/S38,compact_19,2,0.2504,inf,inf,rejected
B7/S38,compact_20,2,1.1305,inf,inf,rejected
B7/S38,compact_21,1,0.0,inf,inf,rejected
B7/S38,compact_22,2,0.3541,inf,inf,rejected
B7/S38,compact_23,2,0.7234,inf,inf,rejected
B7/S38,compact_24,1,0.0,inf,inf,rejected
B256811/S7,single_bit,1,0.0,inf,inf,rejected
B256811/S7,pair_0,500,0.0,10013.0,40,rejected
B256811/S7,pair_1,500,0.0,10013.0,40,rejected
B256811/S7,pair_2,500,0.0,10013.0,40,rejected
B256811/S7,pair_3,500,0.0,10013.0,40,rejected
B256811/S7,pair_4,500,0.0,10013.0,40,rejected
B256811/S7,pair_5,500,0.0,10013.0,40,rejected
B256811/S7,pair_6,500,0.0,10013.0,40,rejected
B256811/S7,pair_7,500,0.0,10013.0,40,rejected
B256811/S7,pair_8,500,0.0,10013.0,40,rejected
B256811/S7,pair_9,500,0.0,10013.0,40,rejected
B256811/S7,pair_10,500,0.0,10013.0,40,rejected
B256811/S7,pair_11,500,0.0,10013.0,40,rejected
B256811/S7,tromino_L_0,500,0.471,6651.0,40,rejected
B256811/S7,tromino_L_1,500,42.2904,6673.0,40,rejected
B256811/S7,tromino_L_2,500,20.0028,6651.0,40,rejected
B256811/S7,tromino_L_3,500,42.2904,6673.0,40,rejected
B256811/S7,tromino_L_4,500,45.0207,6651.0,40,rejected
B256811/S7,tromino_L_5,500,17.4317,6702.3333,40,rejected
B256811/S7,tromino_L_6,500,68.0395,6673.0,40,rejected
B256811/S7,tromino_L_7,500,68.0395,6673.0,40,rejected
B256811/S7,compact_0,500,17.4317,6702.3333,40,rejected
B256811/S7,compact_1,500,20.0,4974.5,40,rejected
B256811/S7,compact_2,500,28.2843,6851.3333,40,rejected
B256811/S7,compact_3,500,28.2843,6851.3333,40,rejected
B256811/S7,compact_4,500,12.3451,3261.8333,40,rejected
B256811/S7,compact_5,500,35.7634,4923.5,40,rejected
B256811/S7,compact_6,500,20.0,4974.5,40,rejected
B256811/S7,compact_7,500,53.4982,3912.6,40,rejected
B256811/S7,compact_8,500,42.2904,6673.0,40,rejected
B256811/S7,compact_9,500,65.4026,3261.5,40,rejected
B256811/S7,compact_10,500,0.0,5098.5,40,rejected
B256811/S7,compact_11,500,45.0207,6651.0,40,rejected
B256811/S7,compact_12,500,69.9104,4888.75,40,rejected
B256811/S7,compact_13,500,26.9366,3905.6,40,rejected
B256811/S7,compact_14,500,56.7697,3257.1667,40,rejected
B256811/S7,compact_15,500,40.0,5000.5,40,rejected
B256811/S7,compact_16,500,13.9491,3916.0,40,rejected
B256811/S7,compact_17,500,58.6099,3921.8,40,rejected
B256811/S7,compact_18,500,73.9081,4888.75,40,rejected
B256811/S7,compact_19,500,44.6103,5050.0,40,rejected
B256811/S7,compact_20,500,20.0045,3988.4,40,rejected
B256811/S7,compact_21,500,68.0395,6673.0,40,rejected
B256811/S7,compact_22,500,49.2725,4899.0,40,rejected
B256811/S7,compact_23,500,34.725,3251.8333,40,rejected
B256811/S7,compact_24,500,20.0028,6651.0,40,rejected
B1011/S569,single_bit,1,0.0,inf,inf,rejected
B1011/S569,pair_0,1,0.0,inf,inf,rejected
B1011/S569,pair_1,1,0.0,inf,inf,rejected
B1011/S569,pair_2,1,0.0,inf,inf,rejected
B1011/S569,pair_3,1,0.0,inf,inf,rejected
B1011/S569,pair_4,1,0.0,inf,inf,rejected
B1011/S569,pair_5,1,0.0,inf,inf,rejected
B1011/S569,pair_6,1,0.0,inf,inf,rejected
B1011/S569,pair_7,1,0.0,inf,inf,rejected
B1011/S569,pair_8,1,0.0,inf,inf,rejected
B1011/S569,pair_9,1,0.0,inf,inf,rejected
B1011/S569,pair_10,1,0.0,inf,inf,rejected
B1011/S569,pair_11,1,0.0,inf,inf,rejected
B1011/S569,tromino_L_0,1,0.0,inf,inf,rejected
B1011/S569,tromino_L_1,1,0.0,inf,inf,rejected
B1011/S569,tromino_L_2,1,0.0,inf,inf,rejected
B1011/S569,tromino_L_3,1,0.0,inf,inf,rejected
B1011/S569,tromino_L_4,1,0.0,inf,inf,rejected
B1011/S569,tromino_L_5,1,0.0,inf,inf,rejected
B1011/S569,tromino_L_6,1,0.0,inf,inf,rejected
B1011/S569,tromino_L_7,1,0.0,inf,inf,rejected
B1011/S569,compact_0,1,0.0,inf,inf,rejected
B1011/S569,compact_1,1,0.0,inf,inf,rejected
B1011/S569,compact_2,1,0.0,inf,inf,rejected
B1011/S569,compact_3,1,0.0,inf,inf,rejected
B1011/S569,compact_4,1,0.0,inf,inf,rejected
B1011/S569,compact_5,1,0.0,inf,inf,rejected
B1011/S569,compact_6,1,0.0,inf,inf,rejected
B1011/S569,compact_7,1,0.0,inf,inf,rejected
B1011/S569,compact_8,1,0.0,inf,inf,rejected
B1011/S569,compact_9,1,0.0,inf,inf,rejected
B1011/S569,compact_10,1,0.0,inf,inf,rejected
B1011/S569,compact_11,1,0.0,inf,inf,rejected
B1011/S569,compact_12,1,0.0,inf,inf,rejected
B1011/S569,compact_13,1,0.0,inf,inf,rejected
B1011/S569,compact_14,2,0.6015,inf,inf,rejected
B1011/S569,compact_15,1,0.0,inf,inf,rejected
B1011/S569,compact_16,1,0.0,inf,inf,rejected
B1011/S569,compact_17,1,0.0,inf,inf,rejected
B1011/S569,compact_18,1,0.0,inf,inf,rejected
B1011/S569,compact_19,1,0.0,inf,inf,rejected
B1011/S569,compact_20,1,0.0,inf,inf,rejected
B1011/S569,compact_21,1,0.0,inf,inf,rejected
B1011/S569,compact_22,1,0.0,inf,inf,rejected
B1011/S569,compact_23,1,0.0,inf,inf,rejected
B1011/S569,compact_24,1,0.0,inf,inf,rejected
B3/S3,single_bit,1,0.0,inf,inf,rejected
B3/S3,pair_0,1,0.0,inf,inf,rejected
B3/S3,pair_1,1,0.0,inf,inf,rejected
B3/S3,pair_2,1,0.0,inf,inf,rejected
B3/S3,pair_3,1,0.0,inf,inf,rejected
B3/S3,pair_4,1,0.0,inf,inf,rejected
B3/S3,pair_5,1,0.0,inf,inf,rejected
B3/S3,pair_6,1,0.0,inf,inf,rejected
B3/S3,pair_7,1,0.0,inf,inf,rejected
B3/S3,pair_8,1,0.0,inf,inf,rejected
B3/S3,pair_9,1,0.0,inf,inf,rejected
B3/S3,pair_10,1,0.0,inf,inf,rejected
B3/S3,pair_11,1,0.0,inf,inf,rejected
B3/S3,tromino_L_0,2,0.9432,inf,inf,rejected
B3/S3,tromino_L_1,2,1.3747,inf,inf,rejected
B3/S3,tromino_L_2,2,0.667,inf,inf,rejected
B3/S3,tromino_L_3,2,1.3747,inf,inf,rejected
B3/S3,tromino_L_4,2,0.9432,inf,inf,rejected
B3/S3,tromino_L_5,2,0.167,inf,inf,rejected
B3/S3,tromino_L_6,2,1.0003,inf,inf,rejected
B3/S3,tromino_L_7,2,1.0003,inf,inf,rejected
B3/S3,compact_0,2,0.167,inf,inf,rejected
B3/S3,compact_1,500,0.0,1.0,3,rejected
B3/S3,compact_2,1,0.0,inf,inf,rejected
B3/S3,compact_3,1,0.0,inf,inf,rejected
B3/S3,compact_4,2,1.4344,inf,inf,rejected
B3/S3,compact_5,2,0.3541,inf,inf,rejected
B3/S3,compact_6,500,0.0,1.0,2,rejected
B3/S3,compact_7,4,0.6328,inf,inf,rejected
B3/S3,compact_8,2,1.3747,inf,inf,rejected
B3/S3,compact_9,5,0.8336,inf,inf,rejected
B3/S3,compact_10,500,0.0,1.0,3,rejected
B3/S3,compact_11,2,0.9432,inf,inf,rejected
B3/S3,compact_12,2,1.0905,inf,inf,rejected
B3/S3,compact_13,2,0.4898,inf,inf,rejected
B3/S3,compact_14,5,1.8335,inf,inf,rejected
B3/S3,compact_15,1,0.0,inf,inf,rejected
B3/S3,compact_16,5,0.2483,inf,inf,rejected
B3/S3,compact_17,6,2.0493,inf,inf,rejected
B3/S3,compact_18,2,1.0311,inf,inf,rejected
B3/S3,compact_19,3,1.2504,inf,inf,rejected
B3/S3,compact_20,3,0.4234,inf,inf,rejected
B3/S3,compact_21,2,1.0003,inf,inf,rejected
B3/S3,compact_22,3,0.3546,inf,inf,rejected
B3/S3,compact_23,4,1.8996,inf,inf,rejected
B3/S3,compact_24,2,0.667,inf,inf,rejected
B1489/S368910,single_bit,500,0.0,22512.0,40,rejected
B1489/S368910,pair_0,500,20.0,10782.0,40,rejected
B1489/S368910,pair_1,500,20.0,10782.0,40,rejected
B1489/S368910,pair_2,500,20.0,10782.0,40,rejected
B1489/S368910,pair_3,500,20.0,10782.0,40,rejected
B1489/S368910,pair_4,500,0.0,10782.0,40,rejected
B1489/S368910,pair_5,500,0.0,10782.0,40,rejected
B1489/S368910,pair_6,500,20.0,10782.0,40,rejected
B1489/S368910,pair_7,500,28.2843,10782.0,40,rejected
B1489/S368910,pair_8,500,28.2843,10782.0,40,rejected
B1489/S368910,pair_9,500,20.0,10782.0,40,rejected
B1489/S368910,pair_10,500,28.2843,10782.0,40,rejected
B1489/S368910,pair_11,500,28.2843,10782.0,40,rejected
B1489/S368910,tromino_L_0,500,55.4183,6948.3333,40,rejected
B1489/S368910,tromino_L_1,500,37.0785,7029.0,40,rejected
B1489/S368910,tromino_L_2,500,48.328,6948.3333,40,rejected
B1489/S368910,tromino_L_3,500,37.0785,7029.0,40,rejected
B1489/S368910,tromino_L_4,500,27.2087,6948.3333,40,rejected
B1489/S368910,tromino_L_5,500,39.9984,6947.6667,40,rejected
B1489/S368910,tromino_L_6,500,49.381,7029.0,40,rejected
B1489/S368910,tromino_L_7,500,49.381,7029.0,40,rejected
B1489/S368910,compact_0,500,39.9984,6947.6667,40,rejected
B1489/S368910,compact_1,500,44.7214,5223.0,40,rejected
B1489/S368910,compact_2,500,44.7214,7092.0,40,rejected
B1489/S368910,compact_3,500,20.0,7092.0,40,rejected
B1489/S368910,compact_4,500,76.7013,3444.3333,40,rejected
B1489/S368910,compact_5,500,68.6089,5146.5,40,rejected
B1489/S368910,compact_6,500,40.0,5223.0,40,rejected
B1489/S368910,compact_7,500,51.8623,4121.0,40,rejected
B1489/S368910,compact_8,500,37.0785,7029.0,40,rejected
B1489/S368910,compact_9,500,20.3226,3423.1667,40,rejected
B1489/S368910,compact_10,500,20.0,5264.5,40,rejected
B1489/S368910,compact_11,500,27.2087,6948.3333,40,rejected
B1489/S368910,compact_12,500,45.2303,5142.75,40,rejected
B1489/S368910,compact_13,500,32.1899,4124.0,40,rejected
B1489/S368910,compact_14,500,27.9263,3442.5,40,rejected
B1489/S368910,compact_15,500,48.9898,5309.5,40,rejected
B1489/S368910,compact_16,500,37.1839,4121.4,40,rejected
B1489/S368910,compact_17,500,49.3794,4133.2,40,rejected
B1489/S368910,compact_18,500,50.228,5142.75,40,rejected
B1489/S368910,compact_19,500,26.9605,5230.5,40,rejected
B1489/S368910,compact_20,500,83.4491,4138.8,40,rejected
B1489/S368910,compact_21,500,49.381,7029.0,40,rejected
B1489/S368910,compact_22,500,35.8907,5147.75,40,rejected
B1489/S368910,compact_23,500,61.9366,3428.8333,40,rejected
B1489/S368910,compact_24,500,48.328,6948.3333,40,rejected
B5/S3912,single_bit,1,0.0,inf,inf,rejected
B5/S3912,pair_0,1,0.0,inf,inf,rejected
B5/S3912,pair_1,1,0.0,inf,inf,rejected
B5/S3912,pair_2,1,0.0,inf,inf,rejected
B5/S3912,pair_3,1,0.0,inf,inf,rejected
B5/S3912,pair_4,1,0.0,inf,inf,rejected
B5/S3912,pair_5,1,0.0,inf,inf,rejected
B5/S3912,pair_6,1,0.0,inf,inf,rejected
B5/S3912,pair_7,1,0.0,inf,inf,rejected
B5/S3912,pair_8,1,0.0,inf,inf,rejected
B5/S3912,pair_9,1,0.0,inf,inf,rejected
B5/S3912,pair_10,1,0.0,inf,inf,rejected
B5/S3912,pair_11,1,0.0,inf,inf,rejected
B5/S3912,tromino_L_0,1,0.0,inf,inf,rejected
B5/S3912,tromino_L_1,1,0.0,inf,inf,rejected
B5/S3912,tromino_L_2,1,0.0,inf,inf,rejected
B5/S3912,tromino_L_3,1,0.0,inf,inf,rejected
B5/S3912,tromino_L_4,1,0.0,inf,inf,rejected
B5/S3912,tromino_L_5,1,0.0,inf,inf,rejected
B5/S3912,tromino_L_6,1,0.0,inf,inf,rejected
B5/S3912,tromino_L_7,1,0.0,inf,inf,rejected
B5/S3912,compact_0,1,0.0,inf,inf,rejected
B5/S3912,compact_1,2,0.0,inf,inf,rejected
B5/S3912,compact_2,1,0.0,inf,inf,rejected
B5/S3912,compact_3,1,0.0,inf,inf,rejected
B5/S3912,compact_4,2,0.6877,inf,inf,rejected
B5/S3912,compact_5,2,0.6127,inf,inf,rejected
B5/S3912,compact_6,2,0.0,inf,inf,rejected
B5/S3912,compact_7,2,0.5913,inf,inf,rejected
B5/S3912,compact_8,1,0.0,inf,inf,rejected
B5/S3912,compact_9,2,0.167,inf,inf,rejected
B5/S3912,compact_10,2,0.0,inf,inf,rejected
B5/S3912,compact_11,1,0.0,inf,inf,rejected
B5/S3912,compact_12,1,0.0,inf,inf,rejected
B5/S3912,compact_13,2,0.8251,inf,inf,rejected
B5/S3912,compact_14,2,1.3012,inf,inf,rejected
B5/S3912,compact_15,1,0.0,inf,inf,rejected
B5/S3912,compact_16,2,0.446,inf,inf,rejected
B5/S3912,compact_17,2,0.2242,inf,inf,rejected
B5/S3912,compact_18,1,0.0,inf,inf,rejected
B5/S3912,compact_19,2,0.2504,inf,inf,rejected
B5/S3912,compact_20,2,1.1305,inf,inf,rejected
B5/S3912,compact_21,1,0.0,inf,inf,rejected
B5/S3912,compact_22,2,0.3541,inf,inf,rejected
B5/S3912,compact_23,2,0.7234,inf,inf,rejected
B5/S3912,compact_24,1,0.0,inf,inf,rejected
B278/S678,single_bit,1,0.0,inf,inf,rejected
B278/S678,pair_0,500,20.0,7523.0,40,rejected
B278/S678,pair_1,500,20.0,7523.0,40,rejected
B278/S678,pair_2,500,20.0,7523.0,40,rejected
B278/S678,pair_3,500,20.0,7523.0,40,rejected
B278/S678,pair_4,500,28.2843,7523.0,40,rejected
B278/S678,pair_5,500,28.2843,7523.0,40,rejected
B278/S678,pair_6,500,34.641,7523.0,40,rejected
B278/S678,pair_7,500,28.2843,7523.0,40,rejected
B278/S678,pair_8,500,28.2843,7523.0,40,rejected
B278/S678,pair_9,500,34.641,7523.0,40,rejected
B278/S678,pair_10,500,28.2843,7523.0,40,rejected
B278/S678,pair_11,500,28.2843,7523.0,40,rejected
B278/S678,tromino_L_0,500,34.6442,4934.6667,40,rejected
B278/S678,tromino_L_1,500,57.2415,4943.0,40,rejected
B278/S678,tromino_L_2,500,34.4498,4934.6667,40,rejected
B278/S678,tromino_L_3,500,57.2415,4943.0,40,rejected
B278/S678,tromino_L_4,500,35.0266,4934.6667,40,rejected
B278/S678,tromino_L_5,500,13.9828,5023.3333,40,rejected
B278/S678,tromino_L_6,500,44.9466,4943.0,40,rejected
B278/S678,tromino_L_7,500,44.9466,4943.0,40,rejected
B278/S678,compact_0,500,42.3735,5023.3333,40,rejected
B278/S678,compact_1,500,34.641,3698.5,40,rejected
B278/S678,compact_2,500,28.2843,5184.0,40,rejected
B278/S678,compact_3,500,28.2843,5184.0,40,rejected
B278/S678,compact_4,500,61.3319,2376.1667,40,rejected
B278/S678,compact_5,500,59.0713,3547.5,40,rejected
B278/S678,compact_6,500,34.641,3698.5,40,rejected
B278/S678,compact_7,500,58.6014,2862.4,40,rejected
B278/S678,compact_8,500,57.2415,4943.0,40,rejected
B278/S678,compact_9,500,41.245,2375.3333,40,rejected
B278/S678,compact_10,500,28.2843,3933.0,40,rejected
B278/S678,compact_11,500,35.0266,4934.6667,40,rejected
B278/S678,compact_12,500,52.0449,3551.25,40,rejected
B278/S678,compact_13,500,66.9431,2846.2,40,rejected
B278/S678,compact_14,500,60.328,2386.5,40,rejected
B278/S678,compact_15,500,34.641,3807.0,40,rejected
B278/S678,compact_16,500,64.2187,2864.2,40,rejected
B278/S678,compact_17,500,53.5907,2877.4,40,rejected
B278/S678,compact_18,500,55.5554,3551.25,40,rejected
B278/S678,compact_19,500,19.7504,3790.0,40,rejected
B278/S678,compact_20,500,20.0045,2902.0,40,rejected
B278/S678,compact_21,500,44.9466,4943.0,40,rejected
B278/S678,compact_22,500,35.6744,3561.25,40,rejected
B278/S678,compact_23,500,41.8264,2392.0,40,rejected
B278/S678,compact_24,500,34.4498,4934.6667,40,rejected
B7/S511,single_bit,1,0.0,inf,inf,rejected
B7/S511,pair_0,1,0.0,inf,inf,rejected
B7/S511,pair_1,1,0.0,inf,inf,rejected
B7/S511,pair_2,1,0.0,inf,inf,rejected
B7/S511,pair_3,1,0.0,inf,inf,rejected
B7/S511,pair_4,1,0.0,inf,inf,rejected
B7/S511,pair_5,1,0.0,inf,inf,rejected
B7/S511,pair_6,1,0.0,inf,inf,rejected
B7/S511,pair_7,1,0.0,inf,inf,rejected
B7/S511,pair_8,1,0.0,inf,inf,rejected
B7/S511,pair_9,1,0.0,inf,inf,rejected
B7/S511,pair_10,1,0.0,inf,inf,rejected
B7/S511,pair_11,1,0.0,inf,inf,rejected
B7/S511,tromino_L_0,1,0.0,inf,inf,rejected
B7/S511,tromino_L_1,1,0.0,inf,inf,rejected
B7/S511,tromino_L_2,1,0.0,inf,inf,rejected
B7/S511,tromino_L_3,1,0.0,inf,inf,rejected
B7/S511,tromino_L_4,1,0.0,inf,inf,rejected
B7/S511,tromino_L_5,1,0.0,inf,inf,rejected
B7/S511,tromino_L_6,1,0.0,inf,inf,rejected
B7/S511,tromino_L_7,1,0.0,inf,inf,rejected
B7/S511,compact_0,1,0.0,inf,inf,rejected
B7/S511,compact_1,1,0.0,inf,inf,rejected
B7/S511,compact_2,1,0.0,inf,inf,rejected
B7/S511,compact_3,1,0.0,inf,inf,rejected
B7/S511,compact_4,1,0.0,inf,inf,rejected
B7/S511,compact_5,1,0.0,inf,inf,rejected
B7/S511,compact_6,1,0.0,inf,inf,rejected
B7/S511,compact_7,1,0.0,inf,inf,rejected
B7/S511,compact_8,1,0.0,inf,inf,rejected
B7/S511,compact_9,1,0.0,inf,inf,rejected
B7/S511,compact_10,1,0.0,inf,inf,rejected
B7/S511,compact_11,1,0.0,inf,inf,rejected
B7/S511,compact_12,1,0.0,inf,inf,rejected
B7/S511,compact_13,1,0.0,inf,inf,rejected
B7/S511,compact_14,2,0.6015,inf,inf,rejected
B7/S511,compact_15,1,0.0,inf,inf,rejected
B7/S511,compact_16,1,0.0,inf,inf,rejected
B7/S511,compact_17,1,0.0,inf,inf,rejected
B7/S511,compact_18,1,0.0,inf,inf,rejected
B7/S511,compact_19,1,0.0,inf,inf,rejected
B7/S511,compact_20,1,0.0,inf,inf,rejected
B7/S511,compact_21,1,0.0,inf,inf,rejected
B7/S511,compact_22,1,0.0,inf,inf,rejected
B7/S511,compact_23,1,0.0,inf,inf,rejected
B7/S511,compact_24,1,0.0,inf,inf,rejected
B45/S17812,single_bit,1,0.0,inf,inf,rejected
B45/S17812,pair_0,500,0.0,1.0,2,rejected
B45/S17812,pair_1,500,0.0,1.0,2,rejected
B45/S17812,pair_2,500,0.0,1.0,2,rejected
B45/S17812,pair_3,500,0.0,1.0,2,rejected
B45/S17812,pair_4,500,0.0,1.0,2,rejected
B45/S17812,pair_5,500,0.0,1.0,2,rejected
B45/S17812,pair_6,500,0.0,1.0,2,rejected
B45/S17812,pair_7,500,0.0,1.0,2,rejected
B45/S17812,pair_8,500,0.0,1.0,2,rejected
B45/S17812,pair_9,500,0.0,1.0,2,rejected
B45/S17812,pair_10,500,0.0,1.0,2,rejected
B45/S17812,pair_11,500,0.0,1.0,2,rejected
B45/S17812,tromino_L_0,2,0.2361,inf,inf,rejected
B45/S17812,tromino_L_1,1,0.0,inf,inf,rejected
B45/S17812,tromino_L_2,2,0.167,inf,inf,rejected
B45/S17812,tromino_L_3,1,0.0,inf,inf,rejected
B45/S17812,tromino_L_4,2,0.2361,inf,inf,rejected
B45/S17812,tromino_L_5,2,0.167,inf,inf,rejected
B45/S17812,tromino_L_6,1,0.0,inf,inf,rejected
B45/S17812,tromino_L_7,1,0.0,inf,inf,rejected
B45/S17812,compact_0,2,0.167,inf,inf,rejected
B45/S17812,compact_1,1,0.0,inf,inf,rejected
B45/S17812,compact_2,2,0.0,inf,inf,rejected
B45/S17812,compact_3,2,0.0,inf,inf,rejected
B45/S17812,compact_4,500,1.0268,0.3333,2,rejected
B45/S17812,compact_5,500,1.1736,0.5,2,rejected
B45/S17812,compact_6,1,0.0,inf,inf,rejected
B45/S17812,compact_7,2,1.1834,inf,inf,rejected
B45/S17812,compact_8,1,0.0,inf,inf,rejected
B45/S17812,compact_9,2,0.7816,inf,inf,rejected
B45/S17812,compact_10,2,0.0,inf,inf,rejected
B45/S17812,compact_11,2,0.2361,inf,inf,rejected
B45/S17812,compact_12,2,0.4341,inf,inf,rejected
B45/S17812,compact_13,500,1.315,0.4,2,rejected
B45/S17812,compact_14,2,1.167,inf,inf,rejected
B45/S17812,compact_15,2,0.0,inf,inf,rejected
B45/S17812,compact_16,3,0.6721,inf,inf,rejected
B45/S17812,compact_17,2,0.9482,inf,inf,rejected
B45/S17812,compact_18,2,0.2504,inf,inf,rejected
B45/S17812,compact_19,1,0.0,inf,inf,rejected
B45/S17812,compact_20,2,1.6979,inf,inf,rejected
B45/S17812,compact_21,1,0.0,inf,inf,rejected
B45/S17812,compact_22,2,1.621,inf,inf,rejected
B45/S17812,compact_23,500,1.0918,0.3333,2,rejected
B45/S17812,compact_24,2,0.167,inf,inf,rejected
B511/S9,single_bit,1,0.0,inf,inf,rejected
B511/S9,pair_0,1,0.0,inf,inf,rejected
B511/S9,pair_1,1,0.0,inf,inf,rejected
B511/S9,pair_2,1,0.0,inf,inf,rejected
B511/S9,pair_3,1,0.0,inf,inf,rejected
B511/S9,pair_4,1,0.0,inf,inf,rejected
B511/S9,pair_5,1,0.0,inf,inf,rejected
B511/S9,pair_6,1,0.0,inf,inf,rejected
B511/S9,pair_7,1,0.0,inf,inf,rejected
B511/S9,pair_8,1,0.0,inf,inf,rejected
B511/S9,pair_9,1,0.0,inf,inf,rejected
B511/S9,pair_10,1,0.0,inf,inf,rejected
B511/S9,pair_11,1,0.0,inf,inf,rejected
B511/S9,tromino_L_0,1,0.0,inf,inf,rejected
B511/S9,tromino_L_1,1,0.0,inf,inf,rejected
B511/S9,tromino_L_2,1,0.0,inf,inf,rejected
B511/S9,tromino_L_3,1,0.0,inf,inf,rejected
B511/S9,tromino_L_4,1,0.0,inf,inf,rejected
B511/S9,tromino_L_5,1,0.0,inf,inf,rejected
B511/S9,tromino_L_6,1,0.0,inf,inf,rejected
B511/S9,tromino_L_7,1,0.0,inf,inf,rejected
B511/S9,compact_0,1,0.0,inf,inf,rejected
B511/S9,compact_1,1,0.0,inf,inf,rejected
B511/S9,compact_2,1,0.0,inf,inf,rejected
B511/S9,compact_3,1,0.0,inf,inf,rejected
B511/S9,compact_4,1,0.0,inf,inf,rejected
B511/S9,compact_5,1,0.0,inf,inf,rejected
B511/S9,compact_6,1,0.0,inf,inf,rejected
B511/S9,compact_7,1,0.0,inf,inf,rejected
B511/S9,compact_8,1,0.0,inf,inf,rejected
B511/S9,compact_9,1,0.0,inf,inf,rejected
B511/S9,compact_10,1,0.0,inf,inf,rejected
B511/S9,compact_11,1,0.0,inf,inf,rejected
B511/S9,compact_12,1,0.0,inf,inf,rejected
B511/S9,compact_13,1,0.0,inf,inf,rejected
B511/S9,compact_14,1,0.0,inf,inf,rejected
B511/S9,compact_15,1,0.0,inf,inf,rejected
B511/S9,compact_16,1,0.0,inf,inf,rejected
B511/S9,compact_17,1,0.0,inf,inf,rejected
B511/S9,compact_18,1,0.0,inf,inf,rejected
B511/S9,compact_19,1,0.0,inf,inf,rejected
B511/S9,compact_20,1,0.0,inf,inf,rejected
B511/S9,compact_21,1,0.0,inf,inf,rejected
B511/S9,compact_22,1,0.0,inf,inf,rejected
B511/S9,compact_23,1,0.0,inf,inf,rejected
B511/S9,compact_24,1,0.0,inf,inf,rejected
B7/S12,single_bit,1,0.0,inf,inf,rejected
B7/S12,pair_0,1,0.0,inf,inf,rejected
B7/S12,pair_1,1,0.0,inf,inf,rejected
B7/S12,pair_2,1,0.0,inf,inf,rejected
B7/S12,pair_3,1,0.0,inf,inf,rejected
B7/S12,pair_4,1,0.0,inf,inf,rejected
B7/S12,pair_5,1,0.0,inf,inf,rejected
B7/S12,pair_6,1,0.0,inf,inf,rejected
B7/S12,pair_7,1,0.0,inf,inf,rejected
B7/S12,pair_8,1,0.0,inf,inf,rejected
B7/S12,pair_9,1,0.0,inf,inf,rejected
B7/S12,pair_10,1,0.0,inf,inf,rejected
B7/S12,pair_11,1,0.0,inf,inf,rejected
B7/S12,tromino_L_0,1,0.0,inf,inf,rejected
B7/S12,tromino_L_1,1,0.0,inf,inf,rejected
B7/S12,tromino_L_2,1,0.0,inf,inf,rejected
B7/S12,tromino_L_3,1,0.0,inf,inf,rejected
B7/S12,tromino_L_4,1,0.0,inf,inf,rejected
B7/S12,tromino_L_5,1,0.0,inf,inf,rejected
B7/S12,tromino_L_6,1,0.0,inf,inf,rejected
B7/S12,tromino_L_7,1,0.0,inf,inf,rejected
B7/S12,compact_0,1,0.0,inf,inf,rejected
B7/S12,compact_1,1,0.0,inf,inf,rejected
B7/S12,compact_2,1,0.0,inf,inf,rejected
B7/S12,compact_3,1,0.0,inf,inf,rejected
B7/S12,compact_4,1,0.0,inf,inf,rejected
B7/S12,compact_5,1,0.0,inf,inf,rejected
B7/S12,compact_6,1,0.0,inf,inf,rejected
B7/S12,compact_7,1,0.0,inf,inf,rejected
B7/S12,compact_8,1,0.0,inf,inf,rejected
B7/S12,compact_9,1,0.0,inf,inf,rejected
B7/S12,compact_10,1,0.0,inf,inf,rejected
B7/S12,compact_11,1,0.0,inf,inf,rejected
B7/S12,compact_12,1,0.0,inf,inf,rejected
B7/S12,compact_13,1,0.0,inf,inf,rejected
B7/S12,compact_14,1,0.0,inf,inf,rejected
B7/S12,compact_15,1,0.0,inf,inf,rejected
B7/S12,compact_16,1,0.0,inf,inf,rejected
B7/S12,compact_17,1,0.0,inf,inf,rejected
B7/S12,compact_18,1,0.0,inf,inf,rejected
B7/S12,compact_19,1,0.0,inf,inf,rejected
B7/S12,compact_20,1,0.0,inf,inf,rejected
B7/S12,compact_21,1,0.0,inf,inf,rejected
B7/S12,compact_22,1,0.0,inf,inf,rejected
B7/S12,compact_23,1,0.0,inf,inf,rejected
B7/S12,compact_24,1,0.0,inf,inf,rejected
B149/S247811,single_bit,500,0.0,23864.0,40,rejected
B149/S247811,pair_0,500,28.2843,11216.0,40,rejected
B149/S247811,pair_1,500,28.2843,11216.0,40,rejected
B149/S247811,pair_2,500,28.2843,11216.0,40,rejected
B149/S247811,pair_3,500,28.2843,11216.0,40,rejected
B149/S247811,pair_4,500,34.641,11216.0,40,rejected
B149/S247811,pair_5,500,34.641,11216.0,40,rejected
B149/S247811,pair_6,500,34.641,11216.0,40,rejected
B149/S247811,pair_7,500,28.2843,11216.0,40,rejected
B149/S247811,pair_8,500,28.2843,11216.0,40,rejected
B149/S247811,pair_9,500,34.641,11216.0,40,rejected
B149/S247811,pair_10,500,28.2843,11216.0,40,rejected
B149/S247811,pair_11,500,28.2843,11216.0,40,rejected
B149/S247811,tromino_L_0,500,51.4331,7311.3333,40,rejected
B149/S247811,tromino_L_1,500,48.501,7460.6667,40,rejected
B149/S247811,tromino_L_2,500,39.0215,7311.3333,40,rejected
B149/S247811,tromino_L_3,500,48.501,7460.6667,40,rejected
B149/S247811,tromino_L_4,500,59.5676,7311.3333,40,rejected
B149/S247811,tromino_L_5,500,49.6729,7324.6667,40,rejected
B149/S247811,tromino_L_6,500,12.7254,7460.6667,40,rejected
B149/S247811,tromino_L_7,500,12.7254,7460.6667,40,rejected
B149/S247811,compact_0,500,63.7761,7324.6667,40,rejected
B149/S247811,compact_1,500,20.0,5561.5,40,rejected
B149/S247811,compact_2,500,28.2843,7557.0,40,rejected
B149/S247811,compact_3,500,34.641,7557.0,40,rejected
B149/S247811,compact_4,500,20.5344,3620.3333,40,rejected
B149/S247811,compact_5,500,39.7434,5436.75,40,rejected
B149/S247811,compact_6,500,20.0,5561.5,40,rejected
B149/S247811,compact_7,500,24.7064,4361.4,40,rejected
B149/S247811,compact_8,500,48.501,7460.6667,40,rejected
B149/S247811,compact_9,500,48.598,3616.1667,40,rejected
B149/S247811,compact_10,500,40.0,5573.0,40,rejected
B149/S247811,compact_11,500,59.5676,7311.3333,40,rejected
B149/S247811,compact_12,500,15.409,5441.0,40,rejected
B149/S247811,compact_13,500,45.99,4348.0,40,rejected
B149/S247811,compact_14,500,41.731,3612.0,40,rejected
B149/S247811,compact_15,500,40.0,5548.5,40,rejected
B149/S247811,compact_16,500,52.6414,4351.6,40,rejected
B149/S247811,compact_17,500,58.8991,4333.0,40,rejected
B149/S247811,compact_18,500,34.124,5441.0,40,rejected
B149/S247811,compact_19,500,47.2844,5524.5,40,rejected
B149/S247811,compact_20,500,40.9503,4366.4,40,rejected
B149/S247811,compact_21,500,12.7254,7460.6667,40,rejected
B149/S247811,compact_22,500,52.253,5435.25,40,rejected
B149/S247811,compact_23,500,35.468,3625.8333,40,rejected
B149/S247811,compact_24,500,39.0215,7311.3333,40,rejected
B39/S1591112,single_bit,1,0.0,inf,inf,rejected
B39/S1591112,pair_0,500,0.0,1.0,2,rejected
B39/S1591112,pair_1,500,0.0,1.0,2,rejected
B39/S1591112,pair_2,500,0.0,1.0,2,rejected
B39/S1591112,pair_3,500,0.0,1.0,2,rejected
B39/S1591112,pair_4,500,0.0,1.0,2,rejected
B39/S1591112,pair_5,500,0.0,1.0,2,rejected
B39/S1591112,pair_6,500,0.0,1.0,2,rejected
B39/S1591112,pair_7,500,0.0,1.0,2,rejected
B39/S1591112,pair_8,500,0.0,1.0,2,rejected
B39/S1591112,pair_9,500,0.0,1.0,2,rejected
B39/S1591112,pair_10,500,0.0,1.0,2,rejected
B39/S1591112,pair_11,500,0.0,1.0,2,rejected
B39/S1591112,tromino_L_0,500,0.0,1.0,2,rejected
B39/S1591112,tromino_L_1,2,1.3747,inf,inf,rejected
B39/S1591112,tromino_L_2,500,0.0,1.0,3,rejected
B39/S1591112,tromino_L_3,2,1.3747,inf,inf,rejected
B39/S1591112,tromino_L_4,500,0.0,1.0,3,rejected
B39/S1591112,tromino_L_5,2,0.167,inf,inf,rejected
B39/S1591112,tromino_L_6,2,1.0003,inf,inf,rejected
B39/S1591112,tromino_L_7,2,1.0003,inf,inf,rejected
B39/S1591112,compact_0,2,0.167,inf,inf,rejected
B39/S1591112,compact_1,2,0.0,inf,inf,rejected
B39/S1591112,compact_2,2,0.0,inf,inf,rejected
B39/S1591112,compact_3,2,0.0,inf,inf,rejected
B39/S1591112,compact_4,2,0.2366,inf,inf,rejected
B39/S1591112,compact_5,500,0.9365,0.5,2,rejected
B39/S1591112,compact_6,2,0.0,inf,inf,rejected
B39/S1591112,compact_7,3,1.0955,inf,inf,rejected
B39/S1591112,compact_8,2,1.3747,inf,inf,rejected
B39/S1591112,compact_9,4,0.7266,inf,inf,rejected
B39/S1591112,compact_10,2,0.0,inf,inf,rejected
B39/S1591112,compact_11,500,0.0,1.0,3,rejected
B39/S1591112,compact_12,500,1.09,0.5,2,rejected
B39/S1591112,compact_13,5,0.283,inf,inf,rejected
B39/S1591112,compact_14,6,0.8325,inf,inf,rejected
B39/S1591112,compact_15,2,0.0,inf,inf,rejected
B39/S1591112,compact_16,5,1.001,inf,inf,rejected
B39/S1591112,compact_17,4,1.414,inf,inf,rejected
B39/S1591112,compact_18,500,1.601,0.5,2,rejected
B39/S1591112,compact_19,4,0.2496,inf,inf,rejected
B39/S1591112,compact_20,500,0.9908,0.8,3,rejected
B39/S1591112,compact_21,2,1.0003,inf,inf,rejected
B39/S1591112,compact_22,3,0.9024,inf,inf,rejected
B39/S1591112,compact_23,5,1.7433,inf,inf,rejected
B39/S1591112,compact_24,500,0.0,1.0,3,rejected
B471011/S167,single_bit,1,0.0,inf,inf,rejected
B471011/S167,pair_0,500,0.0,1.0,2,rejected
B471011/S167,pair_1,500,0.0,1.0,2,rejected
B471011/S167,pair_2,500,0.0,1.0,2,rejected
B471011/S167,pair_3,500,0.0,1.0,2,rejected
B471011/S167,pair_4,500,0.0,1.0,2,rejected
B471011/S167,pair_5,500,0.0,1.0,2,rejected
B471011/S167,pair_6,500,0.0,1.0,2,rejected
B471011/S167,pair_7,500,0.0,1.0,2,rejected
B471011/S167,pair_8,500,0.0,1.0,2,rejected
B471011/S167,pair_9,500,0.0,1.0,2,rejected
B471011/S167,pair_10,500,0.0,1.0,2,rejected
B471011/S167,pair_11,500,0.0,1.0,2,rejected
B471011/S167,tromino_L_0,2,0.2361,inf,inf,rejected
B471011/S167,tromino_L_1,1,0.0,inf,inf,rejected
B471011/S167,tromino_L_2,2,0.167,inf,inf,rejected
B471011/S167,tromino_L_3,1,0.0,inf,inf,rejected
B471011/S167,tromino_L_4,2,0.2361,inf,inf,rejected
B471011/S167,tromino_L_5,2,0.167,inf,inf,rejected
B471011/S167,tromino_L_6,1,0.0,inf,inf,rejected
B471011/S167,tromino_L_7,1,0.0,inf,inf,rejected
B471011/S167,compact_0,2,0.167,inf,inf,rejected
B471011/S167,compact_1,1,0.0,inf,inf,rejected
B471011/S167,compact_2,2,0.0,inf,inf,rejected
B471011/S167,compact_3,2,0.0,inf,inf,rejected
B471011/S167,compact_4,500,1.0268,0.3333,2,rejected
B471011/S167,compact_5,500,1.1736,0.5,2,rejected
B471011/S167,compact_6,1,0.0,inf,inf,rejected
B471011/S167,compact_7,2,1.1834,inf,inf,rejected
B471011/S167,compact_8,1,0.0,inf,inf,rejected
B471011/S167,compact_9,2,0.7816,inf,inf,rejected
B471011/S167,compact_10,2,0.0,inf,inf,rejected
B471011/S167,compact_11,2,0.2361,inf,inf,rejected
B471011/S167,compact_12,2,0.4341,inf,inf,rejected
B471011/S167,compact_13,500,1.315,0.4,2,rejected
B471011/S167,compact_14,2,1.167,inf,inf,rejected
B471011/S167,compact_15,2,0.0,inf,inf,rejected
B471011/S167,compact_16,3,0.6721,inf,inf,rejected
B471011/S167,compact_17,2,0.9482,inf,inf,rejected
B471011/S167,compact_18,2,0.2504,inf,inf,rejected
B471011/S167,compact_19,1,0.0,inf,inf,rejected
B471011/S167,compact_20,2,1.6979,inf,inf,rejected
B471011/S167,compact_21,1,0.0,inf,inf,rejected
B471011/S167,compact_22,2,1.621,inf,inf,rejected
B471011/S167,compact_23,500,1.0918,0.3333,2,rejected
B471011/S167,compact_24,2,0.167,inf,inf,rejected
B67/S2910,single_bit,1,0.0,inf,inf,rejected
B67/S2910,pair_0,1,0.0,inf,inf,rejected
B67/S2910,pair_1,1,0.0,inf,inf,rejected
B67/S2910,pair_2,1,0.0,inf,inf,rejected
B67/S2910,pair_3,1,0.0,inf,inf,rejected
B67/S2910,pair_4,1,0.0,inf,inf,rejected
B67/S2910,pair_5,1,0.0,inf,inf,rejected
B67/S2910,pair_6,1,0.0,inf,inf,rejected
B67/S2910,pair_7,1,0.0,inf,inf,rejected
B67/S2910,pair_8,1,0.0,inf,inf,rejected
B67/S2910,pair_9,1,0.0,inf,inf,rejected
B67/S2910,pair_10,1,0.0,inf,inf,rejected
B67/S2910,pair_11,1,0.0,inf,inf,rejected
B67/S2910,tromino_L_0,2,0.471,inf,inf,rejected
B67/S2910,tromino_L_1,500,0.0,1.0,2,rejected
B67/S2910,tromino_L_2,2,0.333,inf,inf,rejected
B67/S2910,tromino_L_3,500,0.0,1.0,2,rejected
B67/S2910,tromino_L_4,2,0.471,inf,inf,rejected
B67/S2910,tromino_L_5,2,0.333,inf,inf,rejected
B67/S2910,tromino_L_6,500,0.0,1.0,2,rejected
B67/S2910,tromino_L_7,500,0.0,1.0,2,rejected
B67/S2910,compact_0,2,0.333,inf,inf,rejected
B67/S2910,compact_1,2,0.0,inf,inf,rejected
B67/S2910,compact_2,2,0.0,inf,inf,rejected
B67/S2910,compact_3,2,0.0,inf,inf,rejected
B67/S2910,compact_4,2,0.3439,inf,inf,rejected
B67/S2910,compact_5,2,0.7893,inf,inf,rejected
B67/S2910,compact_6,2,0.0,inf,inf,rejected
B67/S2910,compact_7,2,0.548,inf,inf,rejected
B67/S2910,compact_8,500,0.0,1.0,2,rejected
B67/S2910,compact_9,2,0.333,inf,inf,rejected
B67/S2910,compact_10,1,0.0,inf,inf,rejected
B67/S2910,compact_11,2,0.471,inf,inf,rejected
B67/S2910,compact_12,2,0.4319,inf,inf,rejected
B67/S2910,compact_13,2,0.5745,inf,inf,rejected
B67/S2910,compact_14,2,0.6015,inf,inf,rejected
B67/S2910,compact_15,2,0.0,inf,inf,rejected
B67/S2910,compact_16,2,1.1838,inf,inf,rejected
B67/S2910,compact_17,2,1.6128,inf,inf,rejected
B67/S2910,compact_18,2,0.2496,inf,inf,rejected
B67/S2910,compact_19,2,0.2496,inf,inf,rejected
B67/S2910,compact_20,2,0.4234,inf,inf,rejected
B67/S2910,compact_21,500,0.0,1.0,2,rejected
B67/S2910,compact_22,2,0.9346,inf,inf,rejected
B67/S2910,compact_23,2,0.8325,inf,inf,rejected
B67/S2910,compact_24,2,0.333,inf,inf,rejected
B2348910/S28910,single_bit,1,0.0,inf,inf,rejected
B2348910/S28910,pair_0,500,28.2843,14046.0,40,rejected
B2348910/S28910,pair_1,500,28.2843,14046.0,40,rejected
B2348910/S28910,pair_2,500,28.2843,14046.0,40,rejected
B2348910/S28910,pair_3,500,48.9898,14046.0,40,rejected
B2348910/S28910,pair_4,500,44.7214,14046.0,40,rejected
B2348910/S28910,pair_5,500,20.0,14046.0,40,rejected
B2348910/S28910,pair_6,500,40.0,14046.0,40,rejected
B2348910/S28910,pair_7,500,44.7214,14046.0,40,rejected
B2348910/S28910,pair_8,500,20.0,14046.0,40,rejected
B2348910/S28910,pair_9,500,56.5685,14046.0,40,rejected
B2348910/S28910,pair_10,500,44.7214,14046.0,40,rejected
B2348910/S28910,pair_11,500,44.7214,14046.0,40,rejected
B2348910/S28910,tromino_L_0,500,78.5344,9168.3333,40,rejected
B2348910/S28910,tromino_L_1,500,61.0811,9345.6667,40,rejected
B2348910/S28910,tromino_L_2,500,60.6946,9168.3333,40,rejected
B2348910/S28910,tromino_L_3,500,61.0811,9345.6667,40,rejected
B2348910/S28910,tromino_L_4,500,59.1203,9168.3333,40,rejected
B2348910/S28910,tromino_L_5,500,29.1775,9253.6667,40,rejected
B2348910/S28910,tromino_L_6,500,64.2683,9345.6667,40,rejected
B2348910/S28910,tromino_L_7,500,64.2683,9345.6667,40,rejected
B2348910/S28910,compact_0,500,49.5109,9253.6667,40,rejected
B2348910/S28910,compact_1,500,40.0,7018.5,40,rejected
B2348910/S28910,compact_2,500,48.9898,9778.0,40,rejected
B2348910/S28910,compact_3,500,48.9898,9778.0,40,rejected
B2348910/S28910,compact_4,500,64.8858,4476.0,40,rejected
B2348910/S28910,compact_5,500,29.0308,6751.75,40,rejected
B2348910/S28910,compact_6,500,40.0,7018.5,40,rejected
B2348910/S28910,compact_7,500,76.7634,5403.4,40,rejected
B2348910/S28910,compact_8,500,61.0811,9345.6667,40,rejected
B2348910/S28910,compact_9,500,28.466,4491.1667,40,rejected
B2348910/S28910,compact_10,500,20.0,6989.25,40,rejected
B2348910/S28910,compact_11,500,59.1203,9168.3333,40,rejected
B2348910/S28910,compact_12,500,66.2745,6734.75,40,rejected
B2348910/S28910,compact_13,500,51.0483,5384.8,40,rejected
B2348910/S28910,compact_14,500,45.9079,4483.0,40,rejected
B2348910/S28910,compact_15,500,48.9898,7051.0,40,rejected
B2348910/S28910,compact_16,500,29.5179,5384.6,40,rejected
B2348910/S28910,compact_17,500,66.0983,5380.0,40,rejected
B2348910/S28910,compact_18,500,50.7809,6734.75,40,rejected
B2348910/S28910,compact_19,500,52.0155,6935.5,40,rejected
B2348910/S28910,compact_20,500,81.4265,5419.0,40,rejected
B2348910/S28910,compact_21,500,64.2683,9345.6667,40,rejected
B2348910/S28910,compact_22,500,29.1534,6718.75,40,rejected
B2348910/S28910,compact_23,500,49.7964,4474.8333,40,rejected
B2348910/S28910,compact_24,500,60.6946,9168.3333,40,rejected
B6/S25,single_bit,1,0.0,inf,inf,rejected
B6/S25,pair_0,1,0.0,inf,inf,rejected
B6/S25,pair_1,1,0.0,inf,inf,rejected
B6/S25,pair_2,1,0.0,inf,inf,rejected
B6/S25,pair_3,1,0.0,inf,inf,rejected
B6/S25,pair_4,1,0.0,inf,inf,rejected
B6/S25,pair_5,1,0.0,inf,inf,rejected
B6/S25,pair_6,1,0.0,inf,inf,rejected
B6/S25,pair_7,1,0.0,inf,inf,rejected
B6/S25,pair_8,1,0.0,inf,inf,rejected
B6/S25,pair_9,1,0.0,inf,inf,rejected
B6/S25,pair_10,1,0.0,inf,inf,rejected
B6/S25,pair_11,1,0.0,inf,inf,rejected
B6/S25,tromino_L_0,2,0.471,inf,inf,rejected
B6/S25,tromino_L_1,500,0.0,1.0,2,rejected
B6/S25,tromino_L_2,2,0.333,inf,inf,rejected
B6/S25,tromino_L_3,500,0.0,1.0,2,rejected
B6/S25,tromino_L_4,2,0.471,inf,inf,rejected
B6/S25,tromino_L_5,2,0.333,inf,inf,rejected
B6/S25,tromino_L_6,500,0.0,1.0,2,rejected
B6/S25,tromino_L_7,500,0.0,1.0,2,rejected
B6/S25,compact_0,2,0.333,inf,inf,rejected
B6/S25,compact_1,2,0.0,inf,inf,rejected
B6/S25,compact_2,2,0.0,inf,inf,rejected
B6/S25,compact_3,2,0.0,inf,inf,rejected
B6/S25,compact_4,2,0.3439,inf,inf,rejected
B6/S25,compact_5,2,0.7893,inf,inf,rejected
B6/S25,compact_6,2,0.0,inf,inf,rejected
B6/S25,compact_7,2,0.548,inf,inf,rejected
B6/S25,compact_8,500,0.0,1.0,2,rejected
B6/S25,compact_9,2,0.333,inf,inf,rejected
B6/S25,compact_10,1,0.0,inf,inf,rejected
B6/S25,compact_11,2,0.471,inf,inf,rejected
B6/S25,compact_12,2,0.4319,inf,inf,rejected
B6/S25,compact_13,2,0.5745,inf,inf,rejected
B6/S25,compact_14,3,0.6015,inf,inf,rejected
B6/S25,compact_15,2,0.0,inf,inf,rejected
B6/S25,compact_16,2,1.1838,inf,inf,rejected
B6/S25,compact_17,2,1.6128,inf,inf,rejected
B6/S25,compact_18,2,0.2496,inf,inf,rejected
B6/S25,compact_19,2,0.2496,inf,inf,rejected
B6/S25,compact_20,2,0.4234,inf,inf,rejected
B6/S25,compact_21,500,0.0,1.0,2,rejected
B6/S25,compact_22,2,0.9346,inf,inf,rejected
B6/S25,compact_23,2,0.8325,inf,inf,rejected
B6/S25,compact_24,2,0.333,inf,inf,rejected
B2367910/S12379,single_bit,1,0.0,inf,inf,rejected
B2367910/S12379,pair_0,500,20.0,14425.0,40,rejected
B2367910/S12379,pair_1,500,20.0,14425.0,40,rejected
B2367910/S12379,pair_2,500,20.0,14425.0,40,rejected
B2367910/S12379,pair_3,500,20.0,14425.0,40,rejected
B2367910/S12379,pair_4,500,20.0,14425.0,40,rejected
B2367910/S12379,pair_5,500,20.0,14425.0,40,rejected
B2367910/S12379,pair_6,500,20.0,14425.0,40,rejected
B2367910/S12379,pair_7,500,20.0,14425.0,40,rejected
B2367910/S12379,pair_8,500,20.0,14425.0,40,rejected
B2367910/S12379,pair_9,500,20.0,14425.0,40,rejected
B2367910/S12379,pair_10,500,20.0,14425.0,40,rejected
B2367910/S12379,pair_11,500,20.0,14425.0,40,rejected
B2367910/S12379,tromino_L_0,500,20.237,9325.3333,40,rejected
B2367910/S12379,tromino_L_1,500,17.8217,9479.6667,40,rejected
B2367910/S12379,tromino_L_2,500,28.3684,9325.3333,40,rejected
B2367910/S12379,tromino_L_3,500,17.8217,9479.6667,40,rejected
B2367910/S12379,tromino_L_4,500,20.9103,9325.3333,40,rejected
B2367910/S12379,tromino_L_5,500,8.0957,9584.0,40,rejected
B2367910/S12379,tromino_L_6,500,50.5561,9479.6667,40,rejected
B2367910/S12379,tromino_L_7,500,50.5561,9479.6667,40,rejected
B2367910/S12379,compact_0,500,40.811,9584.0,40,rejected
B2367910/S12379,compact_1,500,20.0,7046.5,40,rejected
B2367910/S12379,compact_2,500,28.2843,9546.3333,40,rejected
B2367910/S12379,compact_3,500,44.7214,9546.3333,40,rejected
B2367910/S12379,compact_4,500,66.8451,4630.0,40,rejected
B2367910/S12379,compact_5,500,39.1858,6948.75,40,rejected
B2367910/S12379,compact_6,500,20.0,7046.5,40,rejected
B2367910/S12379,compact_7,500,40.4563,5571.2,40,rejected
B2367910/S12379,compact_8,500,17.8217,9479.6667,40,rejected
B2367910/S12379,compact_9,500,63.959,4631.6667,40,rejected
B2367910/S12379,compact_10,500,48.9898,7468.0,40,rejected
B2367910/S12379,compact_11,500,20.9103,9325.3333,40,rejected
B2367910/S12379,compact_12,500,43.6602,6959.0,40,rejected
B2367910/S12379,compact_13,500,59.5854,5571.0,40,rejected
B2367910/S12379,compact_14,500,36.8621,4640.8333,40,rejected
B2367910/S12379,compact_15,500,48.9898,7223.0,40,rejected
B2367910/S12379,compact_16,500,65.4203,5565.0,40,rejected
B2367910/S12379,compact_17,500,51.0498,5576.6,40,rejected
B2367910/S12379,compact_18,500,38.3718,6959.0,40,rejected
B2367910/S12379,compact_19,500,21.0989,7042.5,40,rejected
B2367910/S12379,compact_20,500,38.5978,5605.8,40,rejected
B2367910/S12379,compact_21,500,50.5561,9479.6667,40,rejected
B2367910/S12379,compact_22,500,25.4134,6948.0,40,rejected
B2367910/S12379,compact_23,500,28.9117,4645.6667,40,rejected
B2367910/S12379,compact_24,500,28.3684,9325.3333,40,rejected
B24/S1411,single_bit,1,0.0,inf,inf,rejected
B24/S1411,pair_0,500,28.2843,10942.0,40,rejected
B24/S1411,pair_1,500,28.2843,10942.0,40,rejected
B24/S1411,pair_2,500,28.2843,10942.0,40,rejected
B24/S1411,pair_3,500,28.2843,10942.0,40,rejected
B24/S1411,pair_4,500,28.2843,10942.0,40,rejected
B24/S1411,pair_5,500,28.2843,10942.0,40,rejected
B24/S1411,pair_6,500,48.9898,10942.0,40,rejected
B24/S1411,pair_7,500,48.9898,10942.0,40,rejected
B24/S1411,pair_8,500,48.9898,10942.0,40,rejected
B24/S1411,pair_9,500,48.9898,10942.0,40,rejected
B24/S1411,pair_10,500,48.9898,10942.0,40,rejected
B24/S1411,pair_11,500,48.9898,10942.0,40,rejected
B24/S1411,tromino_L_0,500,20.9888,7104.0,40,rejected
B24/S1411,tromino_L_1,500,47.9748,7281.0,40,rejected
B24/S1411,tromino_L_2,500,20.5004,7104.0,40,rejected
B24/S1411,tromino_L_3,500,47.9748,7281.0,40,rejected
B24/S1411,tromino_L_4,500,4.5119,7104.0,40,rejected
B24/S1411,tromino_L_5,500,30.3253,7176.3333,40,rejected
B24/S1411,tromino_L_6,500,22.6364,7281.0,40,rejected
B24/S1411,tromino_L_7,500,22.6364,7281.0,40,rejected
B24/S1411,compact_0,500,50.1959,7176.3333,40,rejected
B24/S1411,compact_1,500,34.641,5425.5,40,rejected
B24/S1411,compact_2,500,28.2843,7392.6667,40,rejected
B24/S1411,compact_3,500,34.641,7392.6667,40,rejected
B24/S1411,compact_4,500,58.4348,3536.6667,40,rejected
B24/S1411,compact_5,500,58.5368,5284.25,40,rejected
B24/S1411,compact_6,500,66.3325,5425.5,40,rejected
B24/S1411,compact_7,500,60.859,4243.8,40,rejected
B24/S1411,compact_8,500,47.9748,7281.0,40,rejected
B24/S1411,compact_9,500,84.0685,3524.0,40,rejected
B24/S1411,compact_10,500,0.0,5518.5,40,rejected
B24/S1411,compact_11,500,4.5119,7104.0,40,rejected
B24/S1411,compact_12,500,42.9696,5278.75,40,rejected
B24/S1411,compact_13,500,40.7383,4237.0,40,rejected
B24/S1411,compact_14,500,25.6151,3540.6667,40,rejected
B24/S1411,compact_15,500,0.0,5453.5,40,rejected
B24/S1411,compact_16,500,49.1746,4266.2,40,rejected
B24/S1411,compact_17,500,47.7094,4229.4,40,rejected
B24/S1411,compact_18,500,44.5418,5278.75,40,rejected
B24/S1411,compact_19,500,34.4975,5524.0,40,rejected
B24/S1411,compact_20,500,19.9523,4290.4,40,rejected
B24/S1411,compact_21,500,22.6364,7281.0,40,rejected
B24/S1411,compact_22,500,57.1753,5286.0,40,rejected
B24/S1411,compact_23,500,55.5678,3523.6667,40,rejected
B24/S1411,compact_24,500,20.5004,7104.0,40,rejected
B347/S7910,single_bit,1,0.0,inf,inf,rejected
B347/S7910,pair_0,1,0.0,inf,inf,rejected
B347/S7910,pair_1,1,0.0,inf,inf,rejected
B347/S7910,pair_2,1,0.0,inf,inf,rejected
B347/S7910,pair_3,1,0.0,inf,inf,rejected
B347/S7910,pair_4,1,0.0,inf,inf,rejected
B347/S7910,pair_5,1,0.0,inf,inf,rejected
B347/S7910,pair_6,1,0.0,inf,inf,rejected
B347/S7910,pair_7,1,0.0,inf,inf,rejected
B347/S7910,pair_8,1,0.0,inf,inf,rejected
B347/S7910,pair_9,1,0.0,inf,inf,rejected
B347/S7910,pair_10,1,0.0,inf,inf,rejected
B347/S7910,pair_11,1,0.0,inf,inf,rejected
B347/S7910,tromino_L_0,2,0.9432,inf,inf,rejected
B347/S7910,tromino_L_1,2,1.3747,inf,inf,rejected
B347/S7910,tromino_L_2,2,0.667,inf,inf,rejected
B347/S7910,tromino_L_3,2,1.3747,inf,inf,rejected
B347/S7910,tromino_L_4,2,0.9432,inf,inf,rejected
B347/S7910,tromino_L_5,2,0.167,inf,inf,rejected
B347/S7910,tromino_L_6,2,1.0003,inf,inf,rejected
B347/S7910,tromino_L_7,2,1.0003,inf,inf,rejected
B347/S7910,compact_0,2,0.167,inf,inf,rejected
B347/S7910,compact_1,2,0.0,inf,inf,rejected
B347/S7910,compact_2,1,0.0,inf,inf,rejected
B347/S7910,compact_3,1,0.0,inf,inf,rejected
B347/S7910,compact_4,4,0.6237,inf,inf,rejected
B347/S7910,compact_5,2,0.613,inf,inf,rejected
B347/S7910,compact_6,2,0.0,inf,inf,rejected
B347/S7910,compact_7,500,0.3537,0.8,3,rejected
B347/S7910,compact_8,2,1.3747,inf,inf,rejected
B347/S7910,compact_9,500,0.5069,0.6667,3,rejected
B347/S7910,compact_10,3,0.0,inf,inf,rejected
B347/S7910,compact_11,2,0.9432,inf,inf,rejected
B347/S7910,compact_12,2,1.0905,inf,inf,rejected
B347/S7910,compact_13,500,0.3241,0.8,3,rejected
B347/S7910,compact_14,4,0.7822,inf,inf,rejected
B347/S7910,compact_15,1,0.0,inf,inf,rejected
B347/S7910,compact_16,3,0.5478,inf,inf,rejected
B347/S7910,compact_17,3,0.2242,inf,inf,rejected
B347/S7910,compact_18,2,1.0311,inf,inf,rejected
B347/S7910,compact_19,500,0.0,1.0,3,rejected
B347/S7910,compact_20,3,0.2837,inf,inf,rejected
B347/S7910,compact_21,2,1.0003,inf,inf,rejected
B347/S7910,compact_22,2,0.3546,inf,inf,rejected
B347/S7910,compact_23,3,0.3344,inf,inf,rejected
B347/S7910,compact_24,2,0.667,inf,inf,rejected
B158910/S6,single_bit,500,28.2843,15908.0,40,rejected
B158910/S6,pair_0,500,20.0,7565.0,40,rejected
B158910/S6,pair_1,500,44.7214,7565.0,40,rejected
B158910/S6,pair_2,500,20.0,7565.0,40,rejected
B158910/S6,pair_3,500,20.0,7565.0,40,rejected
B158910/S6,pair_4,500,0.0,7565.0,40,rejected
B158910/S6,pair_5,500,40.0,7565.0,40,rejected
B158910/S6,pair_6,500,20.0,7565.0,40,rejected
B158910/S6,pair_7,500,28.2843,7565.0,40,rejected
B158910/S6,pair_8,500,28.2843,7565.0,40,rejected
B158910/S6,pair_9,500,60.0,7565.0,40,rejected
B158910/S6,pair_10,500,48.9898,7565.0,40,rejected
B158910/S6,pair_11,500,28.2843,7565.0,40,rejected
B158910/S6,tromino_L_0,500,33.5678,4930.3333,40,rejected
B158910/S6,tromino_L_1,500,73.9767,4909.3333,40,rejected
B158910/S6,tromino_L_2,500,27.6297,4930.3333,40,rejected
B158910/S6,tromino_L_3,500,73.9767,4909.3333,40,rejected
B158910/S6,tromino_L_4,500,19.1063,4930.3333,40,rejected
B158910/S6,tromino_L_5,500,27.5266,4981.3333,40,rejected
B158910/S6,tromino_L_6,500,75.131,4909.3333,40,rejected
B158910/S6,tromino_L_7,500,75.131,4909.3333,40,rejected
B158910/S6,compact_0,500,27.5266,4981.3333,40,rejected
B158910/S6,compact_1,500,44.7214,3743.0,40,rejected
B158910/S6,compact_2,500,34.641,5022.6667,40,rejected
B158910/S6,compact_3,500,34.641,5022.6667,40,rejected
B158910/S6,compact_4,500,62.1679,2430.6667,40,rejected
B158910/S6,compact_5,500,74.0235,3673.0,40,rejected
B158910/S6,compact_6,500,40.0,3743.0,40,rejected
B158910/S6,compact_7,500,32.759,2919.0,40,rejected
B158910/S6,compact_8,500,73.9767,4909.3333,40,rejected
B158910/S6,compact_9,500,50.8169,2442.1667,40,rejected
B158910/S6,compact_10,500,28.2843,3765.75,40,rejected
B158910/S6,compact_11,500,19.1063,4930.3333,40,rejected
B158910/S6,compact_12,500,32.0297,3672.0,40,rejected
B158910/S6,compact_13,500,34.8478,2923.4,40,rejected
B158910/S6,compact_14,500,59.1612,2427.0,40,rejected
B158910/S6,compact_15,500,28.2843,3768.5,40,rejected
B158910/S6,compact_16,500,57.1044,2944.6,40,rejected
B158910/S6,compact_17,500,63.2627,2918.2,40,rejected
B158910/S6,compact_18,500,30.4488,3672.0,40,rejected
B158910/S6,compact_19,500,63.4423,3755.0,40,rejected
B158910/S6,compact_20,500,28.2441,2935.4,40,rejected
B158910/S6,compact_21,500,75.131,4909.3333,40,rejected
B158910/S6,compact_22,500,21.5565,3654.25,40,rejected
B158910/S6,compact_23,500,48.7904,2435.0,40,rejected
B158910/S6,compact_24,500,27.6297,4930.3333,40,rejected
B611/S36,single_bit,1,0.0,inf,inf,rejected
B611/S36,pair_0,1,0.0,inf,inf,rejected
B611/S36,pair_1,1,0.0,inf,inf,rejected
B611/S36,pair_2,1,0.0,inf,inf,rejected
B611/S36,pair_3,1,0.0,inf,inf,rejected
B611/S36,pair_4,1,0.0,inf,inf,rejected
B611/S36,pair_5,1,0.0,inf,inf,rejected
B611/S36,pair_6,1,0.0,inf,inf,rejected
B611/S36,pair_7,1,0.0,inf,inf,rejected
B611/S36,pair_8,1,0.0,inf,inf,rejected
B611/S36,pair_9,1,0.0,inf,inf,rejected
B611/S36,pair_10,1,0.0,inf,inf,rejected
B611/S36,pair_11,1,0.0,inf,inf,rejected
B611/S36,tromino_L_0,1,0.0,inf,inf,rejected
B611/S36,tromino_L_1,1,0.0,inf,inf,rejected
B611/S36,tromino_L_2,1,0.0,inf,inf,rejected
B611/S36,tromino_L_3,1,0.0,inf,inf,rejected
B611/S36,tromino_L_4,1,0.0,inf,inf,rejected
B611/S36,tromino_L_5,1,0.0,inf,inf,rejected
B611/S36,tromino_L_6,1,0.0,inf,inf,rejected
B611/S36,tromino_L_7,1,0.0,inf,inf,rejected
B611/S36,compact_0,1,0.0,inf,inf,rejected
B611/S36,compact_1,2,0.0,inf,inf,rejected
B611/S36,compact_2,1,0.0,inf,inf,rejected
B611/S36,compact_3,1,0.0,inf,inf,rejected
B611/S36,compact_4,2,0.6877,inf,inf,rejected
B611/S36,compact_5,2,0.6127,inf,inf,rejected
B611/S36,compact_6,2,0.0,inf,inf,rejected
B611/S36,compact_7,2,0.5913,inf,inf,rejected
B611/S36,compact_8,1,0.0,inf,inf,rejected
B611/S36,compact_9,2,0.167,inf,inf,rejected
B611/S36,compact_10,2,0.0,inf,inf,rejected
B611/S36,compact_11,1,0.0,inf,inf,rejected
B611/S36,compact_12,1,0.0,inf,inf,rejected
B611/S36,compact_13,2,0.8251,inf,inf,rejected
B611/S36,compact_14,2,1.3012,inf,inf,rejected
B611/S36,compact_15,1,0.0,inf,inf,rejected
B611/S36,compact_16,2,0.446,inf,inf,rejected
B611/S36,compact_17,2,0.2242,inf,inf,rejected
B611/S36,compact_18,1,0.0,inf,inf,rejected
B611/S36,compact_19,2,0.2504,inf,inf,rejected
B611/S36,compact_20,2,1.1305,inf,inf,rejected
B611/S36,compact_21,1,0.0,inf,inf,rejected
B611/S36,compact_22,2,0.3541,inf,inf,rejected
B611/S36,compact_23,2,0.7234,inf,inf,rejected
B611/S36,compact_24,1,0.0,inf,inf,rejected
B23/S5910,single_bit,1,0.0,inf,inf,rejected
B23/S5910,pair_0,500,20.0,11109.0,40,rejected
B23/S5910,pair_1,500,20.0,11109.0,40,rejected
B23/S5910,pair_2,500,20.0,11109.0,40,rejected
B23/S5910,pair_3,500,44.7214,11109.0,40,rejected
B23/S5910,pair_4,500,44.7214,11109.0,40,rejected
B23/S5910,pair_5,500,20.0,11109.0,40,rejected
B23/S5910,pair_6,500,40.0,11109.0,40,rejected
B23/S5910,pair_7,500,40.0,11109.0,40,rejected
B23/S5910,pair_8,500,40.0,11109.0,40,rejected
B23/S5910,pair_9,500,56.5685,11109.0,40,rejected
B23/S5910,pair_10,500,40.0,11109.0,40,rejected
B23/S5910,pair_11,500,56.5685,11109.0,40,rejected
B23/S5910,tromino_L_0,500,32.5418,7116.6667,40,rejected
B23/S5910,tromino_L_1,500,48.2377,7280.3333,40,rejected
B23/S5910,tromino_L_2,500,23.0105,7116.6667,40,rejected
B23/S5910,tromino_L_3,500,48.2377,7280.3333,40,rejected
B23/S5910,tromino_L_4,500,32.0499,7116.6667,40,rejected
B23/S5910,tromino_L_5,500,35.7192,7385.3333,40,rejected
B23/S5910,tromino_L_6,500,56.3145,7280.3333,40,rejected
B23/S5910,tromino_L_7,500,56.3145,7280.3333,40,rejected
B23/S5910,compact_0,500,35.7192,7385.3333,40,rejected
B23/S5910,compact_1,500,34.641,5390.5,40,rejected
B23/S5910,compact_2,500,20.0,7496.0,40,rejected
B23/S5910,compact_3,500,20.0,7496.0,40,rejected
B23/S5910,compact_4,500,62.1488,3515.0,40,rejected
B23/S5910,compact_5,500,51.7223,5292.25,40,rejected
B23/S5910,compact_6,500,34.641,5390.5,40,rejected
B23/S5910,compact_7,500,36.3746,4199.2,40,rejected
B23/S5910,compact_8,500,48.2377,7280.3333,40,rejected
B23/S5910,compact_9,500,50.5655,3530.6667,40,rejected
B23/S5910,compact_10,500,0.0,5544.5,40,rejected
B23/S5910,compact_11,500,32.0499,7116.6667,40,rejected
B23/S5910,compact_12,500,68.369,5285.75,40,rejected
B23/S5910,compact_13,500,46.1771,4230.2,40,rejected
B23/S5910,compact_14,500,57.7295,3494.6667,40,rejected
B23/S5910,compact_15,500,34.641,5544.5,40,rejected
B23/S5910,compact_16,500,49.7126,4198.4,40,rejected
B23/S5910,compact_17,500,36.9245,4219.4,40,rejected
B23/S5910,compact_18,500,75.5174,5285.75,40,rejected
B23/S5910,compact_19,500,69.002,5400.0,40,rejected
B23/S5910,compact_20,500,58.0271,4310.0,40,rejected
B23/S5910,compact_21,500,56.3145,7280.3333,40,rejected
B23/S5910,compact_22,500,48.3388,5313.5,40,rejected
B23/S5910,compact_23,500,45.3589,3518.0,40,rejected
B23/S5910,compact_24,500,23.0105,7116.6667,40,rejected
B567811/S312,single_bit,1,0.0,inf,inf,rejected
B567811/S312,pair_0,1,0.0,inf,inf,rejected
B567811/S312,pair_1,1,0.0,inf,inf,rejected
B567811/S312,pair_2,1,0.0,inf,inf,rejected
B567811/S312,pair_3,1,0.0,inf,inf,rejected
B567811/S312,pair_4,1,0.0,inf,inf,rejected
B567811/S312,pair_5,1,0.0,inf,inf,rejected
B567811/S312,pair_6,1,0.0,inf,inf,rejected
B567811/S312,pair_7,1,0.0,inf,inf,rejected
B567811/S312,pair_8,1,0.0,inf,inf,rejected
B567811/S312,pair_9,1,0.0,inf,inf,rejected
B567811/S312,pair_10,1,0.0,inf,inf,rejected
B567811/S312,pair_11,1,0.0,inf,inf,rejected
B567811/S312,tromino_L_0,1,0.0,inf,inf,rejected
B567811/S312,tromino_L_1,1,0.0,inf,inf,rejected
B567811/S312,tromino_L_2,1,0.0,inf,inf,rejected
B567811/S312,tromino_L_3,1,0.0,inf,inf,rejected
B567811/S312,tromino_L_4,1,0.0,inf,inf,rejected
B567811/S312,tromino_L_5,1,0.0,inf,inf,rejected
B567811/S312,tromino_L_6,1,0.0,inf,inf,rejected
B567811/S312,tromino_L_7,1,0.0,inf,inf,rejected
B567811/S312,compact_0,1,0.0,inf,inf,rejected
B567811/S312,compact_1,2,0.0,inf,inf,rejected
B567811/S312,compact_2,1,0.0,inf,inf,rejected
B567811/S312,compact_3,1,0.0,inf,inf,rejected
B567811/S312,compact_4,2,0.6877,inf,inf,rejected
B567811/S312,compact_5,2,0.6127,inf,inf,rejected
B567811/S312,compact_6,2,0.0,inf,inf,rejected
B567811/S312,compact_7,2,0.5913,inf,inf,rejected
B567811/S312,compact_8,1,0.0,inf,inf,rejected
B567811/S312,compact_9,2,0.167,inf,inf,rejected
B567811/S312,compact_10,2,0.0,inf,inf,rejected
B567811/S312,compact_11,1,0.0,inf,inf,rejected
B567811/S312,compact_12,1,0.0,inf,inf,rejected
B567811/S312,compact_13,2,0.8251,inf,inf,rejected
B567811/S312,compact_14,2,1.3012,inf,inf,rejected
B567811/S312,compact_15,1,0.0,inf,inf,rejected
B567811/S312,compact_16,2,0.446,inf,inf,rejected
B567811/S312,compact_17,2,0.2242,inf,inf,rejected
B567811/S312,compact_18,1,0.0,inf,inf,rejected
B567811/S312,compact_19,2,0.2504,inf,inf,rejected
B567811/S312,compact_20,2,1.1305,inf,inf,rejected
B567811/S312,compact_21,1,0.0,inf,inf,rejected
B567811/S312,compact_22,2,0.3541,inf,inf,rejected
B567811/S312,compact_23,2,0.7234,inf,inf,rejected
B567811/S312,compact_24,1,0.0,inf,inf,rejected
B89/S24,single_bit,1,0.0,inf,inf,rejected
B89/S24,pair_0,1,0.0,inf,inf,rejected
B89/S24,pair_1,1,0.0,inf,inf,rejected
B89/S24,pair_2,1,0.0,inf,inf,rejected
B89/S24,pair_3,1,0.0,inf,inf,rejected
B89/S24,pair_4,1,0.0,inf,inf,rejected
B89/S24,pair_5,1,0.0,inf,inf,rejected
B89/S24,pair_6,1,0.0,inf,inf,rejected
B89/S24,pair_7,1,0.0,inf,inf,rejected
B89/S24,pair_8,1,0.0,inf,inf,rejected
B89/S24,pair_9,1,0.0,inf,inf,rejected
B89/S24,pair_10,1,0.0,inf,inf,rejected
B89/S24,pair_11,1,0.0,inf,inf,rejected
B89/S24,tromino_L_0,2,0.471,inf,inf,rejected
B89/S24,tromino_L_1,500,0.0,1.0,2,rejected
B89/S24,tromino_L_2,2,0.333,inf,inf,rejected
B89/S24,tromino_L_3,500,0.0,1.0,2,rejected
B89/S24,tromino_L_4,2,0.471,inf,inf,rejected
B89/S24,tromino_L_5,2,0.333,inf,inf,rejected
B89/S24,tromino_L_6,500,0.0,1.0,2,rejected
B89/S24,tromino_L_7,500,0.0,1.0,2,rejected
B89/S24,compact_0,2,0.333,inf,inf,rejected
B89/S24,compact_1,2,0.0,inf,inf,rejected
B89/S24,compact_2,2,0.0,inf,inf,rejected
B89/S24,compact_3,2,0.0,inf,inf,rejected
B89/S24,compact_4,2,0.3439,inf,inf,rejected
B89/S24,compact_5,2,0.7893,inf,inf,rejected
B89/S24,compact_6,2,0.0,inf,inf,rejected
B89/S24,compact_7,3,0.4473,inf,inf,rejected
B89/S24,compact_8,500,0.0,1.0,2,rejected
B89/S24,compact_9,3,0.167,inf,inf,rejected
B89/S24,compact_10,1,0.0,inf,inf,rejected
B89/S24,compact_11,2,0.471,inf,inf,rejected
B89/S24,compact_12,2,0.4319,inf,inf,rejected
B89/S24,compact_13,3,0.283,inf,inf,rejected
B89/S24,compact_14,3,0.5267,inf,inf,rejected
B89/S24,compact_15,2,0.0,inf,inf,rejected
B89/S24,compact_16,2,1.1838,inf,inf,rejected
B89/S24,compact_17,2,1.6128,inf,inf,rejected
B89/S24,compact_18,2,0.2496,inf,inf,rejected
B89/S24,compact_19,2,0.2496,inf,inf,rejected
B89/S24,compact_20,3,0.2837,inf,inf,rejected
B89/S24,compact_21,500,0.0,1.0,2,rejected
B89/S24,compact_22,2,0.9346,inf,inf,rejected
B89/S24,compact_23,2,0.8325,inf,inf,rejected
B89/S24,compact_24,2,0.333,inf,inf,rejected
B1610/S34710,single_bit,500,28.2843,18888.0,40,rejected
B1610/S34710,pair_0,500,20.0,8672.0,40,rejected
B1610/S34710,pair_1,500,20.0,8672.0,40,rejected
B1610/S34710,pair_2,500,20.0,8672.0,40,rejected
B1610/S34710,pair_3,500,20.0,8672.0,40,rejected
B1610/S34710,pair_4,500,0.0,8672.0,40,rejected
B1610/S34710,pair_5,500,0.0,8672.0,40,rejected
B1610/S34710,pair_6,500,40.0,8672.0,40,rejected
B1610/S34710,pair_7,500,44.7214,8672.0,40,rejected
B1610/S34710,pair_8,500,44.7214,8672.0,40,rejected
B1610/S34710,pair_9,500,40.0,8672.0,40,rejected
B1610/S34710,pair_10,500,20.0,8672.0,40,rejected
B1610/S34710,pair_11,500,20.0,8672.0,40,rejected
B1610/S34710,tromino_L_0,500,28.5063,5660.0,40,rejected
B1610/S34710,tromino_L_1,500,61.3373,5762.0,40,rejected
B1610/S34710,tromino_L_2,500,24.6232,5660.0,40,rejected
B1610/S34710,tromino_L_3,500,61.3373,5762.0,40,rejected
B1610/S34710,tromino_L_4,500,25.4696,5660.0,40,rejected
B1610/S34710,tromino_L_5,500,56.5694,5709.6667,40,rejected
B1610/S34710,tromino_L_6,500,61.1331,5762.0,40,rejected
B1610/S34710,tromino_L_7,500,61.1331,5762.0,40,rejected
B1610/S34710,compact_0,500,56.5694,5709.6667,40,rejected
B1610/S34710,compact_1,500,28.2843,4274.5,40,rejected
B1610/S34710,compact_2,500,20.0,5846.0,40,rejected
B1610/S34710,compact_3,500,20.0,5846.0,40,rejected
B1610/S34710,compact_4,500,23.8186,2794.6667,40,rejected
B1610/S34710,compact_5,500,45.1369,4201.25,40,rejected
B1610/S34710,compact_6,500,48.9898,4274.5,40,rejected
B1610/S34710,compact_7,500,52.8754,3354.6,40,rejected
B1610/S34710,compact_8,500,61.3373,5762.0,40,rejected
B1610/S34710,compact_9,500,21.9634,2785.8333,40,rejected
B1610/S34710,compact_10,500,0.0,4328.0,40,rejected
B1610/S34710,compact_11,500,25.4696,5660.0,40,rejected
B1610/S34710,compact_12,500,45.3382,4217.25,40,rejected
B1610/S34710,compact_13,500,38.3771,3359.2,40,rejected
B1610/S34710,compact_14,500,45.6165,2806.8333,40,rejected
B1610/S34710,compact_15,500,34.641,4370.5,40,rejected
B1610/S34710,compact_16,500,40.004,3362.8,40,rejected
B1610/S34710,compact_17,500,52.7077,3365.4,40,rejected
B1610/S34710,compact_18,500,45.1153,4217.25,40,rejected
B1610/S34710,compact_19,500,74.8034,4285.0,40,rejected
B1610/S34710,compact_20,500,68.5833,3372.6,40,rejected
B1610/S34710,compact_21,500,61.1331,5762.0,40,rejected
B1610/S34710,compact_22,500,52.4139,4199.0,40,rejected
B1610/S34710,compact_23,500,38.9087,2796.6667,40,rejected
B1610/S34710,compact_24,500,24.6232,5660.0,40,rejected
B89/S159,single_bit,1,0.0,inf,inf,rejected
B89/S159,pair_0,500,0.0,1.0,2,rejected
B89/S159,pair_1,500,0.0,1.0,2,rejected
B89/S159,pair_2,500,0.0,1.0,2,rejected
B89/S159,pair_3,500,0.0,1.0,2,rejected
B89/S159,pair_4,500,0.0,1.0,2,rejected
B89/S159,pair_5,500,0.0,1.0,2,rejected
B89/S159,pair_6,500,0.0,1.0,2,rejected
B89/S159,pair_7,500,0.0,1.0,2,rejected
B89/S159,pair_8,500,0.0,1.0,2,rejected
B89/S159,pair_9,500,0.0,1.0,2,rejected
B89/S159,pair_10,500,0.0,1.0,2,rejected
B89/S159,pair_11,500,0.0,1.0,2,rejected
B89/S159,tromino_L_0,2,0.2361,inf,inf,rejected
B89/S159,tromino_L_1,1,0.0,inf,inf,rejected
B89/S159,tromino_L_2,2,0.167,inf,inf,rejected
B89/S159,tromino_L_3,1,0.0,inf,inf,rejected
B89/S159,tromino_L_4,2,0.2361,inf,inf,rejected
B89/S159,tromino_L_5,2,0.167,inf,inf,rejected
B89/S159,tromino_L_6,1,0.0,inf,inf,rejected
B89/S159,tromino_L_7,1,0.0,inf,inf,rejected
B89/S159,compact_0,2,0.167,inf,inf,rejected
B89/S159,compact_1,1,0.0,inf,inf,rejected
B89/S159,compact_2,2,0.0,inf,inf,rejected
B89/S159,compact_3,2,0.0,inf,inf,rejected
B89/S159,compact_4,2,1.8627,inf,inf,rejected
B89/S159,compact_5,2,1.5422,inf,inf,rejected
B89/S159,compact_6,1,0.0,inf,inf,rejected
B89/S159,compact_7,1,0.0,inf,inf,rejected
B89/S159,compact_8,1,0.0,inf,inf,rejected
B89/S159,compact_9,1,0.0,inf,inf,rejected
B89/S159,compact_10,2,0.0,inf,inf,rejected
B89/S159,compact_11,2,0.2361,inf,inf,rejected
B89/S159,compact_12,2,0.4341,inf,inf,rejected
B89/S159,compact_13,2,1.2957,inf,inf,rejected
B89/S159,compact_14,2,0.6015,inf,inf,rejected
B89/S159,compact_15,2,0.0,inf,inf,rejected
B89/S159,compact_16,2,0.3678,inf,inf,rejected
B89/S159,compact_17,2,0.9482,inf,inf,rejected
B89/S159,compact_18,2,0.2504,inf,inf,rejected
B89/S159,compact_19,1,0.0,inf,inf,rejected
B89/S159,compact_20,2,1.6979,inf,inf,rejected
B89/S159,compact_21,1,0.0,inf,inf,rejected
B89/S159,compact_22,2,1.621,inf,inf,rejected
B89/S159,compact_23,2,1.3966,inf,inf,rejected
B89/S159,compact_24,2,0.167,inf,inf,rejected
B1/S1,single_bit,32,0.0,inf,inf,rejected
B1/S1,pair_0,500,28.2843,7124.0,40,rejected
B1/S1,pair_1,500,28.2843,7124.0,40,rejected
B1/S1,pair_2,500,28.2843,7124.0,40,rejected
B1/S1,pair_3,500,28.2843,7124.0,40,rejected
B1/S1,pair_4,500,28.2843,7124.0,40,rejected
B1/S1,pair_5,500,28.2843,7124.0,40,rejected
B1/S1,pair_6,500,28.2843,7124.0,40,rejected
B1/S1,pair_7,500,28.2843,7124.0,40,rejected
B1/S1,pair_8,500,28.2843,7124.0,40,rejected
B1/S1,pair_9,500,48.9898,7124.0,40,rejected
B1/S1,pair_10,500,48.9898,7124.0,40,rejected
B1/S1,pair_11,500,48.9898,7124.0,40,rejected
B1/S1,tromino_L_0,500,45.6159,4484.6667,40,rejected
B1/S1,tromino_L_1,500,12.917,4448.0,40,rejected
B1/S1,tromino_L_2,500,42.9,4484.6667,40,rejected
B1/S1,tromino_L_3,500,12.917,4448.0,40,rejected
B1/S1,tromino_L_4,500,15.5061,4484.6667,40,rejected
B1/S1,tromino_L_5,500,31.6184,4657.3333,40,rejected
B1/S1,tromino_L_6,500,40.1268,4448.0,40,rejected
B1/S1,tromino_L_7,500,40.1268,4448.0,40,rejected
B1/S1,compact_0,500,31.6184,4657.3333,40,rejected
B1/S1,compact_1,500,40.0,3356.0,40,rejected
B1/S1,compact_2,500,20.0,4613.3333,40,rejected
B1/S1,compact_3,500,0.0,4613.3333,40,rejected
B1/S1,compact_4,500,76.9355,2193.0,40,rejected
B1/S1,compact_5,500,61.4638,3235.25,40,rejected
B1/S1,compact_6,500,0.0,3356.0,40,rejected
B1/S1,compact_7,500,37.254,2629.6,40,rejected
B1/S1,compact_8,500,12.917,4448.0,40,rejected
B1/S1,compact_9,500,43.8142,2156.1667,40,rejected
B1/S1,compact_10,500,20.0,3457.5,40,rejected
B1/S1,compact_11,500,15.5061,4484.6667,40,rejected
B1/S1,compact_12,500,56.2561,3296.5,40,rejected
B1/S1,compact_13,500,34.1206,2628.8,40,rejected
B1/S1,compact_14,500,74.3184,2177.1667,40,rejected
B1/S1,compact_15,500,20.0,3578.0,40,rejected
B1/S1,compact_16,500,54.7129,2601.8,40,rejected
B1/S1,compact_17,500,32.0312,2616.0,40,rejected
B1/S1,compact_18,500,39.1386,3296.5,40,rejected
B1/S1,compact_19,500,52.3986,3441.0,40,rejected
B1/S1,compact_20,500,41.1128,2704.8,40,rejected
B1/S1,compact_21,500,40.1268,4448.0,40,rejected
B1/S1,compact_22,500,51.8242,3235.5,40,rejected
B1/S1,compact_23,500,31.3544,2168.8333,40,rejected
B1/S1,compact_24,500,42.9,4484.6667,40,rejected
B78/S5781011,single_bit,1,0.0,inf,inf,rejected
B78/S5781011,pair_0,1,0.0,inf,inf,rejected
B78/S5781011,pair_1,1,0.0,inf,inf,rejected
B78/S5781011,pair_2,1,0.0,inf,inf,rejected
B78/S5781011,pair_3,1,0.0,inf,inf,rejected
B78/S5781011,pair_4,1,0.0,inf,inf,rejected
B78/S5781011,pair_5,1,0.0,inf,inf,rejected
B78/S5781011,pair_6,1,0.0,inf,inf,rejected
B78/S5781011,pair_7,1,0.0,inf,inf,rejected
B78/S5781011,pair_8,1,0.0,inf,inf,rejected
B78/S5781011,pair_9,1,0.0,inf,inf,rejected
B78/S5781011,pair_10,1,0.0,inf,inf,rejected
B78/S5781011,pair_11,1,0.0,inf,inf,rejected
B78/S5781011,tromino_L_0,1,0.0,inf,inf,rejected
B78/S5781011,tromino_L_1,1,0.0,inf,inf,rejected
B78/S5781011,tromino_L_2,1,0.0,inf,inf,rejected
B78/S5781011,tromino_L_3,1,0.0,inf,inf,rejected
B78/S5781011,tromino_L_4,1,0.0,inf,inf,rejected
B78/S5781011,tromino_L_5,1,0.0,inf,inf,rejected
B78/S5781011,tromino_L_6,1,0.0,inf,inf,rejected
B78/S5781011,tromino_L_7,1,0.0,inf,inf,rejected
B78/S5781011,compact_0,1,0.0,inf,inf,rejected
B78/S5781011,compact_1,1,0.0,inf,inf,rejected
B78/S5781011,compact_2,1,0.0,inf,inf,rejected
B78/S5781011,compact_3,1,0.0,inf,inf,rejected
B78/S5781011,compact_4,1,0.0,inf,inf,rejected
B78/S5781011,compact_5,1,0.0,inf,inf,rejected
B78/S5781011,compact_6,1,0.0,inf,inf,rejected
B78/S5781011,compact_7,1,0.0,inf,inf,rejected
B78/S5781011,compact_8,1,0.0,inf,inf,rejected
B78/S5781011,compact_9,1,0.0,inf,inf,rejected
B78/S5781011,compact_10,1,0.0,inf,inf,rejected
B78/S5781011,compact_11,1,0.0,inf,inf,rejected
B78/S5781011,compact_12,1,0.0,inf,inf,rejected
B78/S5781011,compact_13,1,0.0,inf,inf,rejected
B78/S5781011,compact_14,2,0.6015,inf,inf,rejected
B78/S5781011,compact_15,1,0.0,inf,inf,rejected
B78/S5781011,compact_16,1,0.0,inf,inf,rejected
B78/S5781011,compact_17,1,0.0,inf,inf,rejected
B78/S5781011,compact_18,1,0.0,inf,inf,rejected
B78/S5781011,compact_19,1,0.0,inf,inf,rejected
B78/S5781011,compact_20,1,0.0,inf,inf,rejected
B78/S5781011,compact_21,1,0.0,inf,inf,rejected
B78/S5781011,compact_22,1,0.0,inf,inf,rejected
B78/S5781011,compact_23,1,0.0,inf,inf,rejected
B78/S5781011,compact_24,1,0.0,inf,inf,rejected
B4/S91112,single_bit,1,0.0,inf,inf,rejected
B4/S91112,pair_0,1,0.0,inf,inf,rejected
B4/S91112,pair_1,1,0.0,inf,inf,rejected
B4/S91112,pair_2,1,0.0,inf,inf,rejected
B4/S91112,pair_3,1,0.0,inf,inf,rejected
B4/S91112,pair_4,1,0.0,inf,inf,rejected
B4/S91112,pair_5,1,0.0,inf,inf,rejected
B4/S91112,pair_6,1,0.0,inf,inf,rejected
B4/S91112,pair_7,1,0.0,inf,inf,rejected
B4/S91112,pair_8,1,0.0,inf,inf,rejected
B4/S91112,pair_9,1,0.0,inf,inf,rejected
B4/S91112,pair_10,1,0.0,inf,inf,rejected
B4/S91112,pair_11,1,0.0,inf,inf,rejected
B4/S91112,tromino_L_0,1,0.0,inf,inf,rejected
B4/S91112,tromino_L_1,1,0.0,inf,inf,rejected
B4/S91112,tromino_L_2,1,0.0,inf,inf,rejected
B4/S91112,tromino_L_3,1,0.0,inf,inf,rejected
B4/S91112,tromino_L_4,1,0.0,inf,inf,rejected
B4/S91112,tromino_L_5,1,0.0,inf,inf,rejected
B4/S91112,tromino_L_6,1,0.0,inf,inf,rejected
B4/S91112,tromino_L_7,1,0.0,inf,inf,rejected
B4/S91112,compact_0,1,0.0,inf,inf,rejected
B4/S91112,compact_1,1,0.0,inf,inf,rejected
B4/S91112,compact_2,1,0.0,inf,inf,rejected
B4/S91112,compact_3,1,0.0,inf,inf,rejected
B4/S91112,compact_4,2,0.3718,inf,inf,rejected
B4/S91112,compact_5,2,0.936,inf,inf,rejected
B4/S91112,compact_6,1,0.0,inf,inf,rejected
B4/S91112,compact_7,2,1.1834,inf,inf,rejected
B4/S91112,compact_8,1,0.0,inf,inf,rejected
B4/S91112,compact_9,2,0.7816,inf,inf,rejected
B4/S91112,compact_10,1,0.0,inf,inf,rejected
B4/S91112,compact_11,1,0.0,inf,inf,rejected
B4/S91112,compact_12,1,0.0,inf,inf,rejected
B4/S91112,compact_13,2,1.5099,inf,inf,rejected
B4/S91112,compact_14,2,1.167,inf,inf,rejected
B4/S91112,compact_15,1,0.0,inf,inf,rejected
B4/S91112,compact_16,2,1.001,inf,inf,rejected
B4/S91112,compact_17,1,0.0,inf,inf,rejected
B4/S91112,compact_18,1,0.0,inf,inf,rejected
B4/S91112,compact_19,1,0.0,inf,inf,rejected
B4/S91112,compact_20,1,0.0,inf,inf,rejected
B4/S91112,compact_21,1,0.0,inf,inf,rejected
B4/S91112,compact_22,1,0.0,inf,inf,rejected
B4/S91112,compact_23,2,0.6015,inf,inf,rejected
B4/S91112,compact_24,1,0.0,inf,inf,rejected
B12/S239,single_bit,500,34.641,31920.0,40,rejected
B12/S239,pair_0,500,44.7214,16127.0,40,rejected
B12/S239,pair_1,500,60.0,16127.0,40,rejected
B12/S239,pair_2,500,20.0,16127.0,40,rejected
B12/S239,pair_3,500,20.0,16127.0,40,rejected
B12/S239,pair_4,500,20.0,16127.0,40,rejected
B12/S239,pair_5,500,44.7214,16127.0,40,rejected
B12/S239,pair_6,500,0.0,16127.0,40,rejected
B12/S239,pair_7,500,40.0,16127.0,40,rejected
B12/S239,pair_8,500,0.0,16127.0,40,rejected
B12/S239,pair_9,500,56.5685,16127.0,40,rejected
B12/S239,pair_10,500,69.282,16127.0,40,rejected
B12/S239,pair_11,500,56.5685,16127.0,40,rejected
B12/S239,tromino_L_0,500,39.7205,10466.6667,40,rejected
B12/S239,tromino_L_1,500,87.7686,8825.0,40,rejected
B12/S239,tromino_L_2,500,37.2674,10466.6667,40,rejected
B12/S239,tromino_L_3,500,87.7686,8825.0,40,rejected
B12/S239,tromino_L_4,500,41.7063,10466.6667,40,rejected
B12/S239,tromino_L_5,500,21.8189,10511.6667,40,rejected
B12/S239,tromino_L_6,500,68.8779,8825.0,40,rejected
B12/S239,tromino_L_7,500,68.8779,8825.0,40,rejected
B12/S239,compact_0,500,21.8189,10511.6667,40,rejected
B12/S239,compact_1,500,56.5685,6990.0,40,rejected
B12/S239,compact_2,500,28.2843,10656.6667,40,rejected
B12/S239,compact_3,500,20.0,10656.6667,40,rejected
B12/S239,compact_4,500,35.802,3458.8333,40,rejected
B12/S239,compact_5,500,70.1103,5794.75,40,rejected
B12/S239,compact_6,500,0.0,6990.0,40,rejected
B12/S239,compact_7,500,41.2026,6333.6,40,rejected
B12/S239,compact_8,500,87.7686,8825.0,40,rejected
B12/S239,compact_9,500,22.8854,5307.5,40,rejected
B12/S239,compact_10,500,20.0,8241.0,40,rejected
B12/S239,compact_11,500,41.7063,10466.6667,40,rejected
B12/S239,compact_12,500,66.2949,7825.5,40,rejected
B12/S239,compact_13,500,30.4881,6461.8,40,rejected
B12/S239,compact_14,500,64.4255,5326.3333,40,rejected
B12/S239,compact_15,500,60.0,7269.5,40,rejected
B12/S239,compact_16,500,64.476,6390.6,40,rejected
B12/S239,compact_17,500,60.4702,6436.8,40,rejected
B12/S239,compact_18,500,68.4159,7825.5,40,rejected
B12/S239,compact_19,500,45.4203,8026.5,40,rejected
B12/S239,compact_20,500,54.375,6512.2,40,rejected
B12/S239,compact_21,500,68.8779,8825.0,40,rejected
B12/S239,compact_22,500,46.7642,8095.25,40,rejected
B12/S239,compact_23,500,57.9849,5022.8333,40,rejected
B12/S239,compact_24,500,37.2674,10466.6667,40,rejected
B24/S7,single_bit,1,0.0,inf,inf,rejected
B24/S7,pair_0,500,34.641,9760.0,40,rejected
B24/S7,pair_1,500,34.641,9760.0,40,rejected
B24/S7,pair_2,500,34.641,9760.0,40,rejected
B24/S7,pair_3,500,34.641,9760.0,40,rejected
B24/S7,pair_4,500,34.641,9760.0,40,rejected
B24/S7,pair_5,500,34.641,9760.0,40,rejected
B24/S7,pair_6,500,28.2843,9760.0,40,rejected
B24/S7,pair_7,500,28.2843,9760.0,40,rejected
B24/S7,pair_8,500,28.2843,9760.0,40,rejected
B24/S7,pair_9,500,48.9898,9760.0,40,rejected
B24/S7,pair_10,500,48.9898,9760.0,40,rejected
B24/S7,pair_11,500,48.9898,9760.0,40,rejected
B24/S7,tromino_L_0,500,0.471,6372.0,40,rejected
B24/S7,tromino_L_1,500,40.7607,6439.0,40,rejected
B24/S7,tromino_L_2,500,0.333,6372.0,40,rejected
B24/S7,tromino_L_3,500,40.7607,6439.0,40,rejected
B24/S7,tromino_L_4,500,0.471,6372.0,40,rejected
B24/S7,tromino_L_5,500,24.3329,6446.0,40,rejected
B24/S7,tromino_L_6,500,40.8468,6439.0,40,rejected
B24/S7,tromino_L_7,500,40.8468,6439.0,40,rejected
B24/S7,compact_0,500,46.8198,6446.0,40,rejected
B24/S7,compact_1,500,28.2843,4817.0,40,rejected
B24/S7,compact_2,500,28.2843,6628.3333,40,rejected
B24/S7,compact_3,500,28.2843,6628.3333,40,rejected
B24/S7,compact_4,500,59.9558,3125.6667,40,rejected
B24/S7,compact_5,500,58.9639,4693.0,40,rejected
B24/S7,compact_6,500,20.0,4817.0,40,rejected
B24/S7,compact_7,500,53.491,3770.2,40,rejected
B24/S7,compact_8,500,40.7607,6439.0,40,rejected
B24/S7,compact_9,500,21.5116,3122.5,40,rejected
B24/S7,compact_10,500,0.0,4971.0,40,rejected
B24/S7,compact_11,500,0.471,6372.0,40,rejected
B24/S7,compact_12,500,66.6307,4713.5,40,rejected
B24/S7,compact_13,500,26.2275,3773.4,40,rejected
B24/S7,compact_14,500,39.0686,3144.5,40,rejected
B24/S7,compact_15,500,0.0,4846.0,40,rejected
B24/S7,compact_16,500,30.5292,3765.2,40,rejected
B24/S7,compact_17,500,67.4854,3747.6,40,rejected
B24/S7,compact_18,500,69.6715,4713.5,40,rejected
B24/S7,compact_19,500,0.2496,4871.0,40,rejected
B24/S7,compact_20,500,20.0045,3808.4,40,rejected
B24/S7,compact_21,500,40.8468,6439.0,40,rejected
B24/S7,compact_22,500,51.7597,4719.25,40,rejected
B24/S7,compact_23,500,49.2523,3115.0,40,rejected
B24/S7,compact_24,500,0.333,6372.0,40,rejected
B457/S2,single_bit,1,0.0,inf,inf,rejected
B457/S2,pair_0,1,0.0,inf,inf,rejected
B457/S2,pair_1,1,0.0,inf,inf,rejected
B457/S2,pair_2,1,0.0,inf,inf,rejected
B457/S2,pair_3,1,0.0,inf,inf,rejected
B457/S2,pair_4,1,0.0,inf,inf,rejected
B457/S2,pair_5,1,0.0,inf,inf,rejected
B457/S2,pair_6,1,0.0,inf,inf,rejected
B457/S2,pair_7,1,0.0,inf,inf,rejected
B457/S2,pair_8,1,0.0,inf,inf,rejected
B457/S2,pair_9,1,0.0,inf,inf,rejected
B457/S2,pair_10,1,0.0,inf,inf,rejected
B457/S2,pair_11,1,0.0,inf,inf,rejected
B457/S2,tromino_L_0,2,0.471,inf,inf,rejected
B457/S2,tromino_L_1,500,0.0,1.0,2,rejected
B457/S2,tromino_L_2,2,0.333,inf,inf,rejected
B457/S2,tromino_L_3,500,0.0,1.0,2,rejected
B457/S2,tromino_L_4,2,0.471,inf,inf,rejected
B457/S2,tromino_L_5,2,0.333,inf,inf,rejected
B457/S2,tromino_L_6,500,0.0,1.0,2,rejected
B457/S2,tromino_L_7,500,0.0,1.0,2,rejected
B457/S2,compact_0,2,0.333,inf,inf,rejected
B457/S2,compact_1,2,0.0,inf,inf,rejected
B457/S2,compact_2,2,0.0,inf,inf,rejected
B457/S2,compact_3,2,0.0,inf,inf,rejected
B457/S2,compact_4,2,0.1531,inf,inf,rejected
B457/S2,compact_5,500,0.4558,0.75,2,rejected
B457/S2,compact_6,2,0.0,inf,inf,rejected
B457/S2,compact_7,3,1.1834,inf,inf,rejected
B457/S2,compact_8,500,0.0,1.0,2,rejected
B457/S2,compact_9,2,0.4094,inf,inf,rejected
B457/S2,compact_10,1,0.0,inf,inf,rejected
B457/S2,compact_11,2,0.471,inf,inf,rejected
B457/S2,compact_12,2,0.4319,inf,inf,rejected
B457/S2,compact_13,2,0.1899,inf,inf,rejected
B457/S2,compact_14,3,1.167,inf,inf,rejected
B457/S2,compact_15,2,0.0,inf,inf,rejected
B457/S2,compact_16,2,0.8377,inf,inf,rejected
B457/S2,compact_17,2,1.6128,inf,inf,rejected
B457/S2,compact_18,2,0.2496,inf,inf,rejected
B457/S2,compact_19,2,0.2496,inf,inf,rejected
B457/S2,compact_20,2,0.4234,inf,inf,rejected
B457/S2,compact_21,500,0.0,1.0,2,rejected
B457/S2,compact_22,2,0.9346,inf,inf,rejected
B457/S2,compact_23,2,0.3709,inf,inf,rejected
B457/S2,compact_24,2,0.333,inf,inf,rejected
B4/S3,single_bit,1,0.0,inf,inf,rejected
B4/S3,pair_0,1,0.0,inf,inf,rejected
B4/S3,pair_1,1,0.0,inf,inf,rejected
B4/S3,pair_2,1,0.0,inf,inf,rejected
B4/S3,pair_3,1,0.0,inf,inf,rejected
B4/S3,pair_4,1,0.0,inf,inf,rejected
B4/S3,pair_5,1,0.0,inf,inf,rejected
B4/S3,pair_6,1,0.0,inf,inf,rejected
B4/S3,pair_7,1,0.0,inf,inf,rejected
B4/S3,pair_8,1,0.0,inf,inf,rejected
B4/S3,pair_9,1,0.0,inf,inf,rejected
B4/S3,pair_10,1,0.0,inf,inf,rejected
B4/S3,pair_11,1,0.0,inf,inf,rejected
B4/S3,tromino_L_0,1,0.0,inf,inf,rejected
B4/S3,tromino_L_1,1,0.0,inf,inf,rejected
B4/S3,tromino_L_2,1,0.0,inf,inf,rejected
B4/S3,tromino_L_3,1,0.0,inf,inf,rejected
B4/S3,tromino_L_4,1,0.0,inf,inf,rejected
B4/S3,tromino_L_5,1,0.0,inf,inf,rejected
B4/S3,tromino_L_6,1,0.0,inf,inf,rejected
B4/S3,tromino_L_7,1,0.0,inf,inf,rejected
B4/S3,compact_0,1,0.0,inf,inf,rejected
B4/S3,compact_1,2,0.0,inf,inf,rejected
B4/S3,compact_2,1,0.0,inf,inf,rejected
B4/S3,compact_3,1,0.0,inf,inf,rejected
B4/S3,compact_4,3,0.2366,inf,inf,rejected
B4/S3,compact_5,2,0.3546,inf,inf,rejected
B4/S3,compact_6,2,0.0,inf,inf,rejected
B4/S3,compact_7,2,0.2982,inf,inf,rejected
B4/S3,compact_8,1,0.0,inf,inf,rejected
B4/S3,compact_9,2,0.2361,inf,inf,rejected
B4/S3,compact_10,2,0.0,inf,inf,rejected
B4/S3,compact_11,1,0.0,inf,inf,rejected
B4/S3,compact_12,1,0.0,inf,inf,rejected
B4/S3,compact_13,2,0.9901,inf,inf,rejected
B4/S3,compact_14,2,0.1656,inf,inf,rejected
B4/S3,compact_15,1,0.0,inf,inf,rejected
B4/S3,compact_16,2,0.317,inf,inf,rejected
B4/S3,compact_17,2,0.2242,inf,inf,rejected
B4/S3,compact_18,1,0.0,inf,inf,rejected
B4/S3,compact_19,2,0.2504,inf,inf,rejected
B4/S3,compact_20,2,1.1305,inf,inf,rejected
B4/S3,compact_21,1,0.0,inf,inf,rejected
B4/S3,compact_22,2,0.3541,inf,inf,rejected
B4/S3,compact_23,2,0.3688,inf,inf,rejected
B4/S3,compact_24,1,0.0,inf,inf,rejected
B310/S5710,single_bit,1,0.0,inf,inf,rejected
B310/S5710,pair_0,1,0.0,inf,inf,rejected
B310/S5710,pair_1,1,0.0,inf,inf,rejected
B310/S5710,pair_2,1,0.0,inf,inf,rejected
B310/S5710,pair_3,1,0.0,inf,inf,rejected
B310/S5710,pair_4,1,0.0,inf,inf,rejected
B310/S5710,pair_5,1,0.0,inf,inf,rejected
B310/S5710,pair_6,1,0.0,inf,inf,rejected
B310/S5710,pair_7,1,0.0,inf,inf,rejected
B310/S5710,pair_8,1,0.0,inf,inf,rejected
B310/S5710,pair_9,1,0.0,inf,inf,rejected
B310/S5710,pair_10,1,0.0,inf,inf,rejected
B310/S5710,pair_11,1,0.0,inf,inf,rejected
B310/S5710,tromino_L_0,2,0.9432,inf,inf,rejected
B310/S5710,tromino_L_1,2,1.3747,inf,inf,rejected
B310/S5710,tromino_L_2,2,0.667,inf,inf,rejected
B310/S5710,tromino_L_3,2,1.3747,inf,inf,rejected
B310/S5710,tromino_L_4,2,0.9432,inf,inf,rejected
B310/S5710,tromino_L_5,2,0.167,inf,inf,rejected
B310/S5710,tromino_L_6,2,1.0003,inf,inf,rejected
B310/S5710,tromino_L_7,2,1.0003,inf,inf,rejected
B310/S5710,compact_0,2,0.167,inf,inf,rejected
B310/S5710,compact_1,2,0.0,inf,inf,rejected
B310/S5710,compact_2,1,0.0,inf,inf,rejected
B310/S5710,compact_3,1,0.0,inf,inf,rejected
B310/S5710,compact_4,2,2.2676,inf,inf,rejected
B310/S5710,compact_5,2,0.6127,inf,inf,rejected
B310/S5710,compact_6,2,0.0,inf,inf,rejected
B310/S5710,compact_7,3,1.0955,inf,inf,rejected
B310/S5710,compact_8,2,1.3747,inf,inf,rejected
B310/S5710,compact_9,3,0.6008,inf,inf,rejected
B310/S5710,compact_10,3,0.0,inf,inf,rejected
B310/S5710,compact_11,2,0.9432,inf,inf,rejected
B310/S5710,compact_12,2,1.0905,inf,inf,rejected
B310/S5710,compact_13,4,0.5745,inf,inf,rejected
B310/S5710,compact_14,6,0.4985,inf,inf,rejected
B310/S5710,compact_15,1,0.0,inf,inf,rejected
B310/S5710,compact_16,3,0.446,inf,inf,rejected
B310/S5710,compact_17,3,0.4473,inf,inf,rejected
B310/S5710,compact_18,2,1.0311,inf,inf,rejected
B310/S5710,compact_19,500,0.0,1.0,3,rejected
B310/S5710,compact_20,2,0.2837,inf,inf,rejected
B310/S5710,compact_21,2,1.0003,inf,inf,rejected
B310/S5710,compact_22,2,0.3546,inf,inf,rejected
B310/S5710,compact_23,2,0.605,inf,inf,rejected
B310/S5710,compact_24,2,0.667,inf,inf,rejected
B81011/S1458911,single_bit,1,0.0,inf,inf,rejected
B81011/S1458911,pair_0,500,0.0,1.0,2,rejected
B81011/S1458911,pair_1,500,0.0,1.0,2,rejected
B81011/S1458911,pair_2,500,0.0,1.0,2,rejected
B81011/S1458911,pair_3,500,0.0,1.0,2,rejected
B81011/S1458911,pair_4,500,0.0,1.0,2,rejected
B81011/S1458911,pair_5,500,0.0,1.0,2,rejected
B81011/S1458911,pair_6,500,0.0,1.0,2,rejected
B81011/S1458911,pair_7,500,0.0,1.0,2,rejected
B81011/S1458911,pair_8,500,0.0,1.0,2,rejected
B81011/S1458911,pair_9,500,0.0,1.0,2,rejected
B81011/S1458911,pair_10,500,0.0,1.0,2,rejected
B81011/S1458911,pair_11,500,0.0,1.0,2,rejected
B81011/S1458911,tromino_L_0,2,0.2361,inf,inf,rejected
B81011/S1458911,tromino_L_1,1,0.0,inf,inf,rejected
B81011/S1458911,tromino_L_2,2,0.167,inf,inf,rejected
B81011/S1458911,tromino_L_3,1,0.0,inf,inf,rejected
B81011/S1458911,tromino_L_4,2,0.2361,inf,inf,rejected
B81011/S1458911,tromino_L_5,2,0.167,inf,inf,rejected
B81011/S1458911,tromino_L_6,1,0.0,inf,inf,rejected
B81011/S1458911,tromino_L_7,1,0.0,inf,inf,rejected
B81011/S1458911,compact_0,2,0.167,inf,inf,rejected
B81011/S1458911,compact_1,1,0.0,inf,inf,rejected
B81011/S1458911,compact_2,2,0.0,inf,inf,rejected
B81011/S1458911,compact_3,2,0.0,inf,inf,rejected
B81011/S1458911,compact_4,2,1.8627,inf,inf,rejected
B81011/S1458911,compact_5,2,1.5422,inf,inf,rejected
B81011/S1458911,compact_6,1,0.0,inf,inf,rejected
B81011/S1458911,compact_7,2,0.4473,inf,inf,rejected
B81011/S1458911,compact_8,1,0.0,inf,inf,rejected
B81011/S1458911,compact_9,500,0.167,0.3333,2,rejected
B81011/S1458911,compact_10,2,0.0,inf,inf,rejected
B81011/S1458911,compact_11,2,0.2361,inf,inf,rejected
B81011/S1458911,compact_12,2,0.4341,inf,inf,rejected
B81011/S1458911,compact_13,500,0.616,0.4,2,rejected
B81011/S1458911,compact_14,2,0.167,inf,inf,rejected
B81011/S1458911,compact_15,2,0.0,inf,inf,rejected
B81011/S1458911,compact_16,2,0.3678,inf,inf,rejected
B81011/S1458911,compact_17,2,0.9482,inf,inf,rejected
B81011/S1458911,compact_18,2,0.2504,inf,inf,rejected
B81011/S1458911,compact_19,1,0.0,inf,inf,rejected
B81011/S1458911,compact_20,500,0.9908,0.4,2,rejected
B81011/S1458911,compact_21,1,0.0,inf,inf,rejected
B81011/S1458911,compact_22,2,1.621,inf,inf,rejected
B81011/S1458911,compact_23,2,1.3966,inf,inf,rejected
B81011/S1458911,compact_24,2,0.167,inf,inf,rejected
B45/S14,single_bit,1,0.0,inf,inf,rejected
B45/S14,pair_0,500,0.0,1.0,2,rejected
B45/S14,pair_1,500,0.0,1.0,2,rejected
B45/S14,pair_2,500,0.0,1.0,2,rejected
B45/S14,pair_3,500,0.0,1.0,2,rejected
B45/S14,pair_4,500,0.0,1.0,2,rejected
B45/S14,pair_5,500,0.0,1.0,2,rejected
B45/S14,pair_6,500,0.0,1.0,2,rejected
B45/S14,pair_7,500,0.0,1.0,2,rejected
B45/S14,pair_8,500,0.0,1.0,2,rejected
B45/S14,pair_9,500,0.0,1.0,2,rejected
B45/S14,pair_10,500,0.0,1.0,2,rejected
B45/S14,pair_11,500,0.0,1.0,2,rejected
B45/S14,tromino_L_0,2,0.2361,inf,inf,rejected
B45/S14,tromino_L_1,1,0.0,inf,inf,rejected
B45/S14,tromino_L_2,2,0.167,inf,inf,rejected
B45/S14,tromino_L_3,1,0.0,inf,inf,rejected
B45/S14,tromino_L_4,2,0.2361,inf,inf,rejected
B45/S14,tromino_L_5,2,0.167,inf,inf,rejected
B45/S14,tromino_L_6,1,0.0,inf,inf,rejected
B45/S14,tromino_L_7,1,0.0,inf,inf,rejected
B45/S14,compact_0,2,0.167,inf,inf,rejected
B45/S14,compact_1,1,0.0,inf,inf,rejected
B45/S14,compact_2,2,0.0,inf,inf,rejected
B45/S14,compact_3,2,0.0,inf,inf,rejected
B45/S14,compact_4,500,1.0268,0.3333,2,rejected
B45/S14,compact_5,500,1.1736,0.5,2,rejected
B45/S14,compact_6,1,0.0,inf,inf,rejected
B45/S14,compact_7,500,0.548,0.4,2,rejected
B45/S14,compact_8,1,0.0,inf,inf,rejected
B45/S14,compact_9,2,0.2361,inf,inf,rejected
B45/S14,compact_10,2,0.0,inf,inf,rejected
B45/S14,compact_11,2,0.2361,inf,inf,rejected
B45/S14,compact_12,2,0.4341,inf,inf,rejected
B45/S14,compact_13,2,0.8247,inf,inf,rejected
B45/S14,compact_14,3,0.7822,inf,inf,rejected
B45/S14,compact_15,2,0.0,inf,inf,rejected
B45/S14,compact_16,3,0.6721,inf,inf,rejected
B45/S14,compact_17,2,0.9482,inf,inf,rejected
B45/S14,compact_18,2,0.2504,inf,inf,rejected
B45/S14,compact_19,1,0.0,inf,inf,rejected
B45/S14,compact_20,500,0.9908,0.4,2,rejected
B45/S14,compact_21,1,0.0,inf,inf,rejected
B45/S14,compact_22,2,1.621,inf,inf,rejected
B45/S14,compact_23,500,1.0918,0.3333,2,rejected
B45/S14,compact_24,2,0.167,inf,inf,rejected
B1210/S267912,single_bit,500,20.0,26328.0,40,rejected
B1210/S267912,pair_0,500,34.641,11372.0,40,rejected
B1210/S267912,pair_1,500,34.641,11372.0,40,rejected
B1210/S267912,pair_2,500,34.641,11372.0,40,rejected
B1210/S267912,pair_3,500,34.641,11372.0,40,rejected
B1210/S267912,pair_4,500,34.641,11372.0,40,rejected
B1210/S267912,pair_5,500,34.641,11372.0,40,rejected
B1210/S267912,pair_6,500,28.2843,11372.0,40,rejected
B1210/S267912,pair_7,500,28.2843,11372.0,40,rejected
B1210/S267912,pair_8,500,28.2843,11372.0,40,rejected
B1210/S267912,pair_9,500,28.2843,11372.0,40,rejected
B1210/S267912,pair_10,500,28.2843,11372.0,40,rejected
B1210/S267912,pair_11,500,28.2843,11372.0,40,rejected
B1210/S267912,tromino_L_0,500,20.598,7196.3333,40,rejected
B1210/S267912,tromino_L_1,500,57.5196,7527.0,40,rejected
B1210/S267912,tromino_L_2,500,28.498,7196.3333,40,rejected
B1210/S267912,tromino_L_3,500,57.5196,7527.0,40,rejected
B1210/S267912,tromino_L_4,500,20.6301,7196.3333,40,rejected
B1210/S267912,tromino_L_5,500,36.3635,7386.0,40,rejected
B1210/S267912,tromino_L_6,500,51.0466,7527.0,40,rejected
B1210/S267912,tromino_L_7,500,51.0466,7527.0,40,rejected
B1210/S267912,compact_0,500,36.3635,7386.0,40,rejected
B1210/S267912,compact_1,500,34.641,5464.0,40,rejected
B1210/S267912,compact_2,500,20.0,7601.3333,40,rejected
B1210/S267912,compact_3,500,20.0,7601.3333,40,rejected
B1210/S267912,compact_4,500,26.5785,3540.6667,40,rejected
B1210/S267912,compact_5,500,33.4873,5372.75,40,rejected
B1210/S267912,compact_6,500,66.3325,5464.0,40,rejected
B1210/S267912,compact_7,500,70.8053,4250.2,40,rejected
B1210/S267912,compact_8,500,57.5196,7527.0,40,rejected
B1210/S267912,compact_9,500,47.1052,3566.5,40,rejected
B1210/S267912,compact_10,500,0.0,5595.0,40,rejected
B1210/S267912,compact_11,500,20.6301,7196.3333,40,rejected
B1210/S267912,compact_12,500,85.6785,5356.25,40,rejected
B1210/S267912,compact_13,500,67.1291,4290.6,40,rejected
B1210/S267912,compact_14,500,46.8203,3579.5,40,rejected
B1210/S267912,compact_15,500,44.7214,5674.0,40,rejected
B1210/S267912,compact_16,500,73.8964,4253.4,40,rejected
B1210/S267912,compact_17,500,41.8674,4282.0,40,rejected
B1210/S267912,compact_18,500,65.8065,5356.25,40,rejected
B1210/S267912,compact_19,500,61.7174,5515.0,40,rejected
B1210/S267912,compact_20,500,54.4195,4367.2,40,rejected
B1210/S267912,compact_21,500,51.0466,7527.0,40,rejected
B1210/S267912,compact_22,500,73.6549,5338.25,40,rejected
B1210/S267912,compact_23,500,37.9585,3578.6667,40,rejected
B1210/S267912,compact_24,500,28.498,7196.3333,40,rejected
B1237811/S26910,single_bit,500,34.641,28714.0,40,rejected
B1237811/S26910,pair_0,500,20.0,13457.0,40,rejected
B1237811/S26910,pair_1,500,20.0,13457.0,40,rejected
B1237811/S26910,pair_2,500,20.0,13457.0,40,rejected
B1237811/S26910,pair_3,500,44.7214,13457.0,40,rejected
B1237811/S26910,pair_4,500,0.0,13457.0,40,rejected
B1237811/S26910,pair_5,500,0.0,13457.0,40,rejected
B1237811/S26910,pair_6,500,20.0,13457.0,40,rejected
B1237811/S26910,pair_7,500,28.2843,13457.0,40,rejected
B1237811/S26910,pair_8,500,28.2843,13457.0,40,rejected
B1237811/S26910,pair_9,500,60.0,13457.0,40,rejected
B1237811/S26910,pair_10,500,48.9898,13457.0,40,rejected
B1237811/S26910,pair_11,500,28.2843,13457.0,40,rejected
B1237811/S26910,tromino_L_0,500,50.4995,8623.3333,40,rejected
B1237811/S26910,tromino_L_1,500,46.6892,8785.0,40,rejected
B1237811/S26910,tromino_L_2,500,49.7504,8623.3333,40,rejected
B1237811/S26910,tromino_L_3,500,46.6892,8785.0,40,rejected
B1237811/S26910,tromino_L_4,500,40.9756,8623.3333,40,rejected
B1237811/S26910,tromino_L_5,500,43.649,8639.6667,40,rejected
B1237811/S26910,tromino_L_6,500,66.3988,8785.0,40,rejected
B1237811/S26910,tromino_L_7,500,66.3988,8785.0,40,rejected
B1237811/S26910,compact_0,500,43.649,8639.6667,40,rejected
B1237811/S26910,compact_1,500,60.0,6588.5,40,rejected
B1237811/S26910,compact_2,500,20.0,9101.0,40,rejected
B1237811/S26910,compact_3,500,40.0,9101.0,40,rejected
B1237811/S26910,compact_4,500,47.5146,4251.6667,40,rejected
B1237811/S26910,compact_5,500,58.7303,6362.0,40,rejected
B1237811/S26910,compact_6,500,40.0,6588.5,40,rejected
B1237811/S26910,compact_7,500,51.7591,5095.0,40,rejected
B1237811/S26910,compact_8,500,46.6892,8785.0,40,rejected
B1237811/S26910,compact_9,500,57.7592,4230.8333,40,rejected
B1237811/S26910,compact_10,500,56.5685,6690.0,40,rejected
B1237811/S26910,compact_11,500,40.9756,8623.3333,40,rejected
B1237811/S26910,compact_12,500,60.3987,6363.25,40,rejected
B1237811/S26910,compact_13,500,21.7987,5123.8,40,rejected
B1237811/S26910,compact_14,500,47.3676,4222.5,40,rejected
B1237811/S26910,compact_15,500,34.641,6596.0,40,rejected
B1237811/S26910,compact_16,500,44.2664,5094.2,40,rejected
B1237811/S26910,compact_17,500,47.4665,5095.2,40,rejected
B1237811/S26910,compact_18,500,48.3575,6363.25,40,rejected
B1237811/S26910,compact_19,500,59.3301,6544.5,40,rejected
B1237811/S26910,compact_20,500,49.4466,5105.6,40,rejected
B1237811/S26910,compact_21,500,66.3988,8785.0,40,rejected
B1237811/S26910,compact_22,500,63.0638,6326.0,40,rejected
B1237811/S26910,compact_23,500,52.0261,4227.1667,40,rejected
B1237811/S26910,compact_24,500,49.7504,8623.3333,40,rejected
B167911/S2379101112,single_bit,500,20.0,19028.0,40,rejected
B167911/S2379101112,pair_0,500,20.0,8838.0,40,rejected
B167911/S2379101112,pair_1,500,20.0,8838.0,40,rejected
B167911/S2379101112,pair_2,500,20.0,8838.0,40,rejected
B167911/S2379101112,pair_3,500,20.0,8838.0,40,rejected
B167911/S2379101112,pair_4,500,0.0,8838.0,40,rejected
B167911/S2379101112,pair_5,500,0.0,8838.0,40,rejected
B167911/S2379101112,pair_6,500,20.0,8838.0,40,rejected
B167911/S2379101112,pair_7,500,28.2843,8838.0,40,rejected
B167911/S2379101112,pair_8,500,28.2843,8838.0,40,rejected
B167911/S2379101112,pair_9,500,20.0,8838.0,40,rejected
B167911/S2379101112,pair_10,500,28.2843,8838.0,40,rejected
B167911/S2379101112,pair_11,500,48.9898,8838.0,40,rejected
B167911/S2379101112,tromino_L_0,500,63.7448,5700.3333,40,rejected
B167911/S2379101112,tromino_L_1,500,38.917,5801.3333,40,rejected
B167911/S2379101112,tromino_L_2,500,47.2409,5700.3333,40,rejected
B167911/S2379101112,tromino_L_3,500,38.917,5801.3333,40,rejected
B167911/S2379101112,tromino_L_4,500,67.1039,5700.3333,40,rejected
B167911/S2379101112,tromino_L_5,500,31.6331,5790.3333,40,rejected
B167911/S2379101112,tromino_L_6,500,43.1095,5801.3333,40,rejected
B167911/S2379101112,tromino_L_7,500,43.1095,5801.3333,40,rejected
B167911/S2379101112,compact_0,500,31.6331,5790.3333,40,rejected
B167911/S2379101112,compact_1,500,0.0,4297.5,40,rejected
B167911/S2379101112,compact_2,500,20.0,5896.6667,40,rejected
B167911/S2379101112,compact_3,500,0.0,5896.6667,40,rejected
B167911/S2379101112,compact_4,500,45.5128,2839.3333,40,rejected
B167911/S2379101112,compact_5,500,43.6518,4230.0,40,rejected
B167911/S2379101112,compact_6,500,0.0,4297.5,40,rejected
B167911/S2379101112,compact_7,500,40.5757,3405.4,40,rejected
B167911/S2379101112,compact_8,500,38.917,5801.3333,40,rejected
B167911/S2379101112,compact_9,500,49.4209,2815.0,40,rejected
B167911/S2379101112,compact_10,500,20.0,4361.5,40,rejected
B167911/S2379101112,compact_11,500,67.1039,5700.3333,40,rejected
B167911/S2379101112,compact_12,500,33.5376,4227.0,40,rejected
B167911/S2379101112,compact_13,500,55.4387,3380.0,40,rejected
B167911/S2379101112,compact_14,500,48.2747,2841.3333,40,rejected
B167911/S2379101112,compact_15,500,40.0,4358.5,40,rejected
B167911/S2379101112,compact_16,500,18.4748,3390.4,40,rejected
B167911/S2379101112,compact_17,500,38.5063,3379.4,40,rejected
B167911/S2379101112,compact_18,500,51.7932,4227.0,40,rejected
B167911/S2379101112,compact_19,500,63.4846,4334.0,40,rejected
B167911/S2379101112,compact_20,500,29.1623,3420.2,40,rejected
B167911/S2379101112,compact_21,500,43.1095,5801.3333,40,rejected
B167911/S2379101112,compact_22,500,58.227,4231.75,40,rejected
B167911/S2379101112,compact_23,500,52.9793,2832.3333,40,rejected
B167911/S2379101112,compact_24,500,47.2409,5700.3333,40,rejected
B126/S378,single_bit,500,34.641,24366.0,40,rejected
B126/S378,pair_0,500,28.2843,11072.0,40,rejected
B126/S378,pair_1,500,28.2843,11072.0,40,rejected
B126/S378,pair_2,500,28.2843,11072.0,40,rejected
B126/S378,pair_3,500,28.2843,11072.0,40,rejected
B126/S378,pair_4,500,28.2843,11072.0,40,rejected
B126/S378,pair_5,500,28.2843,11072.0,40,rejected
B126/S378,pair_6,500,48.9898,11072.0,40,rejected
B126/S378,pair_7,500,48.9898,11072.0,40,rejected
B126/S378,pair_8,500,48.9898,11072.0,40,rejected
B126/S378,pair_9,500,48.9898,11072.0,40,rejected
B126/S378,pair_10,500,48.9898,11072.0,40,rejected
B126/S378,pair_11,500,48.9898,11072.0,40,rejected
B126/S378,tromino_L_0,500,20.9164,7066.6667,40,rejected
B126/S378,tromino_L_1,500,17.4891,7341.3333,40,rejected
B126/S378,tromino_L_2,500,24.8746,7066.6667,40,rejected
B126/S378,tromino_L_3,500,17.4891,7341.3333,40,rejected
B126/S378,tromino_L_4,500,26.2327,7066.6667,40,rejected
B126/S378,tromino_L_5,500,48.1757,7185.0,40,rejected
B126/S378,tromino_L_6,500,29.8002,7341.3333,40,rejected
B126/S378,tromino_L_7,500,29.8002,7341.3333,40,rejected
B126/S378,compact_0,500,48.1757,7185.0,40,rejected
B126/S378,compact_1,500,34.641,5425.5,40,rejected
B126/S378,compact_2,500,44.7214,7394.3333,40,rejected
B126/S378,compact_3,500,28.2843,7394.3333,40,rejected
B126/S378,compact_4,500,52.0605,3511.1667,40,rejected
B126/S378,compact_5,500,36.5096,5290.75,40,rejected
B126/S378,compact_6,500,66.3325,5425.5,40,rejected
B126/S378,compact_7,500,51.1728,4210.2,40,rejected
B126/S378,compact_8,500,17.4891,7341.3333,40,rejected
B126/S378,compact_9,500,45.8763,3519.3333,40,rejected
B126/S378,compact_10,500,28.2843,5511.25,40,rejected
B126/S378,compact_11,500,26.2327,7066.6667,40,rejected
B126/S378,compact_12,500,48.7126,5265.25,40,rejected
B126/S378,compact_13,500,30.6293,4228.2,40,rejected
B126/S378,compact_14,500,65.1674,3511.0,40,rejected
B126/S378,compact_15,500,34.641,5550.0,40,rejected
B126/S378,compact_16,500,29.0817,4226.2,40,rejected
B126/S378,compact_17,500,48.4458,4208.8,40,rejected
B126/S378,compact_18,500,64.6061,5265.25,40,rejected
B126/S378,compact_19,500,48.9126,5433.5,40,rejected
B126/S378,compact_20,500,47.7239,4262.8,40,rejected
B126/S378,compact_21,500,29.8002,7341.3333,40,rejected
B126/S378,compact_22,500,37.5657,5323.5,40,rejected
B126/S378,compact_23,500,55.134,3527.6667,40,rejected
B126/S378,compact_24,500,24.8746,7066.6667,40,rejected
B6/S3,single_bit,1,0.0,inf,inf,rejected
B6/S3,pair_0,1,0.0,inf,inf,rejected
B6/S3,pair_1,1,0.0,inf,inf,rejected
B6/S3,pair_2,1,0.0,inf,inf,rejected
B6/S3,pair_3,1,0.0,inf,inf,rejected
B6/S3,pair_4,1,0.0,inf,inf,rejected
B6/S3,pair_5,1,0.0,inf,inf,rejected
B6/S3,pair_6,1,0.0,inf,inf,rejected
B6/S3,pair_7,1,0.0,inf,inf,rejected
B6/S3,pair_8,1,0.0,inf,inf,rejected
B6/S3,pair_9,1,0.0,inf,inf,rejected
B6/S3,pair_10,1,0.0,inf,inf,rejected
B6/S3,pair_11,1,0.0,inf,inf,rejected
B6/S3,tromino_L_0,1,0.0,inf,inf,rejected
B6/S3,tromino_L_1,1,0.0,inf,inf,rejected
B6/S3,tromino_L_2,1,0.0,inf,inf,rejected
B6/S3,tromino_L_3,1,0.0,inf,inf,rejected
B6/S3,tromino_L_4,1,0.0,inf,inf,rejected
B6/S3,tromino_L_5,1,0.0,inf,inf,rejected
B6/S3,tromino_L_6,1,0.0,inf,inf,rejected
B6/S3,tromino_L_7,1,0.0,inf,inf,rejected
B6/S3,compact_0,1,0.0,inf,inf,rejected
B6/S3,compact_1,2,0.0,inf,inf,rejected
B6/S3,compact_2,1,0.0,inf,inf,rejected
B6/S3,compact_3,1,0.0,inf,inf,rejected
B6/S3,compact_4,2,0.6877,inf,inf,rejected
B6/S3,compact_5,2,0.6127,inf,inf,rejected
B6/S3,compact_6,2,0.0,inf,inf,rejected
B6/S3,compact_7,2,0.5913,inf,inf,rejected
B6/S3,compact_8,1,0.0,inf,inf,rejected
B6/S3,compact_9,2,0.167,inf,inf,rejected
B6/S3,compact_10,2,0.0,inf,inf,rejected
B6/S3,compact_11,1,0.0,inf,inf,rejected
B6/S3,compact_12,1,0.0,inf,inf,rejected
B6/S3,compact_13,2,0.8251,inf,inf,rejected
B6/S3,compact_14,2,1.3012,inf,inf,rejected
B6/S3,compact_15,1,0.0,inf,inf,rejected
B6/S3,compact_16,2,0.446,inf,inf,rejected
B6/S3,compact_17,2,0.2242,inf,inf,rejected
B6/S3,compact_18,1,0.0,inf,inf,rejected
B6/S3,compact_19,2,0.2504,inf,inf,rejected
B6/S3,compact_20,2,1.1305,inf,inf,rejected
B6/S3,compact_21,1,0.0,inf,inf,rejected
B6/S3,compact_22,2,0.3541,inf,inf,rejected
B6/S3,compact_23,2,0.7234,inf,inf,rejected
B6/S3,compact_24,1,0.0,inf,inf,rejected
B4/S1212,single_bit,1,0.0,inf,inf,rejected
B4/S1212,pair_0,500,0.0,1.0,2,rejected
B4/S1212,pair_1,500,0.0,1.0,2,rejected
B4/S1212,pair_2,500,0.0,1.0,2,rejected
B4/S1212,pair_3,500,0.0,1.0,2,rejected
B4/S1212,pair_4,500,0.0,1.0,2,rejected
B4/S1212,pair_5,500,0.0,1.0,2,rejected
B4/S1212,pair_6,500,0.0,1.0,2,rejected
B4/S1212,pair_7,500,0.0,1.0,2,rejected
B4/S1212,pair_8,500,0.0,1.0,2,rejected
B4/S1212,pair_9,500,0.0,1.0,2,rejected
B4/S1212,pair_10,500,0.0,1.0,2,rejected
B4/S1212,pair_11,500,0.0,1.0,2,rejected
B4/S1212,tromino_L_0,500,0.0,1.0,2,rejected
B4/S1212,tromino_L_1,500,0.0,1.0,2,rejected
B4/S1212,tromino_L_2,500,0.0,1.0,3,rejected
B4/S1212,tromino_L_3,500,0.0,1.0,2,rejected
B4/S1212,tromino_L_4,500,0.0,1.0,3,rejected
B4/S1212,tromino_L_5,500,0.0,1.0,3,rejected
B4/S1212,tromino_L_6,500,0.0,1.0,2,rejected
B4/S1212,tromino_L_7,500,0.0,1.0,2,rejected
B4/S1212,compact_0,500,0.0,1.0,3,rejected
B4/S1212,compact_1,2,0.0,inf,inf,rejected
B4/S1212,compact_2,500,0.0,1.0,3,rejected
B4/S1212,compact_3,500,0.0,1.0,3,rejected
B4/S1212,compact_4,3,2.0352,inf,inf,rejected
B4/S1212,compact_5,500,0.0,1.0,3,rejected
B4/S1212,compact_6,2,0.0,inf,inf,rejected
B4/S1212,compact_7,500,0.746,0.6,3,rejected
B4/S1212,compact_8,500,0.0,1.0,2,rejected
B4/S1212,compact_9,500,1.1666,0.3333,2,rejected
B4/S1212,compact_10,2,0.0,inf,inf,rejected
B4/S1212,compact_11,500,0.0,1.0,3,rejected
B4/S1212,compact_12,500,0.0,1.0,3,rejected
B4/S1212,compact_13,4,0.9638,inf,inf,rejected
B4/S1212,compact_14,500,0.7646,0.5,3,rejected
B4/S1212,compact_15,500,0.0,1.0,4,rejected
B4/S1212,compact_16,500,0.7441,0.6,2,rejected
B4/S1212,compact_17,2,0.1508,inf,inf,rejected
B4/S1212,compact_18,500,0.0,1.0,4,rejected
B4/S1212,compact_19,2,0.2496,inf,inf,rejected
B4/S1212,compact_20,2,0.2837,inf,inf,rejected
B4/S1212,compact_21,500,0.0,1.0,2,rejected
B4/S1212,compact_22,500,0.9346,0.5,2,rejected
B4/S1212,compact_23,500,0.9633,0.6667,4,rejected
B4/S1212,compact_24,500,0.0,1.0,3,rejected
B135/S27811,single_bit,500,28.2843,19968.0,40,rejected
B135/S27811,pair_0,500,34.641,11520.0,40,rejected
B135/S27811,pair_1,500,34.641,11520.0,40,rejected
B135/S27811,pair_2,500,34.641,11520.0,40,rejected
B135/S27811,pair_3,500,34.641,11520.0,40,rejected
B135/S27811,pair_4,500,34.641,11520.0,40,rejected
B135/S27811,pair_5,500,34.641,11520.0,40,rejected
B135/S27811,pair_6,500,48.9898,11520.0,40,rejected
B135/S27811,pair_7,500,48.9898,11520.0,40,rejected
B135/S27811,pair_8,500,48.9898,11520.0,40,rejected
B135/S27811,pair_9,500,48.9898,11520.0,40,rejected
B135/S27811,pair_10,500,48.9898,11520.0,40,rejected
B135/S27811,pair_11,500,48.9898,11520.0,40,rejected
B135/S27811,tromino_L_0,500,38.6576,7707.0,40,rejected
B135/S27811,tromino_L_1,500,44.5383,7364.0,40,rejected
B135/S27811,tromino_L_2,500,30.7767,7707.0,40,rejected
B135/S27811,tromino_L_3,500,44.5383,7364.0,40,rejected
B135/S27811,tromino_L_4,500,44.9026,7707.0,40,rejected
B135/S27811,tromino_L_5,500,63.3071,7794.6667,40,rejected
B135/S27811,tromino_L_6,500,49.6931,7364.0,40,rejected
B135/S27811,tromino_L_7,500,49.6931,7364.0,40,rejected
B135/S27811,compact_0,500,49.0163,7794.6667,40,rejected
B135/S27811,compact_1,500,28.2843,5749.5,40,rejected
B135/S27811,compact_2,500,20.0,7654.6667,40,rejected
B135/S27811,compact_3,500,20.0,7654.6667,40,rejected
B135/S27811,compact_4,500,66.035,3848.3333,40,rejected
B135/S27811,compact_5,500,58.7287,5778.5,40,rejected
B135/S27811,compact_6,500,28.2843,5749.5,40,rejected
B135/S27811,compact_7,500,52.9441,4621.6,40,rejected
B135/S27811,compact_8,500,44.5383,7364.0,40,rejected
B135/S27811,compact_9,500,69.2563,3855.5,40,rejected
B135/S27811,compact_10,500,28.2843,5948.5,40,rejected
B135/S27811,compact_11,500,44.9026,7707.0,40,rejected
B135/S27811,compact_12,500,34.1548,5782.5,40,rejected
B135/S27811,compact_13,500,33.711,4629.4,40,rejected
B135/S27811,compact_14,500,35.8081,3843.8333,40,rejected
B135/S27811,compact_15,500,40.0,5726.0,40,rejected
B135/S27811,compact_16,500,38.4988,4626.6,40,rejected
B135/S27811,compact_17,500,59.8791,4619.4,40,rejected
B135/S27811,compact_18,500,63.6931,5782.5,40,rejected
B135/S27811,compact_19,500,22.7218,5757.0,40,rejected
B135/S27811,compact_20,500,30.4793,4666.4,40,rejected
B135/S27811,compact_21,500,49.6931,7364.0,40,rejected
B135/S27811,compact_22,500,45.1974,5774.75,40,rejected
B135/S27811,compact_23,500,58.8618,3838.5,40,rejected
B135/S27811,compact_24,500,30.7767,7707.0,40,rejected
B4/S2710,single_bit,1,0.0,inf,inf,rejected
B4/S2710,pair_0,1,0.0,inf,inf,rejected
B4/S2710,pair_1,1,0.0,inf,inf,rejected
B4/S2710,pair_2,1,0.0,inf,inf,rejected
B4/S2710,pair_3,1,0.0,inf,inf,rejected
B4/S2710,pair_4,1,0.0,inf,inf,rejected
B4/S2710,pair_5,1,0.0,inf,inf,rejected
B4/S2710,pair_6,1,0.0,inf,inf,rejected
B4/S2710,pair_7,1,0.0,inf,inf,rejected
B4/S2710,pair_8,1,0.0,inf,inf,rejected
B4/S2710,pair_9,1,0.0,inf,inf,rejected
B4/S2710,pair_10,1,0.0,inf,inf,rejected
B4/S2710,pair_11,1,0.0,inf,inf,rejected
B4/S2710,tromino_L_0,2,0.471,inf,inf,rejected
B4/S2710,tromino_L_1,500,0.0,1.0,2,rejected
B4/S2710,tromino_L_2,2,0.333,inf,inf,rejected
B4/S2710,tromino_L_3,500,0.0,1.0,2,rejected
B4/S2710,tromino_L_4,2,0.471,inf,inf,rejected
B4/S2710,tromino_L_5,2,0.333,inf,inf,rejected
B4/S2710,tromino_L_6,500,0.0,1.0,2,rejected
B4/S2710,tromino_L_7,500,0.0,1.0,2,rejected
B4/S2710,compact_0,2,0.333,inf,inf,rejected
B4/S2710,compact_1,2,0.0,inf,inf,rejected
B4/S2710,compact_2,2,0.0,inf,inf,rejected
B4/S2710,compact_3,2,0.0,inf,inf,rejected
B4/S2710,compact_4,2,0.1531,inf,inf,rejected
B4/S2710,compact_5,500,0.4558,0.75,2,rejected
B4/S2710,compact_6,2,0.0,inf,inf,rejected
B4/S2710,compact_7,3,1.1834,inf,inf,rejected
B4/S2710,compact_8,500,0.0,1.0,2,rejected
B4/S2710,compact_9,2,0.4094,inf,inf,rejected
B4/S2710,compact_10,1,0.0,inf,inf,rejected
B4/S2710,compact_11,2,0.471,inf,inf,rejected
B4/S2710,compact_12,2,0.4319,inf,inf,rejected
B4/S2710,compact_13,2,0.1899,inf,inf,rejected
B4/S2710,compact_14,3,1.167,inf,inf,rejected
B4/S2710,compact_15,2,0.0,inf,inf,rejected
B4/S2710,compact_16,2,0.8377,inf,inf,rejected
B4/S2710,compact_17,2,1.6128,inf,inf,rejected
B4/S2710,compact_18,2,0.2496,inf,inf,rejected
B4/S2710,compact_19,2,0.2496,inf,inf,rejected
B4/S2710,compact_20,2,0.4234,inf,inf,rejected
B4/S2710,compact_21,500,0.0,1.0,2,rejected
B4/S2710,compact_22,2,0.9346,inf,inf,rejected
B4/S2710,compact_23,2,0.3709,inf,inf,rejected
B4/S2710,compact_24,2,0.333,inf,inf,rejected
B89/S12,single_bit,1,0.0,inf,inf,rejected
B89/S12,pair_0,1,0.0,inf,inf,rejected
B89/S12,pair_1,1,0.0,inf,inf,rejected
B89/S12,pair_2,1,0.0,inf,inf,rejected
B89/S12,pair_3,1,0.0,inf,inf,rejected
B89/S12,pair_4,1,0.0,inf,inf,rejected
B89/S12,pair_5,1,0.0,inf,inf,rejected
B89/S12,pair_6,1,0.0,inf,inf,rejected
B89/S12,pair_7,1,0.0,inf,inf,rejected
B89/S12,pair_8,1,0.0,inf,inf,rejected
B89/S12,pair_9,1,0.0,inf,inf,rejected
B89/S12,pair_10,1,0.0,inf,inf,rejected
B89/S12,pair_11,1,0.0,inf,inf,rejected
B89/S12,tromino_L_0,1,0.0,inf,inf,rejected
B89/S12,tromino_L_1,1,0.0,inf,inf,rejected
B89/S12,tromino_L_2,1,0.0,inf,inf,rejected
B89/S12,tromino_L_3,1,0.0,inf,inf,rejected
B89/S12,tromino_L_4,1,0.0,inf,inf,rejected
B89/S12,tromino_L_5,1,0.0,inf,inf,rejected
B89/S12,tromino_L_6,1,0.0,inf,inf,rejected
B89/S12,tromino_L_7,1,0.0,inf,inf,rejected
B89/S12,compact_0,1,0.0,inf,inf,rejected
B89/S12,compact_1,1,0.0,inf,inf,rejected
B89/S12,compact_2,1,0.0,inf,inf,rejected
B89/S12,compact_3,1,0.0,inf,inf,rejected
B89/S12,compact_4,1,0.0,inf,inf,rejected
B89/S12,compact_5,1,0.0,inf,inf,rejected
B89/S12,compact_6,1,0.0,inf,inf,rejected
B89/S12,compact_7,1,0.0,inf,inf,rejected
B89/S12,compact_8,1,0.0,inf,inf,rejected
B89/S12,compact_9,1,0.0,inf,inf,rejected
B89/S12,compact_10,1,0.0,inf,inf,rejected
B89/S12,compact_11,1,0.0,inf,inf,rejected
B89/S12,compact_12,1,0.0,inf,inf,rejected
B89/S12,compact_13,1,0.0,inf,inf,rejected
B89/S12,compact_14,1,0.0,inf,inf,rejected
B89/S12,compact_15,1,0.0,inf,inf,rejected
B89/S12,compact_16,1,0.0,inf,inf,rejected
B89/S12,compact_17,1,0.0,inf,inf,rejected
B89/S12,compact_18,1,0.0,inf,inf,rejected
B89/S12,compact_19,1,0.0,inf,inf,rejected
B89/S12,compact_20,1,0.0,inf,inf,rejected
B89/S12,compact_21,1,0.0,inf,inf,rejected
B89/S12,compact_22,1,0.0,inf,inf,rejected
B89/S12,compact_23,1,0.0,inf,inf,rejected
B89/S12,compact_24,1,0.0,inf,inf,rejected
B1356811/S239,single_bit,500,34.641,29828.0,40,rejected
B1356811/S239,pair_0,500,34.641,14073.0,40,rejected
B1356811/S239,pair_1,500,34.641,14073.0,40,rejected
B1356811/S239,pair_2,500,34.641,14073.0,40,rejected
B1356811/S239,pair_3,500,34.641,14073.0,40,rejected
B1356811/S239,pair_4,500,34.641,14073.0,40,rejected
B1356811/S239,pair_5,500,34.641,14073.0,40,rejected
B1356811/S239,pair_6,500,66.3325,14073.0,40,rejected
B1356811/S239,pair_7,500,66.3325,14073.0,40,rejected
B1356811/S239,pair_8,500,66.3325,14073.0,40,rejected
B1356811/S239,pair_9,500,66.3325,14073.0,40,rejected
B1356811/S239,pair_10,500,66.3325,14073.0,40,rejected
B1356811/S239,pair_11,500,66.3325,14073.0,40,rejected
B1356811/S239,tromino_L_0,500,59.4357,9255.6667,40,rejected
B1356811/S239,tromino_L_1,500,93.4797,9326.6667,40,rejected
B1356811/S239,tromino_L_2,500,48.6446,9255.6667,40,rejected
B1356811/S239,tromino_L_3,500,93.4797,9326.6667,40,rejected
B1356811/S239,tromino_L_4,500,69.2487,9255.6667,40,rejected
B1356811/S239,tromino_L_5,500,44.1847,9310.6667,40,rejected
B1356811/S239,tromino_L_6,500,99.9932,9326.6667,40,rejected
B1356811/S239,tromino_L_7,500,99.9932,9326.6667,40,rejected
B1356811/S239,compact_0,500,44.1847,9310.6667,40,rejected
B1356811/S239,compact_1,500,28.2843,6986.0,40,rejected
B1356811/S239,compact_2,500,28.2843,9341.3333,40,rejected
B1356811/S239,compact_3,500,28.2843,9341.3333,40,rejected
B1356811/S239,compact_4,500,57.3781,4569.6667,40,rejected
B1356811/S239,compact_5,500,60.0468,6835.0,40,rejected
B1356811/S239,compact_6,500,20.0,6986.0,40,rejected
B1356811/S239,compact_7,500,40.2352,5464.2,40,rejected
B1356811/S239,compact_8,500,93.4797,9326.6667,40,rejected
B1356811/S239,compact_9,500,49.6044,4562.3333,40,rejected
B1356811/S239,compact_10,500,20.0,7132.75,40,rejected
B1356811/S239,compact_11,500,69.2487,9255.6667,40,rejected
B1356811/S239,compact_12,500,36.0644,6844.0,40,rejected
B1356811/S239,compact_13,500,41.9576,5479.2,40,rejected
B1356811/S239,compact_14,500,57.7367,4554.8333,40,rejected
B1356811/S239,compact_15,500,48.9898,7075.0,40,rejected
B1356811/S239,compact_16,500,56.6095,5463.4,40,rejected
B1356811/S239,compact_17,500,57.2924,5467.2,40,rejected
B1356811/S239,compact_18,500,48.5832,6844.0,40,rejected
B1356811/S239,compact_19,500,46.9955,6931.0,40,rejected
B1356811/S239,compact_20,500,44.1087,5531.6,40,rejected
B1356811/S239,compact_21,500,99.9932,9326.6667,40,rejected
B1356811/S239,compact_22,500,72.141,6850.25,40,rejected
B1356811/S239,compact_23,500,43.9994,4558.8333,40,rejected
B1356811/S239,compact_24,500,48.6446,9255.6667,40,rejected
B410/S1510,single_bit,1,0.0,inf,inf,rejected
B410/S1510,pair_0,500,0.0,1.0,2,rejected
B410/S1510,pair_1,500,0.0,1.0,2,rejected
B410/S1510,pair_2,500,0.0,1.0,2,rejected
B410/S1510,pair_3,500,0.0,1.0,2,rejected
B410/S1510,pair_4,500,0.0,1.0,2,rejected
B410/S1510,pair_5,500,0.0,1.0,2,rejected
B410/S1510,pair_6,500,0.0,1.0,2,rejected
B410/S1510,pair_7,500,0.0,1.0,2,rejected
B410/S1510,pair_8,500,0.0,1.0,2,rejected
B410/S1510,pair_9,500,0.0,1.0,2,rejected
B410/S1510,pair_10,500,0.0,1.0,2,rejected
B410/S1510,pair_11,500,0.0,1.0,2,rejected
B410/S1510,tromino_L_0,2,0.2361,inf,inf,rejected
B410/S1510,tromino_L_1,1,0.0,inf,inf,rejected
B410/S1510,tromino_L_2,2,0.167,inf,inf,rejected
B410/S1510,tromino_L_3,1,0.0,inf,inf,rejected
B410/S1510,tromino_L_4,2,0.2361,inf,inf,rejected
B410/S1510,tromino_L_5,2,0.167,inf,inf,rejected
B410/S1510,tromino_L_6,1,0.0,inf,inf,rejected
B410/S1510,tromino_L_7,1,0.0,inf,inf,rejected
B410/S1510,compact_0,2,0.167,inf,inf,rejected
B410/S1510,compact_1,1,0.0,inf,inf,rejected
B410/S1510,compact_2,2,0.0,inf,inf,rejected
B410/S1510,compact_3,2,0.0,inf,inf,rejected
B410/S1510,compact_4,500,1.0268,0.3333,2,rejected
B410/S1510,compact_5,500,1.1736,0.5,2,rejected
B410/S1510,compact_6,1,0.0,inf,inf,rejected
B410/S1510,compact_7,2,1.1834,inf,inf,rejected
B410/S1510,compact_8,1,0.0,inf,inf,rejected
B410/S1510,compact_9,2,0.7816,inf,inf,rejected
B410/S1510,compact_10,2,0.0,inf,inf,rejected
B410/S1510,compact_11,2,0.2361,inf,inf,rejected
B410/S1510,compact_12,2,0.4341,inf,inf,rejected
B410/S1510,compact_13,500,1.315,0.4,2,rejected
B410/S1510,compact_14,500,0.6015,0.3333,2,rejected
B410/S1510,compact_15,2,0.0,inf,inf,rejected
B410/S1510,compact_16,3,0.6721,inf,inf,rejected
B410/S1510,compact_17,2,0.9482,inf,inf,rejected
B410/S1510,compact_18,2,0.2504,inf,inf,rejected
B410/S1510,compact_19,1,0.0,inf,inf,rejected
B410/S1510,compact_20,2,1.6979,inf,inf,rejected
B410/S1510,compact_21,1,0.0,inf,inf,rejected
B410/S1510,compact_22,2,1.621,inf,inf,rejected
B410/S1510,compact_23,500,1.0918,0.3333,2,rejected
B410/S1510,compact_24,2,0.167,inf,inf,rejected
B236/S157812,single_bit,1,0.0,inf,inf,rejected
B236/S157812,pair_0,500,28.2843,13409.0,40,rejected
B236/S157812,pair_1,500,28.2843,13409.0,40,rejected
B236/S157812,pair_2,500,28.2843,13409.0,40,rejected
B236/S157812,pair_3,500,28.2843,13409.0,40,rejected
B236/S157812,pair_4,500,20.0,13409.0,40,rejected
B236/S157812,pair_5,500,20.0,13409.0,40,rejected
B236/S157812,pair_6,500,0.0,13409.0,40,rejected
B236/S157812,pair_7,500,20.0,13409.0,40,rejected
B236/S157812,pair_8,500,20.0,13409.0,40,rejected
B236/S157812,pair_9,500,0.0,13409.0,40,rejected
B236/S157812,pair_10,500,20.0,13409.0,40,rejected
B236/S157812,pair_11,500,20.0,13409.0,40,rejected
B236/S157812,tromino_L_0,500,68.5149,8591.3333,40,rejected
B236/S157812,tromino_L_1,500,36.4514,8870.0,40,rejected
B236/S157812,tromino_L_2,500,59.5579,8591.3333,40,rejected
B236/S157812,tromino_L_3,500,36.4514,8870.0,40,rejected
B236/S157812,tromino_L_4,500,73.3088,8591.3333,40,rejected
B236/S157812,tromino_L_5,500,42.023,8829.3333,40,rejected
B236/S157812,tromino_L_6,500,50.6404,8870.0,40,rejected
B236/S157812,tromino_L_7,500,50.6404,8870.0,40,rejected
B236/S157812,compact_0,500,42.023,8829.3333,40,rejected
B236/S157812,compact_1,500,28.2843,6583.0,40,rejected
B236/S157812,compact_2,500,28.2843,8850.0,40,rejected
B236/S157812,compact_3,500,34.641,8850.0,40,rejected
B236/S157812,compact_4,500,57.0044,4288.0,40,rejected
B236/S157812,compact_5,500,48.7408,6422.25,40,rejected
B236/S157812,compact_6,500,34.641,6583.0,40,rejected
B236/S157812,compact_7,500,29.4077,5134.6,40,rejected
B236/S157812,compact_8,500,36.4514,8870.0,40,rejected
B236/S157812,compact_9,500,46.709,4286.0,40,rejected
B236/S157812,compact_10,500,66.3325,6956.0,40,rejected
B236/S157812,compact_11,500,73.3088,8591.3333,40,rejected
B236/S157812,compact_12,500,92.7967,6428.5,40,rejected
B236/S157812,compact_13,500,42.2447,5139.0,40,rejected
B236/S157812,compact_14,500,54.5677,4273.5,40,rejected
B236/S157812,compact_15,500,34.641,6618.5,40,rejected
B236/S157812,compact_16,500,22.3997,5133.8,40,rejected
B236/S157812,compact_17,500,52.0305,5137.2,40,rejected
B236/S157812,compact_18,500,55.0333,6428.5,40,rejected
B236/S157812,compact_19,500,47.485,6572.5,40,rejected
B236/S157812,compact_20,500,38.5523,5184.6,40,rejected
B236/S157812,compact_21,500,50.6404,8870.0,40,rejected
B236/S157812,compact_22,500,47.3706,6417.0,40,rejected
B236/S157812,compact_23,500,35.1679,4276.0,40,rejected
B236/S157812,compact_24,500,59.5579,8591.3333,40,rejected
B571011/S458,single_bit,1,0.0,inf,inf,rejected
B571011/S458,pair_0,1,0.0,inf,inf,rejected
B571011/S458,pair_1,1,0.0,inf,inf,rejected
B571011/S458,pair_2,1,0.0,inf,inf,rejected
B571011/S458,pair_3,1,0.0,inf,inf,rejected
B571011/S458,pair_4,1,0.0,inf,inf,rejected
B571011/S458,pair_5,1,0.0,inf,inf,rejected
B571011/S458,pair_6,1,0.0,inf,inf,rejected
B571011/S458,pair_7,1,0.0,inf,inf,rejected
B571011/S458,pair_8,1,0.0,inf,inf,rejected
B571011/S458,pair_9,1,0.0,inf,inf,rejected
B571011/S458,pair_10,1,0.0,inf,inf,rejected
B571011/S458,pair_11,1,0.0,inf,inf,rejected
B571011/S458,tromino_L_0,1,0.0,inf,inf,rejected
B571011/S458,tromino_L_1,1,0.0,inf,inf,rejected
B571011/S458,tromino_L_2,1,0.0,inf,inf,rejected
B571011/S458,tromino_L_3,1,0.0,inf,inf,rejected
B571011/S458,tromino_L_4,1,0.0,inf,inf,rejected
B571011/S458,tromino_L_5,1,0.0,inf,inf,rejected
B571011/S458,tromino_L_6,1,0.0,inf,inf,rejected
B571011/S458,tromino_L_7,1,0.0,inf,inf,rejected
B571011/S458,compact_0,1,0.0,inf,inf,rejected
B571011/S458,compact_1,1,0.0,inf,inf,rejected
B571011/S458,compact_2,1,0.0,inf,inf,rejected
B571011/S458,compact_3,1,0.0,inf,inf,rejected
B571011/S458,compact_4,1,0.0,inf,inf,rejected
B571011/S458,compact_5,1,0.0,inf,inf,rejected
B571011/S458,compact_6,1,0.0,inf,inf,rejected
B571011/S458,compact_7,2,0.4473,inf,inf,rejected
B571011/S458,compact_8,1,0.0,inf,inf,rejected
B571011/S458,compact_9,2,0.167,inf,inf,rejected
B571011/S458,compact_10,1,0.0,inf,inf,rejected
B571011/S458,compact_11,1,0.0,inf,inf,rejected
B571011/S458,compact_12,1,0.0,inf,inf,rejected
B571011/S458,compact_13,2,0.283,inf,inf,rejected
B571011/S458,compact_14,2,0.167,inf,inf,rejected
B571011/S458,compact_15,1,0.0,inf,inf,rejected
B571011/S458,compact_16,1,0.0,inf,inf,rejected
B571011/S458,compact_17,1,0.0,inf,inf,rejected
B571011/S458,compact_18,1,0.0,inf,inf,rejected
B571011/S458,compact_19,1,0.0,inf,inf,rejected
B571011/S458,compact_20,2,0.2837,inf,inf,rejected
B571011/S458,compact_21,1,0.0,inf,inf,rejected
B571011/S458,compact_22,1,0.0,inf,inf,rejected
B571011/S458,compact_23,1,0.0,inf,inf,rejected
B571011/S458,compact_24,1,0.0,inf,inf,rejected
B1210/S3781011,single_bit,500,34.641,24516.0,40,rejected
B1210/S3781011,pair_0,500,0.0,11036.0,40,rejected
B1210/S3781011,pair_1,500,0.0,11036.0,40,rejected
B1210/S3781011,pair_2,500,0.0,11036.0,40,rejected
B1210/S3781011,pair_3,500,40.0,11036.0,40,rejected
B1210/S3781011,pair_4,500,0.0,11036.0,40,rejected
B1210/S3781011,pair_5,500,0.0,11036.0,40,rejected
B1210/S3781011,pair_6,500,40.0,11036.0,40,rejected
B1210/S3781011,pair_7,500,40.0,11036.0,40,rejected
B1210/S3781011,pair_8,500,40.0,11036.0,40,rejected
B1210/S3781011,pair_9,500,0.0,11036.0,40,rejected
B1210/S3781011,pair_10,500,0.0,11036.0,40,rejected
B1210/S3781011,pair_11,500,40.0,11036.0,40,rejected
B1210/S3781011,tromino_L_0,500,64.4841,7090.0,40,rejected
B1210/S3781011,tromino_L_1,500,35.462,7317.0,40,rejected
B1210/S3781011,tromino_L_2,500,51.76,7090.0,40,rejected
B1210/S3781011,tromino_L_3,500,35.462,7317.0,40,rejected
B1210/S3781011,tromino_L_4,500,48.6682,7090.0,40,rejected
B1210/S3781011,tromino_L_5,500,62.7652,7324.6667,40,rejected
B1210/S3781011,tromino_L_6,500,36.1138,7317.0,40,rejected
B1210/S3781011,tromino_L_7,500,36.1138,7317.0,40,rejected
B1210/S3781011,compact_0,500,62.7652,7324.6667,40,rejected
B1210/S3781011,compact_1,500,28.2843,5509.0,40,rejected
B1210/S3781011,compact_2,500,28.2843,7427.6667,40,rejected
B1210/S3781011,compact_3,500,34.641,7427.6667,40,rejected
B1210/S3781011,compact_4,500,53.5107,3498.1667,40,rejected
B1210/S3781011,compact_5,500,20.31,5263.25,40,rejected
B1210/S3781011,compact_6,500,20.0,5509.0,40,rejected
B1210/S3781011,compact_7,500,65.4537,4219.6,40,rejected
B1210/S3781011,compact_8,500,35.462,7317.0,40,rejected
B1210/S3781011,compact_9,500,39.1438,3492.0,40,rejected
B1210/S3781011,compact_10,500,48.9898,5486.25,40,rejected
B1210/S3781011,compact_11,500,48.6682,7090.0,40,rejected
B1210/S3781011,compact_12,500,53.9666,5243.5,40,rejected
B1210/S3781011,compact_13,500,40.0711,4209.6,40,rejected
B1210/S3781011,compact_14,500,40.1411,3498.8333,40,rejected
B1210/S3781011,compact_15,500,60.0,5659.5,40,rejected
B1210/S3781011,compact_16,500,28.2695,4237.6,40,rejected
B1210/S3781011,compact_17,500,27.8636,4223.6,40,rejected
B1210/S3781011,compact_18,500,18.4635,5243.5,40,rejected
B1210/S3781011,compact_19,500,59.1879,5398.5,40,rejected
B1210/S3781011,compact_20,500,84.1319,4393.4,40,rejected
B1210/S3781011,compact_21,500,36.1138,7317.0,40,rejected
B1210/S3781011,compact_22,500,29.6576,5249.0,40,rejected
B1210/S3781011,compact_23,500,63.9037,3499.0,40,rejected
B1210/S3781011,compact_24,500,51.76,7090.0,40,rejected
B89/S5811,single_bit,1,0.0,inf,inf,rejected
B89/S5811,pair_0,1,0.0,inf,inf,rejected
B89/S5811,pair_1,1,0.0,inf,inf,rejected
B89/S5811,pair_2,1,0.0,inf,inf,rejected
B89/S5811,pair_3,1,0.0,inf,inf,rejected
B89/S5811,pair_4,1,0.0,inf,inf,rejected
B89/S5811,pair_5,1,0.0,inf,inf,rejected
B89/S5811,pair_6,1,0.0,inf,inf,rejected
B89/S5811,pair_7,1,0.0,inf,inf,rejected
B89/S5811,pair_8,1,0.0,inf,inf,rejected
B89/S5811,pair_9,1,0.0,inf,inf,rejected
B89/S5811,pair_10,1,0.0,inf,inf,rejected
B89/S5811,pair_11,1,0.0,inf,inf,rejected
B89/S5811,tromino_L_0,1,0.0,inf,inf,rejected
B89/S5811,tromino_L_1,1,0.0,inf,inf,rejected
B89/S5811,tromino_L_2,1,0.0,inf,inf,rejected
B89/S5811,tromino_L_3,1,0.0,inf,inf,rejected
B89/S5811,tromino_L_4,1,0.0,inf,inf,rejected
B89/S5811,tromino_L_5,1,0.0,inf,inf,rejected
B89/S5811,tromino_L_6,1,0.0,inf,inf,rejected
B89/S5811,tromino_L_7,1,0.0,inf,inf,rejected
B89/S5811,compact_0,1,0.0,inf,inf,rejected
B89/S5811,compact_1,1,0.0,inf,inf,rejected
B89/S5811,compact_2,1,0.0,inf,inf,rejected
B89/S5811,compact_3,1,0.0,inf,inf,rejected
B89/S5811,compact_4,1,0.0,inf,inf,rejected
B89/S5811,compact_5,1,0.0,inf,inf,rejected
B89/S5811,compact_6,1,0.0,inf,inf,rejected
B89/S5811,compact_7,1,0.0,inf,inf,rejected
B89/S5811,compact_8,1,0.0,inf,inf,rejected
B89/S5811,compact_9,1,0.0,inf,inf,rejected
B89/S5811,compact_10,1,0.0,inf,inf,rejected
B89/S5811,compact_11,1,0.0,inf,inf,rejected
B89/S5811,compact_12,1,0.0,inf,inf,rejected
B89/S5811,compact_13,1,0.0,inf,inf,rejected
B89/S5811,compact_14,2,0.6015,inf,inf,rejected
B89/S5811,compact_15,1,0.0,inf,inf,rejected
B89/S5811,compact_16,1,0.0,inf,inf,rejected
B89/S5811,compact_17,1,0.0,inf,inf,rejected
B89/S5811,compact_18,1,0.0,inf,inf,rejected
B89/S5811,compact_19,1,0.0,inf,inf,rejected
B89/S5811,compact_20,1,0.0,inf,inf,rejected
B89/S5811,compact_21,1,0.0,inf,inf,rejected
B89/S5811,compact_22,1,0.0,inf,inf,rejected
B89/S5811,compact_23,1,0.0,inf,inf,rejected
B89/S5811,compact_24,1,0.0,inf,inf,rejected
B2/S612,single_bit,1,0.0,inf,inf,rejected
B2/S612,pair_0,500,28.2843,7237.0,40,rejected
B2/S612,pair_1,500,28.2843,7237.0,40,rejected
B2/S612,pair_2,500,28.2843,7237.0,40,rejected
B2/S612,pair_3,500,48.9898,7237.0,40,rejected
B2/S612,pair_4,500,44.7214,7237.0,40,rejected
B2/S612,pair_5,500,20.0,7237.0,40,rejected
B2/S612,pair_6,500,40.0,7237.0,40,rejected
B2/S612,pair_7,500,44.7214,7237.0,40,rejected
B2/S612,pair_8,500,44.7214,7237.0,40,rejected
B2/S612,pair_9,500,56.5685,7237.0,40,rejected
B2/S612,pair_10,500,44.7214,7237.0,40,rejected
B2/S612,pair_11,500,60.0,7237.0,40,rejected
B2/S612,tromino_L_0,500,20.0055,4674.6667,40,rejected
B2/S612,tromino_L_1,500,55.7669,4841.0,40,rejected
B2/S612,tromino_L_2,500,28.2862,4674.6667,40,rejected
B2/S612,tromino_L_3,500,55.7669,4841.0,40,rejected
B2/S612,tromino_L_4,500,20.0055,4674.6667,40,rejected
B2/S612,tromino_L_5,500,21.1145,4908.6667,40,rejected
B2/S612,tromino_L_6,500,56.1151,4841.0,40,rejected
B2/S612,tromino_L_7,500,56.1151,4841.0,40,rejected
B2/S612,compact_0,500,45.2307,4908.6667,40,rejected
B2/S612,compact_1,500,20.0,3521.0,40,rejected
B2/S612,compact_2,500,28.2843,4897.3333,40,rejected
B2/S612,compact_3,500,28.2843,4897.3333,40,rejected
B2/S612,compact_4,500,52.1252,2280.1667,40,rejected
B2/S612,compact_5,500,73.7579,3429.0,40,rejected
B2/S612,compact_6,500,0.0,3521.0,40,rejected
B2/S612,compact_7,500,80.8982,2745.2,40,rejected
B2/S612,compact_8,500,55.7669,4841.0,40,rejected
B2/S612,compact_9,500,48.164,2276.0,40,rejected
B2/S612,compact_10,500,0.0,3677.25,40,rejected
B2/S612,compact_11,500,20.0055,4674.6667,40,rejected
B2/S612,compact_12,500,53.1277,3436.0,40,rejected
B2/S612,compact_13,500,35.2632,2742.6,40,rejected
B2/S612,compact_14,500,55.202,2283.8333,40,rejected
B2/S612,compact_15,500,44.7214,3624.0,40,rejected
B2/S612,compact_16,500,30.1198,2724.8,40,rejected
B2/S612,compact_17,500,47.4359,2743.6,40,rejected
B2/S612,compact_18,500,54.3507,3436.0,40,rejected
B2/S612,compact_19,500,48.8884,3601.5,40,rejected
B2/S612,compact_20,500,39.7017,2812.4,40,rejected
B2/S612,compact_21,500,56.1151,4841.0,40,rejected
B2/S612,compact_22,500,73.2574,3421.25,40,rejected
B2/S612,compact_23,500,49.039,2276.1667,40,rejected
B2/S612,compact_24,500,28.2862,4674.6667,40,rejected
B1345911/S2481012,single_bit,500,0.0,32610.0,40,rejected
B1345911/S2481012,pair_0,500,20.0,15522.0,40,rejected
B1345911/S2481012,pair_1,500,20.0,15522.0,40,rejected
B1345911/S2481012,pair_2,500,44.7214,15522.0,40,rejected
B1345911/S2481012,pair_3,500,44.7214,15522.0,40,rejected
B1345911/S2481012,pair_4,500,28.2843,15522.0,40,rejected
B1345911/S2481012,pair_5,500,28.2843,15522.0,40,rejected
B1345911/S2481012,pair_6,500,48.9898,15522.0,40,rejected
B1345911/S2481012,pair_7,500,44.7214,15522.0,40,rejected
B1345911/S2481012,pair_8,500,44.7214,15522.0,40,rejected
B1345911/S2481012,pair_9,500,28.2843,15522.0,40,rejected
B1345911/S2481012,pair_10,500,20.0,15522.0,40,rejected
B1345911/S2481012,pair_11,500,20.0,15522.0,40,rejected
B1345911/S2481012,tromino_L_0,500,73.8244,10061.0,40,rejected
B1345911/S2481012,tromino_L_1,500,85.0696,10301.6667,40,rejected
B1345911/S2481012,tromino_L_2,500,52.2018,10061.0,40,rejected
B1345911/S2481012,tromino_L_3,500,85.0696,10301.6667,40,rejected
B1345911/S2481012,tromino_L_4,500,53.4118,10061.0,40,rejected
B1345911/S2481012,tromino_L_5,500,23.3193,10229.0,40,rejected
B1345911/S2481012,tromino_L_6,500,87.1864,10301.6667,40,rejected
B1345911/S2481012,tromino_L_7,500,87.1864,10301.6667,40,rejected
B1345911/S2481012,compact_0,500,46.3011,10229.0,40,rejected
B1345911/S2481012,compact_1,500,28.2843,7639.5,40,rejected
B1345911/S2481012,compact_2,500,28.2843,10503.6667,40,rejected
B1345911/S2481012,compact_3,500,66.3325,10503.6667,40,rejected
B1345911/S2481012,compact_4,500,64.7357,4976.5,40,rejected
B1345911/S2481012,compact_5,500,64.0913,7440.0,40,rejected
B1345911/S2481012,compact_6,500,66.3325,7639.5,40,rejected
B1345911/S2481012,compact_7,500,57.1666,5967.8,40,rejected
B1345911/S2481012,compact_8,500,85.0696,10301.6667,40,rejected
B1345911/S2481012,compact_9,500,50.2563,4961.5,40,rejected
B1345911/S2481012,compact_10,500,0.0,7724.25,40,rejected
B1345911/S2481012,compact_11,500,53.4118,10061.0,40,rejected
B1345911/S2481012,compact_12,500,67.4438,7489.75,40,rejected
B1345911/S2481012,compact_13,500,74.5565,5959.6,40,rejected
B1345911/S2481012,compact_14,500,42.4363,4958.3333,40,rejected
B1345911/S2481012,compact_15,500,44.7214,7783.5,40,rejected
B1345911/S2481012,compact_16,500,9.0799,6005.6,40,rejected
B1345911/S2481012,compact_17,500,31.2951,6016.2,40,rejected
B1345911/S2481012,compact_18,500,70.1014,7489.75,40,rejected
B1345911/S2481012,compact_19,500,20.8808,7596.0,40,rejected
B1345911/S2481012,compact_20,500,23.3478,6044.4,40,rejected
B1345911/S2481012,compact_21,500,87.1864,10301.6667,40,rejected
B1345911/S2481012,compact_22,500,34.6872,7486.5,40,rejected
B1345911/S2481012,compact_23,500,31.8773,4975.0,40,rejected
B1345911/S2481012,compact_24,500,52.2018,10061.0,40,rejected
B468/S5612,single_bit,1,0.0,inf,inf,rejected
B468/S5612,pair_0,1,0.0,inf,inf,rejected
B468/S5612,pair_1,1,0.0,inf,inf,rejected
B468/S5612,pair_2,1,0.0,inf,inf,rejected
B468/S5612,pair_3,1,0.0,inf,inf,rejected
B468/S5612,pair_4,1,0.0,inf,inf,rejected
B468/S5612,pair_5,1,0.0,inf,inf,rejected
B468/S5612,pair_6,1,0.0,inf,inf,rejected
B468/S5612,pair_7,1,0.0,inf,inf,rejected
B468/S5612,pair_8,1,0.0,inf,inf,rejected
B468/S5612,pair_9,1,0.0,inf,inf,rejected
B468/S5612,pair_10,1,0.0,inf,inf,rejected
B468/S5612,pair_11,1,0.0,inf,inf,rejected
B468/S5612,tromino_L_0,1,0.0,inf,inf,rejected
B468/S5612,tromino_L_1,1,0.0,inf,inf,rejected
B468/S5612,tromino_L_2,1,0.0,inf,inf,rejected
B468/S5612,tromino_L_3,1,0.0,inf,inf,rejected
B468/S5612,tromino_L_4,1,0.0,inf,inf,rejected
B468/S5612,tromino_L_5,1,0.0,inf,inf,rejected
B468/S5612,tromino_L_6,1,0.0,inf,inf,rejected
B468/S5612,tromino_L_7,1,0.0,inf,inf,rejected
B468/S5612,compact_0,1,0.0,inf,inf,rejected
B468/S5612,compact_1,1,0.0,inf,inf,rejected
B468/S5612,compact_2,1,0.0,inf,inf,rejected
B468/S5612,compact_3,1,0.0,inf,inf,rejected
B468/S5612,compact_4,2,0.3718,inf,inf,rejected
B468/S5612,compact_5,2,0.936,inf,inf,rejected
B468/S5612,compact_6,1,0.0,inf,inf,rejected
B468/S5612,compact_7,2,1.1834,inf,inf,rejected
B468/S5612,compact_8,1,0.0,inf,inf,rejected
B468/S5612,compact_9,2,0.7816,inf,inf,rejected
B468/S5612,compact_10,1,0.0,inf,inf,rejected
B468/S5612,compact_11,1,0.0,inf,inf,rejected
B468/S5612,compact_12,1,0.0,inf,inf,rejected
B468/S5612,compact_13,2,1.5099,inf,inf,rejected
B468/S5612,compact_14,2,0.6015,inf,inf,rejected
B468/S5612,compact_15,1,0.0,inf,inf,rejected
B468/S5612,compact_16,2,1.001,inf,inf,rejected
B468/S5612,compact_17,1,0.0,inf,inf,rejected
B468/S5612,compact_18,1,0.0,inf,inf,rejected
B468/S5612,compact_19,1,0.0,inf,inf,rejected
B468/S5612,compact_20,1,0.0,inf,inf,rejected
B468/S5612,compact_21,1,0.0,inf,inf,rejected
B468/S5612,compact_22,1,0.0,inf,inf,rejected
B468/S5612,compact_23,2,0.6015,inf,inf,rejected
B468/S5612,compact_24,1,0.0,inf,inf,rejected
B46/S2,single_bit,1,0.0,inf,inf,rejected
B46/S2,pair_0,1,0.0,inf,inf,rejected
B46/S2,pair_1,1,0.0,inf,inf,rejected
B46/S2,pair_2,1,0.0,inf,inf,rejected
B46/S2,pair_3,1,0.0,inf,inf,rejected
B46/S2,pair_4,1,0.0,inf,inf,rejected
B46/S2,pair_5,1,0.0,inf,inf,rejected
B46/S2,pair_6,1,0.0,inf,inf,rejected
B46/S2,pair_7,1,0.0,inf,inf,rejected
B46/S2,pair_8,1,0.0,inf,inf,rejected
B46/S2,pair_9,1,0.0,inf,inf,rejected
B46/S2,pair_10,1,0.0,inf,inf,rejected
B46/S2,pair_11,1,0.0,inf,inf,rejected
B46/S2,tromino_L_0,2,0.471,inf,inf,rejected
B46/S2,tromino_L_1,500,0.0,1.0,2,rejected
B46/S2,tromino_L_2,2,0.333,inf,inf,rejected
B46/S2,tromino_L_3,500,0.0,1.0,2,rejected
B46/S2,tromino_L_4,2,0.471,inf,inf,rejected
B46/S2,tromino_L_5,2,0.333,inf,inf,rejected
B46/S2,tromino_L_6,500,0.0,1.0,2,rejected
B46/S2,tromino_L_7,500,0.0,1.0,2,rejected
B46/S2,compact_0,2,0.333,inf,inf,rejected
B46/S2,compact_1,2,0.0,inf,inf,rejected
B46/S2,compact_2,2,0.0,inf,inf,rejected
B46/S2,compact_3,2,0.0,inf,inf,rejected
B46/S2,compact_4,3,0.6877,inf,inf,rejected
B46/S2,compact_5,500,0.4558,0.75,2,rejected
B46/S2,compact_6,2,0.0,inf,inf,rejected
B46/S2,compact_7,3,1.1834,inf,inf,rejected
B46/S2,compact_8,500,0.0,1.0,2,rejected
B46/S2,compact_9,2,0.4094,inf,inf,rejected
B46/S2,compact_10,1,0.0,inf,inf,rejected
B46/S2,compact_11,2,0.471,inf,inf,rejected
B46/S2,compact_12,2,0.4319,inf,inf,rejected
B46/S2,compact_13,2,0.1899,inf,inf,rejected
B46/S2,compact_14,3,1.167,inf,inf,rejected
B46/S2,compact_15,2,0.0,inf,inf,rejected
B46/S2,compact_16,2,0.8377,inf,inf,rejected
B46/S2,compact_17,2,1.6128,inf,inf,rejected
B46/S2,compact_18,2,0.2496,inf,inf,rejected
B46/S2,compact_19,2,0.2496,inf,inf,rejected
B46/S2,compact_20,2,0.4234,inf,inf,rejected
B46/S2,compact_21,500,0.0,1.0,2,rejected
B46/S2,compact_22,2,0.9346,inf,inf,rejected
B46/S2,compact_23,2,0.3709,inf,inf,rejected
B46/S2,compact_24,2,0.333,inf,inf,rejected
B257/S18911,single_bit,1,0.0,inf,inf,rejected
B257/S18911,pair_0,500,28.2843,9477.0,40,rejected
B257/S18911,pair_1,500,28.2843,9477.0,40,rejected
B257/S18911,pair_2,500,28.2843,9477.0,40,rejected
B257/S18911,pair_3,500,48.9898,9477.0,40,rejected
B257/S18911,pair_4,500,44.7214,9477.0,40,rejected
B257/S18911,pair_5,500,20.0,9477.0,40,rejected
B257/S18911,pair_6,500,0.0,9477.0,40,rejected
B257/S18911,pair_7,500,20.0,9477.0,40,rejected
B257/S18911,pair_8,500,20.0,9477.0,40,rejected
B257/S18911,pair_9,500,0.0,9477.0,40,rejected
B257/S18911,pair_10,500,20.0,9477.0,40,rejected
B257/S18911,pair_11,500,44.7214,9477.0,40,rejected
B257/S18911,tromino_L_0,500,34.1744,6167.0,40,rejected
B257/S18911,tromino_L_1,500,13.1647,6307.0,40,rejected
B257/S18911,tromino_L_2,500,34.4085,6167.0,40,rejected
B257/S18911,tromino_L_3,500,13.1647,6307.0,40,rejected
B257/S18911,tromino_L_4,500,32.2167,6167.0,40,rejected
B257/S18911,tromino_L_5,500,30.0802,6259.6667,40,rejected
B257/S18911,tromino_L_6,500,14.2878,6307.0,40,rejected
B257/S18911,tromino_L_7,500,14.2878,6307.0,40,rejected
B257/S18911,compact_0,500,30.0802,6259.6667,40,rejected
B257/S18911,compact_1,500,34.641,4687.0,40,rejected
B257/S18911,compact_2,500,20.0,6340.6667,40,rejected
B257/S18911,compact_3,500,28.2843,6340.6667,40,rejected
B257/S18911,compact_4,500,53.9168,3062.6667,40,rejected
B257/S18911,compact_5,500,27.8148,4589.0,40,rejected
B257/S18911,compact_6,500,66.3325,4687.0,40,rejected
B257/S18911,compact_7,500,72.4507,3663.2,40,rejected
B257/S18911,compact_8,500,13.1647,6307.0,40,rejected
B257/S18911,compact_9,500,36.6898,3068.6667,40,rejected
B257/S18911,compact_10,500,34.641,4716.0,40,rejected
B257/S18911,compact_11,500,32.2167,6167.0,40,rejected
B257/S18911,compact_12,500,62.7602,4586.25,40,rejected
B257/S18911,compact_13,500,41.6909,3683.0,40,rejected
B257/S18911,compact_14,500,49.0712,3057.1667,40,rejected
B257/S18911,compact_15,500,0.0,4714.0,40,rejected
B257/S18911,compact_16,500,60.2609,3700.4,40,rejected
B257/S18911,compact_17,500,60.8658,3668.6,40,rejected
B257/S18911,compact_18,500,45.8361,4586.25,40,rejected
B257/S18911,compact_19,500,20.0016,4731.5,40,rejected
B257/S18911,compact_20,500,28.0283,3700.4,40,rejected
B257/S18911,compact_21,500,14.2878,6307.0,40,rejected
B257/S18911,compact_22,500,62.1106,4574.5,40,rejected
B257/S18911,compact_23,500,73.3653,3051.3333,40,rejected
B257/S18911,compact_24,500,34.4085,6167.0,40,rejected
B4511/S6912,single_bit,1,0.0,inf,inf,rejected
B4511/S6912,pair_0,1,0.0,inf,inf,rejected
B4511/S6912,pair_1,1,0.0,inf,inf,rejected
B4511/S6912,pair_2,1,0.0,inf,inf,rejected
B4511/S6912,pair_3,1,0.0,inf,inf,rejected
B4511/S6912,pair_4,1,0.0,inf,inf,rejected
B4511/S6912,pair_5,1,0.0,inf,inf,rejected
B4511/S6912,pair_6,1,0.0,inf,inf,rejected
B4511/S6912,pair_7,1,0.0,inf,inf,rejected
B4511/S6912,pair_8,1,0.0,inf,inf,rejected
B4511/S6912,pair_9,1,0.0,inf,inf,rejected
B4511/S6912,pair_10,1,0.0,inf,inf,rejected
B4511/S6912,pair_11,1,0.0,inf,inf,rejected
B4511/S6912,tromino_L_0,1,0.0,inf,inf,rejected
B4511/S6912,tromino_L_1,1,0.0,inf,inf,rejected
B4511/S6912,tromino_L_2,1,0.0,inf,inf,rejected
B4511/S6912,tromino_L_3,1,0.0,inf,inf,rejected
B4511/S6912,tromino_L_4,1,0.0,inf,inf,rejected
B4511/S6912,tromino_L_5,1,0.0,inf,inf,rejected
B4511/S6912,tromino_L_6,1,0.0,inf,inf,rejected
B4511/S6912,tromino_L_7,1,0.0,inf,inf,rejected
B4511/S6912,compact_0,1,0.0,inf,inf,rejected
B4511/S6912,compact_1,1,0.0,inf,inf,rejected
B4511/S6912,compact_2,1,0.0,inf,inf,rejected
B4511/S6912,compact_3,1,0.0,inf,inf,rejected
B4511/S6912,compact_4,2,0.3718,inf,inf,rejected
B4511/S6912,compact_5,2,0.936,inf,inf,rejected
B4511/S6912,compact_6,1,0.0,inf,inf,rejected
B4511/S6912,compact_7,2,1.1834,inf,inf,rejected
B4511/S6912,compact_8,1,0.0,inf,inf,rejected
B4511/S6912,compact_9,2,0.7816,inf,inf,rejected
B4511/S6912,compact_10,1,0.0,inf,inf,rejected
B4511/S6912,compact_11,1,0.0,inf,inf,rejected
B4511/S6912,compact_12,1,0.0,inf,inf,rejected
B4511/S6912,compact_13,2,1.5099,inf,inf,rejected
B4511/S6912,compact_14,2,1.167,inf,inf,rejected
B4511/S6912,compact_15,1,0.0,inf,inf,rejected
B4511/S6912,compact_16,2,1.001,inf,inf,rejected
B4511/S6912,compact_17,1,0.0,inf,inf,rejected
B4511/S6912,compact_18,1,0.0,inf,inf,rejected
B4511/S6912,compact_19,1,0.0,inf,inf,rejected
B4511/S6912,compact_20,1,0.0,inf,inf,rejected
B4511/S6912,compact_21,1,0.0,inf,inf,rejected
B4511/S6912,compact_22,1,0.0,inf,inf,rejected
B4511/S6912,compact_23,2,0.6015,inf,inf,rejected
B4511/S6912,compact_24,1,0.0,inf,inf,rejected
B4710/S13478,single_bit,1,0.0,inf,inf,rejected
B4710/S13478,pair_0,500,0.0,1.0,2,rejected
B4710/S13478,pair_1,500,0.0,1.0,2,rejected
B4710/S13478,pair_2,500,0.0,1.0,2,rejected
B4710/S13478,pair_3,500,0.0,1.0,2,rejected
B4710/S13478,pair_4,500,0.0,1.0,2,rejected
B4710/S13478,pair_5,500,0.0,1.0,2,rejected
B4710/S13478,pair_6,500,0.0,1.0,2,rejected
B4710/S13478,pair_7,500,0.0,1.0,2,rejected
B4710/S13478,pair_8,500,0.0,1.0,2,rejected
B4710/S13478,pair_9,500,0.0,1.0,2,rejected
B4710/S13478,pair_10,500,0.0,1.0,2,rejected
B4710/S13478,pair_11,500,0.0,1.0,2,rejected
B4710/S13478,tromino_L_0,2,0.2361,inf,inf,rejected
B4710/S13478,tromino_L_1,1,0.0,inf,inf,rejected
B4710/S13478,tromino_L_2,2,0.167,inf,inf,rejected
B4710/S13478,tromino_L_3,1,0.0,inf,inf,rejected
B4710/S13478,tromino_L_4,2,0.2361,inf,inf,rejected
B4710/S13478,tromino_L_5,2,0.167,inf,inf,rejected
B4710/S13478,tromino_L_6,1,0.0,inf,inf,rejected
B4710/S13478,tromino_L_7,1,0.0,inf,inf,rejected
B4710/S13478,compact_0,2,0.167,inf,inf,rejected
B4710/S13478,compact_1,500,0.0,0.5,2,rejected
B4710/S13478,compact_2,2,0.0,inf,inf,rejected
B4710/S13478,compact_3,2,0.0,inf,inf,rejected
B4710/S13478,compact_4,500,0.6866,0.3333,2,rejected
B4710/S13478,compact_5,2,0.7371,inf,inf,rejected
B4710/S13478,compact_6,500,0.0,0.5,2,rejected
B4710/S13478,compact_7,500,0.3157,0.4,2,rejected
B4710/S13478,compact_8,1,0.0,inf,inf,rejected
B4710/S13478,compact_9,500,0.301,0.6667,2,rejected
B4710/S13478,compact_10,500,0.0,1.0,3,rejected
B4710/S13478,compact_11,2,0.2361,inf,inf,rejected
B4710/S13478,compact_12,2,0.4341,inf,inf,rejected
B4710/S13478,compact_13,500,0.6557,0.4,2,rejected
B4710/S13478,compact_14,3,0.3725,inf,inf,rejected
B4710/S13478,compact_15,2,0.0,inf,inf,rejected
B4710/S13478,compact_16,500,1.4503,0.4,2,rejected
B4710/S13478,compact_17,3,0.9482,inf,inf,rejected
B4710/S13478,compact_18,2,0.2504,inf,inf,rejected
B4710/S13478,compact_19,500,0.2504,0.5,2,rejected
B4710/S13478,compact_20,3,0.2837,inf,inf,rejected
B4710/S13478,compact_21,1,0.0,inf,inf,rejected
B4710/S13478,compact_22,500,0.9362,0.5,2,rejected
B4710/S13478,compact_23,500,0.5981,0.3333,2,rejected
B4710/S13478,compact_24,2,0.167,inf,inf,rejected
B67/S579,single_bit,1,0.0,inf,inf,rejected
B67/S579,pair_0,1,0.0,inf,inf,rejected
B67/S579,pair_1,1,0.0,inf,inf,rejected
B67/S579,pair_2,1,0.0,inf,inf,rejected
B67/S579,pair_3,1,0.0,inf,inf,rejected
B67/S579,pair_4,1,0.0,inf,inf,rejected
B67/S579,pair_5,1,0.0,inf,inf,rejected
B67/S579,pair_6,1,0.0,inf,inf,rejected
B67/S579,pair_7,1,0.0,inf,inf,rejected
B67/S579,pair_8,1,0.0,inf,inf,rejected
B67/S579,pair_9,1,0.0,inf,inf,rejected
B67/S579,pair_10,1,0.0,inf,inf,rejected
B67/S579,pair_11,1,0.0,inf,inf,rejected
B67/S579,tromino_L_0,1,0.0,inf,inf,rejected
B67/S579,tromino_L_1,1,0.0,inf,inf,rejected
B67/S579,tromino_L_2,1,0.0,inf,inf,rejected
B67/S579,tromino_L_3,1,0.0,inf,inf,rejected
B67/S579,tromino_L_4,1,0.0,inf,inf,rejected
B67/S579,tromino_L_5,1,0.0,inf,inf,rejected
B67/S579,tromino_L_6,1,0.0,inf,inf,rejected
B67/S579,tromino_L_7,1,0.0,inf,inf,rejected
B67/S579,compact_0,1,0.0,inf,inf,rejected
B67/S579,compact_1,1,0.0,inf,inf,rejected
B67/S579,compact_2,1,0.0,inf,inf,rejected
B67/S579,compact_3,1,0.0,inf,inf,rejected
B67/S579,compact_4,1,0.0,inf,inf,rejected
B67/S579,compact_5,1,0.0,inf,inf,rejected
B67/S579,compact_6,1,0.0,inf,inf,rejected
B67/S579,compact_7,1,0.0,inf,inf,rejected
B67/S579,compact_8,1,0.0,inf,inf,rejected
B67/S579,compact_9,1,0.0,inf,inf,rejected
B67/S579,compact_10,1,0.0,inf,inf,rejected
B67/S579,compact_11,1,0.0,inf,inf,rejected
B67/S579,compact_12,1,0.0,inf,inf,rejected
B67/S579,compact_13,1,0.0,inf,inf,rejected
B67/S579,compact_14,2,0.6015,inf,inf,rejected
B67/S579,compact_15,1,0.0,inf,inf,rejected
B67/S579,compact_16,1,0.0,inf,inf,rejected
B67/S579,compact_17,1,0.0,inf,inf,rejected
B67/S579,compact_18,1,0.0,inf,inf,rejected
B67/S579,compact_19,1,0.0,inf,inf,rejected
B67/S579,compact_20,1,0.0,inf,inf,rejected
B67/S579,compact_21,1,0.0,inf,inf,rejected
B67/S579,compact_22,1,0.0,inf,inf,rejected
B67/S579,compact_23,1,0.0,inf,inf,rejected
B67/S579,compact_24,1,0.0,inf,inf,rejected
B1310/S3510,single_bit,500,28.2843,19968.0,40,rejected
B1310/S3510,pair_0,500,28.2843,10513.0,40,rejected
B1310/S3510,pair_1,500,28.2843,10513.0,40,rejected
B1310/S3510,pair_2,500,28.2843,10513.0,40,rejected
B1310/S3510,pair_3,500,28.2843,10513.0,40,rejected
B1310/S3510,pair_4,500,34.641,10513.0,40,rejected
B1310/S3510,pair_5,500,34.641,10513.0,40,rejected
B1310/S3510,pair_6,500,66.3325,10513.0,40,rejected
B1310/S3510,pair_7,500,63.2456,10513.0,40,rejected
B1310/S3510,pair_8,500,63.2456,10513.0,40,rejected
B1310/S3510,pair_9,500,34.641,10513.0,40,rejected
B1310/S3510,pair_10,500,28.2843,10513.0,40,rejected
B1310/S3510,pair_11,500,28.2843,10513.0,40,rejected
B1310/S3510,tromino_L_0,500,34.3076,7032.0,40,rejected
B1310/S3510,tromino_L_1,500,41.9956,7007.0,40,rejected
B1310/S3510,tromino_L_2,500,34.4747,7032.0,40,rejected
B1310/S3510,tromino_L_3,500,41.9956,7007.0,40,rejected
B1310/S3510,tromino_L_4,500,28.6439,7032.0,40,rejected
B1310/S3510,tromino_L_5,500,22.8136,7071.0,40,rejected
B1310/S3510,tromino_L_6,500,51.0378,7007.0,40,rejected
B1310/S3510,tromino_L_7,500,51.0378,7007.0,40,rejected
B1310/S3510,compact_0,500,22.8136,7071.0,40,rejected
B1310/S3510,compact_1,500,40.0,5296.5,40,rejected
B1310/S3510,compact_2,500,28.2843,7214.6667,40,rejected
B1310/S3510,compact_3,500,28.2843,7214.6667,40,rejected
B1310/S3510,compact_4,500,67.0089,3489.8333,40,rejected
B1310/S3510,compact_5,500,23.9853,5155.5,40,rejected
B1310/S3510,compact_6,500,40.0,5296.5,40,rejected
B1310/S3510,compact_7,500,64.1737,4164.6,40,rejected
B1310/S3510,compact_8,500,41.9956,7007.0,40,rejected
B1310/S3510,compact_9,500,36.5462,3467.5,40,rejected
B1310/S3510,compact_10,500,0.0,5301.0,40,rejected
B1310/S3510,compact_11,500,28.6439,7032.0,40,rejected
B1310/S3510,compact_12,500,33.7772,5179.5,40,rejected
B1310/S3510,compact_13,500,38.0278,4163.0,40,rejected
B1310/S3510,compact_14,500,43.9229,3443.5,40,rejected
B1310/S3510,compact_15,500,60.0,5268.0,40,rejected
B1310/S3510,compact_16,500,51.353,4153.8,40,rejected
B1310/S3510,compact_17,500,49.4442,4143.8,40,rejected
B1310/S3510,compact_18,500,40.2373,5179.5,40,rejected
B1310/S3510,compact_19,500,54.2002,5277.0,40,rejected
B1310/S3510,compact_20,500,77.296,4186.0,40,rejected
B1310/S3510,compact_21,500,51.0378,7007.0,40,rejected
B1310/S3510,compact_22,500,65.8677,5181.25,40,rejected
B1310/S3510,compact_23,500,64.1493,3453.3333,40,rejected
B1310/S3510,compact_24,500,34.4747,7032.0,40,rejected
B11/S9,single_bit,1,0.0,inf,inf,rejected
B11/S9,pair_0,1,0.0,inf,inf,rejected
B11/S9,pair_1,1,0.0,inf,inf,rejected
B11/S9,pair_2,1,0.0,inf,inf,rejected
B11/S9,pair_3,1,0.0,inf,inf,rejected
B11/S9,pair_4,1,0.0,inf,inf,rejected
B11/S9,pair_5,1,0.0,inf,inf,rejected
B11/S9,pair_6,1,0.0,inf,inf,rejected
B11/S9,pair_7,1,0.0,inf,inf,rejected
B11/S9,pair_8,1,0.0,inf,inf,rejected
B11/S9,pair_9,1,0.0,inf,inf,rejected
B11/S9,pair_10,1,0.0,inf,inf,rejected
B11/S9,pair_11,1,0.0,inf,inf,rejected
B11/S9,tromino_L_0,1,0.0,inf,inf,rejected
B11/S9,tromino_L_1,1,0.0,inf,inf,rejected
B11/S9,tromino_L_2,1,0.0,inf,inf,rejected
B11/S9,tromino_L_3,1,0.0,inf,inf,rejected
B11/S9,tromino_L_4,1,0.0,inf,inf,rejected
B11/S9,tromino_L_5,1,0.0,inf,inf,rejected
B11/S9,tromino_L_6,1,0.0,inf,inf,rejected
B11/S9,tromino_L_7,1,0.0,inf,inf,rejected
B11/S9,compact_0,1,0.0,inf,inf,rejected
B11/S9,compact_1,1,0.0,inf,inf,rejected
B11/S9,compact_2,1,0.0,inf,inf,rejected
B11/S9,compact_3,1,0.0,inf,inf,rejected
B11/S9,compact_4,1,0.0,inf,inf,rejected
B11/S9,compact_5,1,0.0,inf,inf,rejected
B11/S9,compact_6,1,0.0,inf,inf,rejected
B11/S9,compact_7,1,0.0,inf,inf,rejected
B11/S9,compact_8,1,0.0,inf,inf,rejected
B11/S9,compact_9,1,0.0,inf,inf,rejected
B11/S9,compact_10,1,0.0,inf,inf,rejected
B11/S9,compact_11,1,0.0,inf,inf,rejected
B11/S9,compact_12,1,0.0,inf,inf,rejected
B11/S9,compact_13,1,0.0,inf,inf,rejected
B11/S9,compact_14,1,0.0,inf,inf,rejected
B11/S9,compact_15,1,0.0,inf,inf,rejected
B11/S9,compact_16,1,0.0,inf,inf,rejected
B11/S9,compact_17,1,0.0,inf,inf,rejected
B11/S9,compact_18,1,0.0,inf,inf,rejected
B11/S9,compact_19,1,0.0,inf,inf,rejected
B11/S9,compact_20,1,0.0,inf,inf,rejected
B11/S9,compact_21,1,0.0,inf,inf,rejected
B11/S9,compact_22,1,0.0,inf,inf,rejected
B11/S9,compact_23,1,0.0,inf,inf,rejected
B11/S9,compact_24,1,0.0,inf,inf,rejected
B89/S2,single_bit,1,0.0,inf,inf,rejected
B89/S2,pair_0,1,0.0,inf,inf,rejected
B89/S2,pair_1,1,0.0,inf,inf,rejected
B89/S2,pair_2,1,0.0,inf,inf,rejected
B89/S2,pair_3,1,0.0,inf,inf,rejected
B89/S2,pair_4,1,0.0,inf,inf,rejected
B89/S2,pair_5,1,0.0,inf,inf,rejected
B89/S2,pair_6,1,0.0,inf,inf,rejected
B89/S2,pair_7,1,0.0,inf,inf,rejected
B89/S2,pair_8,1,0.0,inf,inf,rejected
B89/S2,pair_9,1,0.0,inf,inf,rejected
B89/S2,pair_10,1,0.0,inf,inf,rejected
B89/S2,pair_11,1,0.0,inf,inf,rejected
B89/S2,tromino_L_0,2,0.471,inf,inf,rejected
B89/S2,tromino_L_1,500,0.0,1.0,2,rejected
B89/S2,tromino_L_2,2,0.333,inf,inf,rejected
B89/S2,tromino_L_3,500,0.0,1.0,2,rejected
B89/S2,tromino_L_4,2,0.471,inf,inf,rejected
B89/S2,tromino_L_5,2,0.333,inf,inf,rejected
B89/S2,tromino_L_6,500,0.0,1.0,2,rejected
B89/S2,tromino_L_7,500,0.0,1.0,2,rejected
B89/S2,compact_0,2,0.333,inf,inf,rejected
B89/S2,compact_1,2,0.0,inf,inf,rejected
B89/S2,compact_2,2,0.0,inf,inf,rejected
B89/S2,compact_3,2,0.0,inf,inf,rejected
B89/S2,compact_4,2,0.3439,inf,inf,rejected
B89/S2,compact_5,2,0.7893,inf,inf,rejected
B89/S2,compact_6,2,0.0,inf,inf,rejected
B89/S2,compact_7,2,0.548,inf,inf,rejected
B89/S2,compact_8,500,0.0,1.0,2,rejected
B89/S2,compact_9,2,0.333,inf,inf,rejected
B89/S2,compact_10,1,0.0,inf,inf,rejected
B89/S2,compact_11,2,0.471,inf,inf,rejected
B89/S2,compact_12,2,0.4319,inf,inf,rejected
B89/S2,compact_13,2,0.5745,inf,inf,rejected
B89/S2,compact_14,2,0.6015,inf,inf,rejected
B89/S2,compact_15,2,0.0,inf,inf,rejected
B89/S2,compact_16,2,1.1838,inf,inf,rejected
B89/S2,compact_17,2,1.6128,inf,inf,rejected
B89/S2,compact_18,2,0.2496,inf,inf,rejected
B89/S2,compact_19,2,0.2496,inf,inf,rejected
B89/S2,compact_20,2,0.4234,inf,inf,rejected
B89/S2,compact_21,500,0.0,1.0,2,rejected
B89/S2,compact_22,2,0.9346,inf,inf,rejected
B89/S2,compact_23,2,0.8325,inf,inf,rejected
B89/S2,compact_24,2,0.333,inf,inf,rejected
B48/S4,single_bit,1,0.0,inf,inf,rejected
B48/S4,pair_0,1,0.0,inf,inf,rejected
B48/S4,pair_1,1,0.0,inf,inf,rejected
B48/S4,pair_2,1,0.0,inf,inf,rejected
B48/S4,pair_3,1,0.0,inf,inf,rejected
B48/S4,pair_4,1,0.0,inf,inf,rejected
B48/S4,pair_5,1,0.0,inf,inf,rejected
B48/S4,pair_6,1,0.0,inf,inf,rejected
B48/S4,pair_7,1,0.0,inf,inf,rejected
B48/S4,pair_8,1,0.0,inf,inf,rejected
B48/S4,pair_9,1,0.0,inf,inf,rejected
B48/S4,pair_10,1,0.0,inf,inf,rejected
B48/S4,pair_11,1,0.0,inf,inf,rejected
B48/S4,tromino_L_0,1,0.0,inf,inf,rejected
B48/S4,tromino_L_1,1,0.0,inf,inf,rejected
B48/S4,tromino_L_2,1,0.0,inf,inf,rejected
B48/S4,tromino_L_3,1,0.0,inf,inf,rejected
B48/S4,tromino_L_4,1,0.0,inf,inf,rejected
B48/S4,tromino_L_5,1,0.0,inf,inf,rejected
B48/S4,tromino_L_6,1,0.0,inf,inf,rejected
B48/S4,tromino_L_7,1,0.0,inf,inf,rejected
B48/S4,compact_0,1,0.0,inf,inf,rejected
B48/S4,compact_1,1,0.0,inf,inf,rejected
B48/S4,compact_2,1,0.0,inf,inf,rejected
B48/S4,compact_3,1,0.0,inf,inf,rejected
B48/S4,compact_4,2,0.3718,inf,inf,rejected
B48/S4,compact_5,2,0.936,inf,inf,rejected
B48/S4,compact_6,1,0.0,inf,inf,rejected
B48/S4,compact_7,2,0.548,inf,inf,rejected
B48/S4,compact_8,1,0.0,inf,inf,rejected
B48/S4,compact_9,2,0.2361,inf,inf,rejected
B48/S4,compact_10,1,0.0,inf,inf,rejected
B48/S4,compact_11,1,0.0,inf,inf,rejected
B48/S4,compact_12,1,0.0,inf,inf,rejected
B48/S4,compact_13,2,0.6557,inf,inf,rejected
B48/S4,compact_14,2,0.6008,inf,inf,rejected
B48/S4,compact_15,1,0.0,inf,inf,rejected
B48/S4,compact_16,2,1.001,inf,inf,rejected
B48/S4,compact_17,1,0.0,inf,inf,rejected
B48/S4,compact_18,1,0.0,inf,inf,rejected
B48/S4,compact_19,1,0.0,inf,inf,rejected
B48/S4,compact_20,2,0.2837,inf,inf,rejected
B48/S4,compact_21,1,0.0,inf,inf,rejected
B48/S4,compact_22,1,0.0,inf,inf,rejected
B48/S4,compact_23,2,0.6015,inf,inf,rejected
B48/S4,compact_24,1,0.0,inf,inf,rejected
B258/S57912,single_bit,1,0.0,inf,inf,rejected
B258/S57912,pair_0,500,28.2843,9875.0,40,rejected
B258/S57912,pair_1,500,28.2843,9875.0,40,rejected
B258/S57912,pair_2,500,28.2843,9875.0,40,rejected
B258/S57912,pair_3,500,28.2843,9875.0,40,rejected
B258/S57912,pair_4,500,28.2843,9875.0,40,rejected
B258/S57912,pair_5,500,28.2843,9875.0,40,rejected
B258/S57912,pair_6,500,66.3325,9875.0,40,rejected
B258/S57912,pair_7,500,66.3325,9875.0,40,rejected
B258/S57912,pair_8,500,66.3325,9875.0,40,rejected
B258/S57912,pair_9,500,34.641,9875.0,40,rejected
B258/S57912,pair_10,500,34.641,9875.0,40,rejected
B258/S57912,pair_11,500,34.641,9875.0,40,rejected
B258/S57912,tromino_L_0,500,28.2882,6388.6667,40,rejected
B258/S57912,tromino_L_1,500,63.1709,6509.0,40,rejected
B258/S57912,tromino_L_2,500,28.0498,6388.6667,40,rejected
B258/S57912,tromino_L_3,500,63.1709,6509.0,40,rejected
B258/S57912,tromino_L_4,500,48.8559,6388.6667,40,rejected
B258/S57912,tromino_L_5,500,43.2183,6555.0,40,rejected
B258/S57912,tromino_L_6,500,61.8513,6509.0,40,rejected
B258/S57912,tromino_L_7,500,61.8513,6509.0,40,rejected
B258/S57912,compact_0,500,43.2183,6555.0,40,rejected
B258/S57912,compact_1,500,34.641,4853.0,40,rejected
B258/S57912,compact_2,500,34.641,6748.0,40,rejected
B258/S57912,compact_3,500,34.641,6748.0,40,rejected
B258/S57912,compact_4,500,58.1434,3129.6667,40,rejected
B258/S57912,compact_5,500,57.9218,4702.0,40,rejected
B258/S57912,compact_6,500,66.3325,4853.0,40,rejected
B258/S57912,compact_7,500,46.0421,3764.6,40,rejected
B258/S57912,compact_8,500,63.1709,6509.0,40,rejected
B258/S57912,compact_9,500,63.0549,3136.3333,40,rejected
B258/S57912,compact_10,500,20.0,5001.0,40,rejected
B258/S57912,compact_11,500,48.8559,6388.6667,40,rejected
B258/S57912,compact_12,500,58.4127,4700.25,40,rejected
B258/S57912,compact_13,500,55.9702,3762.6,40,rejected
B258/S57912,compact_14,500,55.5598,3130.5,40,rejected
B258/S57912,compact_15,500,48.9898,4888.5,40,rejected
B258/S57912,compact_16,500,46.7135,3780.2,40,rejected
B258/S57912,compact_17,500,62.2066,3758.2,40,rejected
B258/S57912,compact_18,500,26.1781,4700.25,40,rejected
B258/S57912,compact_19,500,28.1083,4887.5,40,rejected
B258/S57912,compact_20,500,0.4234,3813.6,40,rejected
B258/S57912,compact_21,500,61.8513,6509.0,40,rejected
B258/S57912,compact_22,500,27.2014,4710.0,40,rejected
B258/S57912,compact_23,500,53.269,3142.5,40,rejected
B258/S57912,compact_24,500,28.0498,6388.6667,40,rejected
B810/S5,single_bit,1,0.0,inf,inf,rejected
B810/S5,pair_0,1,0.0,inf,inf,rejected
B810/S5,pair_1,1,0.0,inf,inf,rejected
B810/S5,pair_2,1,0.0,inf,inf,rejected
B810/S5,pair_3,1,0.0,inf,inf,rejected
B810/S5,pair_4,1,0.0,inf,inf,rejected
B810/S5,pair_5,1,0.0,inf,inf,rejected
B810/S5,pair_6,1,0.0,inf,inf,rejected
B810/S5,pair_7,1,0.0,inf,inf,rejected
B810/S5,pair_8,1,0.0,inf,inf,rejected
B810/S5,pair_9,1,0.0,inf,inf,rejected
B810/S5,pair_10,1,0.0,inf,inf,rejected
B810/S5,pair_11,1,0.0,inf,inf,rejected
B810/S5,tromino_L_0,1,0.0,inf,inf,rejected
B810/S5,tromino_L_1,1,0.0,inf,inf,rejected
B810/S5,tromino_L_2,1,0.0,inf,inf,rejected
B810/S5,tromino_L_3,1,0.0,inf,inf,rejected
B810/S5,tromino_L_4,1,0.0,inf,inf,rejected
B810/S5,tromino_L_5,1,0.0,inf,inf,rejected
B810/S5,tromino_L_6,1,0.0,inf,inf,rejected
B810/S5,tromino_L_7,1,0.0,inf,inf,rejected
B810/S5,compact_0,1,0.0,inf,inf,rejected
B810/S5,compact_1,1,0.0,inf,inf,rejected
B810/S5,compact_2,1,0.0,inf,inf,rejected
B810/S5,compact_3,1,0.0,inf,inf,rejected
B810/S5,compact_4,1,0.0,inf,inf,rejected
B810/S5,compact_5,1,0.0,inf,inf,rejected
B810/S5,compact_6,1,0.0,inf,inf,rejected
B810/S5,compact_7,1,0.0,inf,inf,rejected
B810/S5,compact_8,1,0.0,inf,inf,rejected
B810/S5,compact_9,1,0.0,inf,inf,rejected
B810/S5,compact_10,1,0.0,inf,inf,rejected
B810/S5,compact_11,1,0.0,inf,inf,rejected
B810/S5,compact_12,1,0.0,inf,inf,rejected
B810/S5,compact_13,1,0.0,inf,inf,rejected
B810/S5,compact_14,2,0.6015,inf,inf,rejected
B810/S5,compact_15,1,0.0,inf,inf,rejected
B810/S5,compact_16,1,0.0,inf,inf,rejected
B810/S5,compact_17,1,0.0,inf,inf,rejected
B810/S5,compact_18,1,0.0,inf,inf,rejected
B810/S5,compact_19,1,0.0,inf,inf,rejected
B810/S5,compact_20,1,0.0,inf,inf,rejected
B810/S5,compact_21,1,0.0,inf,inf,rejected
B810/S5,compact_22,1,0.0,inf,inf,rejected
B810/S5,compact_23,1,0.0,inf,inf,rejected
B810/S5,compact_24,1,0.0,inf,inf,rejected
B2310/S1235,single_bit,1,0.0,inf,inf,rejected
B2310/S1235,pair_0,500,28.2843,13189.0,40,rejected
B2310/S1235,pair_1,500,28.2843,13189.0,40,rejected
B2310/S1235,pair_2,500,28.2843,13189.0,40,rejected
B2310/S1235,pair_3,500,28.2843,13189.0,40,rejected
B2310/S1235,pair_4,500,28.2843,13189.0,40,rejected
B2310/S1235,pair_5,500,28.2843,13189.0,40,rejected
B2310/S1235,pair_6,500,34.641,13189.0,40,rejected
B2310/S1235,pair_7,500,34.641,13189.0,40,rejected
B2310/S1235,pair_8,500,34.641,13189.0,40,rejected
B2310/S1235,pair_9,500,34.641,13189.0,40,rejected
B2310/S1235,pair_10,500,34.641,13189.0,40,rejected
B2310/S1235,pair_11,500,34.641,13189.0,40,rejected
B2310/S1235,tromino_L_0,500,9.3985,8209.6667,40,rejected
B2310/S1235,tromino_L_1,500,36.9476,8072.6667,40,rejected
B2310/S1235,tromino_L_2,500,21.0752,8209.6667,40,rejected
B2310/S1235,tromino_L_3,500,36.9476,8072.6667,40,rejected
B2310/S1235,tromino_L_4,500,24.8973,8209.6667,40,rejected
B2310/S1235,tromino_L_5,500,7.3831,8346.6667,40,rejected
B2310/S1235,tromino_L_6,500,37.026,8072.6667,40,rejected
B2310/S1235,tromino_L_7,500,37.026,8072.6667,40,rejected
B2310/S1235,compact_0,500,7.3831,8346.6667,40,rejected
B2310/S1235,compact_1,500,34.641,6268.5,40,rejected
B2310/S1235,compact_2,500,34.641,8536.0,40,rejected
B2310/S1235,compact_3,500,34.641,8536.0,40,rejected
B2310/S1235,compact_4,500,45.0325,3963.0,40,rejected
B2310/S1235,compact_5,500,73.7725,5914.5,40,rejected
B2310/S1235,compact_6,500,34.641,6268.5,40,rejected
B2310/S1235,compact_7,500,25.3127,4946.6,40,rejected
B2310/S1235,compact_8,500,36.9476,8072.6667,40,rejected
B2310/S1235,compact_9,500,58.6349,4015.8333,40,rejected
B2310/S1235,compact_10,500,20.0,7120.0,40,rejected
B2310/S1235,compact_11,500,24.8973,8209.6667,40,rejected
B2310/S1235,compact_12,500,24.7103,6216.0,40,rejected
B2310/S1235,compact_13,500,50.5092,4844.8,40,rejected
B2310/S1235,compact_14,500,67.8534,3979.5,40,rejected
B2310/S1235,compact_15,500,56.5685,6347.0,40,rejected
B2310/S1235,compact_16,500,27.8478,4893.4,40,rejected
B2310/S1235,compact_17,500,58.9886,4942.4,40,rejected
B2310/S1235,compact_18,500,59.1276,6216.0,40,rejected
B2310/S1235,compact_19,500,42.5692,6199.0,40,rejected
B2310/S1235,compact_20,500,39.4193,5061.4,40,rejected
B2310/S1235,compact_21,500,37.026,8072.6667,40,rejected
B2310/S1235,compact_22,500,29.3076,5834.25,40,rejected
B2310/S1235,compact_23,500,49.8169,3958.0,40,rejected
B2310/S1235,compact_24,500,21.0752,8209.6667,40,rejected
B8/S2,single_bit,1,0.0,inf,inf,rejected
B8/S2,pair_0,1,0.0,inf,inf,rejected
B8/S2,pair_1,1,0.0,inf,inf,rejected
B8/S2,pair_2,1,0.0,inf,inf,rejected
B8/S2,pair_3,1,0.0,inf,inf,rejected
B8/S2,pair_4,1,0.0,inf,inf,rejected
B8/S2,pair_5,1,0.0,inf,inf,rejected
B8/S2,pair_6,1,0.0,inf,inf,rejected
B8/S2,pair_7,1,0.0,inf,inf,rejected
B8/S2,pair_8,1,0.0,inf,inf,rejected
B8/S2,pair_9,1,0.0,inf,inf,rejected
B8/S2,pair_10,1,0.0,inf,inf,rejected
B8/S2,pair_11,1,0.0,inf,inf,rejected
B8/S2,tromino_L_0,2,0.471,inf,inf,rejected
B8/S2,tromino_L_1,500,0.0,1.0,2,rejected
B8/S2,tromino_L_2,2,0.333,inf,inf,rejected
B8/S2,tromino_L_3,500,0.0,1.0,2,rejected
B8/S2,tromino_L_4,2,0.471,inf,inf,rejected
B8/S2,tromino_L_5,2,0.333,inf,inf,rejected
B8/S2,tromino_L_6,500,0.0,1.0,2,rejected
B8/S2,tromino_L_7,500,0.0,1.0,2,rejected
B8/S2,compact_0,2,0.333,inf,inf,rejected
B8/S2,compact_1,2,0.0,inf,inf,rejected
B8/S2,compact_2,2,0.0,inf,inf,rejected
B8/S2,compact_3,2,0.0,inf,inf,rejected
B8/S2,compact_4,2,0.3439,inf,inf,rejected
B8/S2,compact_5,2,0.7893,inf,inf,rejected
B8/S2,compact_6,2,0.0,inf,inf,rejected
B8/S2,compact_7,2,0.548,inf,inf,rejected
B8/S2,compact_8,500,0.0,1.0,2,rejected
B8/S2,compact_9,2,0.333,inf,inf,rejected
B8/S2,compact_10,1,0.0,inf,inf,rejected
B8/S2,compact_11,2,0.471,inf,inf,rejected
B8/S2,compact_12,2,0.4319,inf,inf,rejected
B8/S2,compact_13,2,0.5745,inf,inf,rejected
B8/S2,compact_14,2,0.6015,inf,inf,rejected
B8/S2,compact_15,2,0.0,inf,inf,rejected
B8/S2,compact_16,2,1.1838,inf,inf,rejected
B8/S2,compact_17,2,1.6128,inf,inf,rejected
B8/S2,compact_18,2,0.2496,inf,inf,rejected
B8/S2,compact_19,2,0.2496,inf,inf,rejected
B8/S2,compact_20,2,0.4234,inf,inf,rejected
B8/S2,compact_21,500,0.0,1.0,2,rejected
B8/S2,compact_22,2,0.9346,inf,inf,rejected
B8/S2,compact_23,2,0.8325,inf,inf,rejected
B8/S2,compact_24,2,0.333,inf,inf,rejected
B2361011/S67911,single_bit,1,0.0,inf,inf,rejected
B2361011/S67911,pair_0,500,20.0,12624.0,40,rejected
B2361011/S67911,pair_1,500,20.0,12624.0,40,rejected
B2361011/S67911,pair_2,500,20.0,12624.0,40,rejected
B2361011/S67911,pair_3,500,20.0,12624.0,40,rejected
B2361011/S67911,pair_4,500,28.2843,12624.0,40,rejected
B2361011/S67911,pair_5,500,28.2843,12624.0,40,rejected
B2361011/S67911,pair_6,500,28.2843,12624.0,40,rejected
B2361011/S67911,pair_7,500,20.0,12624.0,40,rejected
B2361011/S67911,pair_8,500,20.0,12624.0,40,rejected
B2361011/S67911,pair_9,500,28.2843,12624.0,40,rejected
B2361011/S67911,pair_10,500,20.0,12624.0,40,rejected
B2361011/S67911,pair_11,500,20.0,12624.0,40,rejected
B2361011/S67911,tromino_L_0,500,22.6402,8071.3333,40,rejected
B2361011/S67911,tromino_L_1,500,47.305,8339.6667,40,rejected
B2361011/S67911,tromino_L_2,500,29.2624,8071.3333,40,rejected
B2361011/S67911,tromino_L_3,500,47.305,8339.6667,40,rejected
B2361011/S67911,tromino_L_4,500,30.8725,8071.3333,40,rejected
B2361011/S67911,tromino_L_5,500,22.2667,8192.3333,40,rejected
B2361011/S67911,tromino_L_6,500,39.2935,8339.6667,40,rejected
B2361011/S67911,tromino_L_7,500,39.2935,8339.6667,40,rejected
B2361011/S67911,compact_0,500,45.78,8192.3333,40,rejected
B2361011/S67911,compact_1,500,44.7214,6143.0,40,rejected
B2361011/S67911,compact_2,500,20.0,8462.6667,40,rejected
B2361011/S67911,compact_3,500,20.0,8462.6667,40,rejected
B2361011/S67911,compact_4,500,61.6371,4013.0,40,rejected
B2361011/S67911,compact_5,500,57.4017,5991.75,40,rejected
B2361011/S67911,compact_6,500,48.9898,6143.0,40,rejected
B2361011/S67911,compact_7,500,57.1224,4822.2,40,rejected
B2361011/S67911,compact_8,500,47.305,8339.6667,40,rejected
B2361011/S67911,compact_9,500,40.021,4000.1667,40,rejected
B2361011/S67911,compact_10,500,20.0,6158.0,40,rejected
B2361011/S67911,compact_11,500,30.8725,8071.3333,40,rejected
B2361011/S67911,compact_12,500,51.7058,6042.25,40,rejected
B2361011/S67911,compact_13,500,35.3853,4800.6,40,rejected
B2361011/S67911,compact_14,500,39.1821,4001.5,40,rejected
B2361011/S67911,compact_15,500,28.2843,6266.5,40,rejected
B2361011/S67911,compact_16,500,33.7643,4815.6,40,rejected
B2361011/S67911,compact_17,500,37.19,4815.2,40,rejected
B2361011/S67911,compact_18,500,50.3922,6042.25,40,rejected
B2361011/S67911,compact_19,500,36.3518,6145.0,40,rejected
B2361011/S67911,compact_20,500,8.1573,4827.8,40,rejected
B2361011/S67911,compact_21,500,39.2935,8339.6667,40,rejected
B2361011/S67911,compact_22,500,39.1276,6005.75,40,rejected
B2361011/S67911,compact_23,500,40.7529,4006.1667,40,rejected
B2361011/S67911,compact_24,500,29.2624,8071.3333,40,rejected
B411/S135610,single_bit,1,0.0,inf,inf,rejected
B411/S135610,pair_0,500,0.0,1.0,2,rejected
B411/S135610,pair_1,500,0.0,1.0,2,rejected
B411/S135610,pair_2,500,0.0,1.0,2,rejected
B411/S135610,pair_3,500,0.0,1.0,2,rejected
B411/S135610,pair_4,500,0.0,1.0,2,rejected
B411/S135610,pair_5,500,0.0,1.0,2,rejected
B411/S135610,pair_6,500,0.0,1.0,2,rejected
B411/S135610,pair_7,500,0.0,1.0,2,rejected
B411/S135610,pair_8,500,0.0,1.0,2,rejected
B411/S135610,pair_9,500,0.0,1.0,2,rejected
B411/S135610,pair_10,500,0.0,1.0,2,rejected
B411/S135610,pair_11,500,0.0,1.0,2,rejected
B411/S135610,tromino_L_0,2,0.2361,inf,inf,rejected
B411/S135610,tromino_L_1,1,0.0,inf,inf,rejected
B411/S135610,tromino_L_2,2,0.167,inf,inf,rejected
B411/S135610,tromino_L_3,1,0.0,inf,inf,rejected
B411/S135610,tromino_L_4,2,0.2361,inf,inf,rejected
B411/S135610,tromino_L_5,2,0.167,inf,inf,rejected
B411/S135610,tromino_L_6,1,0.0,inf,inf,rejected
B411/S135610,tromino_L_7,1,0.0,inf,inf,rejected
B411/S135610,compact_0,2,0.167,inf,inf,rejected
B411/S135610,compact_1,500,0.0,0.5,2,rejected
B411/S135610,compact_2,2,0.0,inf,inf,rejected
B411/S135610,compact_3,2,0.0,inf,inf,rejected
B411/S135610,compact_4,4,0.4705,inf,inf,rejected
B411/S135610,compact_5,2,0.7371,inf,inf,rejected
B411/S135610,compact_6,500,0.0,0.5,2,rejected
B411/S135610,compact_7,3,0.2242,inf,inf,rejected
B411/S135610,compact_8,1,0.0,inf,inf,rejected
B411/S135610,compact_9,500,0.5271,0.3333,2,rejected
B411/S135610,compact_10,500,0.0,1.0,3,rejected
B411/S135610,compact_11,2,0.2361,inf,inf,rejected
B411/S135610,compact_12,2,0.4341,inf,inf,rejected
B411/S135610,compact_13,3,0.6557,inf,inf,rejected
B411/S135610,compact_14,3,0.1656,inf,inf,rejected
B411/S135610,compact_15,2,0.0,inf,inf,rejected
B411/S135610,compact_16,500,1.4503,0.4,2,rejected
B411/S135610,compact_17,3,0.9482,inf,inf,rejected
B411/S135610,compact_18,2,0.2504,inf,inf,rejected
B411/S135610,compact_19,500,0.2504,0.5,2,rejected
B411/S135610,compact_20,2,0.2837,inf,inf,rejected
B411/S135610,compact_21,1,0.0,inf,inf,rejected
B411/S135610,compact_22,500,0.9362,0.5,2,rejected
B411/S135610,compact_23,500,0.5981,0.3333,2,rejected
B411/S135610,compact_24,2,0.167,inf,inf,rejected
B45/S4,single_bit,1,0.0,inf,inf,rejected
B45/S4,pair_0,1,0.0,inf,inf,rejected
B45/S4,pair_1,1,0.0,inf,inf,rejected
B45/S4,pair_2,1,0.0,inf,inf,rejected
B45/S4,pair_3,1,0.0,inf,inf,rejected
B45/S4,pair_4,1,0.0,inf,inf,rejected
B45/S4,pair_5,1,0.0,inf,inf,rejected
B45/S4,pair_6,1,0.0,inf,inf,rejected
B45/S4,pair_7,1,0.0,inf,inf,rejected
B45/S4,pair_8,1,0.0,inf,inf,rejected
B45/S4,pair_9,1,0.0,inf,inf,rejected
B45/S4,pair_10,1,0.0,inf,inf,rejected
B45/S4,pair_11,1,0.0,inf,inf,rejected
B45/S4,tromino_L_0,1,0.0,inf,inf,rejected
B45/S4,tromino_L_1,1,0.0,inf,inf,rejected
B45/S4,tromino_L_2,1,0.0,inf,inf,rejected
B45/S4,tromino_L_3,1,0.0,inf,inf,rejected
B45/S4,tromino_L_4,1,0.0,inf,inf,rejected
B45/S4,tromino_L_5,1,0.0,inf,inf,rejected
B45/S4,tromino_L_6,1,0.0,inf,inf,rejected
B45/S4,tromino_L_7,1,0.0,inf,inf,rejected
B45/S4,compact_0,1,0.0,inf,inf,rejected
B45/S4,compact_1,1,0.0,inf,inf,rejected
B45/S4,compact_2,1,0.0,inf,inf,rejected
B45/S4,compact_3,1,0.0,inf,inf,rejected
B45/S4,compact_4,2,0.3718,inf,inf,rejected
B45/S4,compact_5,2,0.936,inf,inf,rejected
B45/S4,compact_6,1,0.0,inf,inf,rejected
B45/S4,compact_7,2,0.548,inf,inf,rejected
B45/S4,compact_8,1,0.0,inf,inf,rejected
B45/S4,compact_9,2,0.2361,inf,inf,rejected
B45/S4,compact_10,1,0.0,inf,inf,rejected
B45/S4,compact_11,1,0.0,inf,inf,rejected
B45/S4,compact_12,1,0.0,inf,inf,rejected
B45/S4,compact_13,2,0.6557,inf,inf,rejected
B45/S4,compact_14,2,0.6008,inf,inf,rejected
B45/S4,compact_15,1,0.0,inf,inf,rejected
B45/S4,compact_16,2,1.001,inf,inf,rejected
B45/S4,compact_17,1,0.0,inf,inf,rejected
B45/S4,compact_18,1,0.0,inf,inf,rejected
B45/S4,compact_19,1,0.0,inf,inf,rejected
B45/S4,compact_20,2,0.2837,inf,inf,rejected
B45/S4,compact_21,1,0.0,inf,inf,rejected
B45/S4,compact_22,1,0.0,inf,inf,rejected
B45/S4,compact_23,2,0.6015,inf,inf,rejected
B45/S4,compact_24,1,0.0,inf,inf,rejected
B28/S9,single_bit,1,0.0,inf,inf,rejected
B28/S9,pair_0,500,34.641,7098.0,40,rejected
B28/S9,pair_1,500,34.641,7098.0,40,rejected
B28/S9,pair_2,500,34.641,7098.0,40,rejected
B28/S9,pair_3,500,34.641,7098.0,40,rejected
B28/S9,pair_4,500,34.641,7098.0,40,rejected
B28/S9,pair_5,500,34.641,7098.0,40,rejected
B28/S9,pair_6,500,28.2843,7098.0,40,rejected
B28/S9,pair_7,500,28.2843,7098.0,40,rejected
B28/S9,pair_8,500,28.2843,7098.0,40,rejected
B28/S9,pair_9,500,28.2843,7098.0,40,rejected
B28/S9,pair_10,500,28.2843,7098.0,40,rejected
B28/S9,pair_11,500,28.2843,7098.0,40,rejected
B28/S9,tromino_L_0,500,28.2882,4613.0,40,rejected
B28/S9,tromino_L_1,500,21.9776,4649.0,40,rejected
B28/S9,tromino_L_2,500,28.0498,4613.0,40,rejected
B28/S9,tromino_L_3,500,21.9776,4649.0,40,rejected
B28/S9,tromino_L_4,500,35.0266,4613.0,40,rejected
B28/S9,tromino_L_5,500,39.5767,4627.6667,40,rejected
B28/S9,tromino_L_6,500,25.5237,4649.0,40,rejected
B28/S9,tromino_L_7,500,25.5237,4649.0,40,rejected
B28/S9,compact_0,500,39.5767,4627.6667,40,rejected
B28/S9,compact_1,500,0.0,3435.5,40,rejected
B28/S9,compact_2,500,34.641,4838.6667,40,rejected
B28/S9,compact_3,500,34.641,4838.6667,40,rejected
B28/S9,compact_4,500,6.1532,2234.6667,40,rejected
B28/S9,compact_5,500,29.1365,3343.0,40,rejected
B28/S9,compact_6,500,0.0,3435.5,40,rejected
B28/S9,compact_7,500,60.7085,2663.8,40,rejected
B28/S9,compact_8,500,21.9776,4649.0,40,rejected
B28/S9,compact_9,500,71.4343,2223.3333,40,rejected
B28/S9,compact_10,500,34.641,3622.5,40,rejected
B28/S9,compact_11,500,35.0266,4613.0,40,rejected
B28/S9,compact_12,500,20.3598,3329.75,40,rejected
B28/S9,compact_13,500,27.5466,2669.0,40,rejected
B28/S9,compact_14,500,54.553,2234.0,40,rejected
B28/S9,compact_15,500,0.0,3488.0,40,rejected
B28/S9,compact_16,500,41.6247,2676.4,40,rejected
B28/S9,compact_17,500,65.1811,2675.2,40,rejected
B28/S9,compact_18,500,25.3408,3329.75,40,rejected
B28/S9,compact_19,500,44.7221,3527.5,40,rejected
B28/S9,compact_20,500,0.4234,2737.6,40,rejected
B28/S9,compact_21,500,25.5237,4649.0,40,rejected
B28/S9,compact_22,500,34.4995,3356.75,40,rejected
B28/S9,compact_23,500,42.3159,2241.5,40,rejected
B28/S9,compact_24,500,28.0498,4613.0,40,rejected
B10/S39,single_bit,1,0.0,inf,inf,rejected
B10/S39,pair_0,1,0.0,inf,inf,rejected
B10/S39,pair_1,1,0.0,inf,inf,rejected
B10/S39,pair_2,1,0.0,inf,inf,rejected
B10/S39,pair_3,1,0.0,inf,inf,rejected
B10/S39,pair_4,1,0.0,inf,inf,rejected
B10/S39,pair_5,1,0.0,inf,inf,rejected
B10/S39,pair_6,1,0.0,inf,inf,rejected
B10/S39,pair_7,1,0.0,inf,inf,rejected
B10/S39,pair_8,1,0.0,inf,inf,rejected
B10/S39,pair_9,1,0.0,inf,inf,rejected
B10/S39,pair_10,1,0.0,inf,inf,rejected
B10/S39,pair_11,1,0.0,inf,inf,rejected
B10/S39,tromino_L_0,1,0.0,inf,inf,rejected
B10/S39,tromino_L_1,1,0.0,inf,inf,rejected
B10/S39,tromino_L_2,1,0.0,inf,inf,rejected
B10/S39,tromino_L_3,1,0.0,inf,inf,rejected
B10/S39,tromino_L_4,1,0.0,inf,inf,rejected
B10/S39,tromino_L_5,1,0.0,inf,inf,rejected
B10/S39,tromino_L_6,1,0.0,inf,inf,rejected
B10/S39,tromino_L_7,1,0.0,inf,inf,rejected
B10/S39,compact_0,1,0.0,inf,inf,rejected
B10/S39,compact_1,2,0.0,inf,inf,rejected
B10/S39,compact_2,1,0.0,inf,inf,rejected
B10/S39,compact_3,1,0.0,inf,inf,rejected
B10/S39,compact_4,2,0.6877,inf,inf,rejected
B10/S39,compact_5,2,0.6127,inf,inf,rejected
B10/S39,compact_6,2,0.0,inf,inf,rejected
B10/S39,compact_7,2,0.5913,inf,inf,rejected
B10/S39,compact_8,1,0.0,inf,inf,rejected
B10/S39,compact_9,2,0.167,inf,inf,rejected
B10/S39,compact_10,2,0.0,inf,inf,rejected
B10/S39,compact_11,1,0.0,inf,inf,rejected
B10/S39,compact_12,1,0.0,inf,inf,rejected
B10/S39,compact_13,2,0.8251,inf,inf,rejected
B10/S39,compact_14,2,1.3012,inf,inf,rejected
B10/S39,compact_15,1,0.0,inf,inf,rejected
B10/S39,compact_16,2,0.446,inf,inf,rejected
B10/S39,compact_17,2,0.2242,inf,inf,rejected
B10/S39,compact_18,1,0.0,inf,inf,rejected
B10/S39,compact_19,2,0.2504,inf,inf,rejected
B10/S39,compact_20,2,1.1305,inf,inf,rejected
B10/S39,compact_21,1,0.0,inf,inf,rejected
B10/S39,compact_22,2,0.3541,inf,inf,rejected
B10/S39,compact_23,2,0.7234,inf,inf,rejected
B10/S39,compact_24,1,0.0,inf,inf,rejected
B67/S1789,single_bit,1,0.0,inf,inf,rejected
B67/S1789,pair_0,500,0.0,1.0,2,rejected
B67/S1789,pair_1,500,0.0,1.0,2,rejected
B67/S1789,pair_2,500,0.0,1.0,2,rejected
B67/S1789,pair_3,500,0.0,1.0,2,rejected
B67/S1789,pair_4,500,0.0,1.0,2,rejected
B67/S1789,pair_5,500,0.0,1.0,2,rejected
B67/S1789,pair_6,500,0.0,1.0,2,rejected
B67/S1789,pair_7,500,0.0,1.0,2,rejected
B67/S1789,pair_8,500,0.0,1.0,2,rejected
B67/S1789,pair_9,500,0.0,1.0,2,rejected
B67/S1789,pair_10,500,0.0,1.0,2,rejected
B67/S1789,pair_11,500,0.0,1.0,2,rejected
B67/S1789,tromino_L_0,2,0.2361,inf,inf,rejected
B67/S1789,tromino_L_1,1,0.0,inf,inf,rejected
B67/S1789,tromino_L_2,2,0.167,inf,inf,rejected
B67/S1789,tromino_L_3,1,0.0,inf,inf,rejected
B67/S1789,tromino_L_4,2,0.2361,inf,inf,rejected
B67/S1789,tromino_L_5,2,0.167,inf,inf,rejected
B67/S1789,tromino_L_6,1,0.0,inf,inf,rejected
B67/S1789,tromino_L_7,1,0.0,inf,inf,rejected
B67/S1789,compact_0,2,0.167,inf,inf,rejected
B67/S1789,compact_1,1,0.0,inf,inf,rejected
B67/S1789,compact_2,2,0.0,inf,inf,rejected
B67/S1789,compact_3,2,0.0,inf,inf,rejected
B67/S1789,compact_4,2,1.8627,inf,inf,rejected
B67/S1789,compact_5,2,1.5422,inf,inf,rejected
B67/S1789,compact_6,1,0.0,inf,inf,rejected
B67/S1789,compact_7,1,0.0,inf,inf,rejected
B67/S1789,compact_8,1,0.0,inf,inf,rejected
B67/S1789,compact_9,1,0.0,inf,inf,rejected
B67/S1789,compact_10,2,0.0,inf,inf,rejected
B67/S1789,compact_11,2,0.2361,inf,inf,rejected
B67/S1789,compact_12,2,0.4341,inf,inf,rejected
B67/S1789,compact_13,2,1.2957,inf,inf,rejected
B67/S1789,compact_14,1,0.0,inf,inf,rejected
B67/S1789,compact_15,2,0.0,inf,inf,rejected
B67/S1789,compact_16,2,0.3678,inf,inf,rejected
B67/S1789,compact_17,2,0.9482,inf,inf,rejected
B67/S1789,compact_18,2,0.2504,inf,inf,rejected
B67/S1789,compact_19,1,0.0,inf,inf,rejected
B67/S1789,compact_20,2,1.6979,inf,inf,rejected
B67/S1789,compact_21,1,0.0,inf,inf,rejected
B67/S1789,compact_22,2,1.621,inf,inf,rejected
B67/S1789,compact_23,2,1.3966,inf,inf,rejected
B67/S1789,compact_24,2,0.167,inf,inf,rejected
B24791011/S7,single_bit,1,0.0,inf,inf,rejected
B24791011/S7,pair_0,500,20.0,10319.0,40,rejected
B24791011/S7,pair_1,500,20.0,10319.0,40,rejected
B24791011/S7,pair_2,500,20.0,10319.0,40,rejected
B24791011/S7,pair_3,500,20.0,10319.0,40,rejected
B24791011/S7,pair_4,500,0.0,10319.0,40,rejected
B24791011/S7,pair_5,500,0.0,10319.0,40,rejected
B24791011/S7,pair_6,500,40.0,10319.0,40,rejected
B24791011/S7,pair_7,500,44.7214,10319.0,40,rejected
B24791011/S7,pair_8,500,44.7214,10319.0,40,rejected
B24791011/S7,pair_9,500,0.0,10319.0,40,rejected
B24791011/S7,pair_10,500,20.0,10319.0,40,rejected
B24791011/S7,pair_11,500,20.0,10319.0,40,rejected
B24791011/S7,tromino_L_0,500,34.6442,6834.0,40,rejected
B24791011/S7,tromino_L_1,500,58.5365,6921.3333,40,rejected
B24791011/S7,tromino_L_2,500,34.4498,6834.0,40,rejected
B24791011/S7,tromino_L_3,500,58.5365,6921.3333,40,rejected
B24791011/S7,tromino_L_4,500,35.0266,6834.0,40,rejected
B24791011/S7,tromino_L_5,500,7.8919,7031.0,40,rejected
B24791011/S7,tromino_L_6,500,62.9659,6921.3333,40,rejected
B24791011/S7,tromino_L_7,500,62.9659,6921.3333,40,rejected
B24791011/S7,compact_0,500,40.7711,7031.0,40,rejected
B24791011/S7,compact_1,500,28.2843,5110.5,40,rejected
B24791011/S7,compact_2,500,28.2843,7123.3333,40,rejected
B24791011/S7,compact_3,500,28.2843,7123.3333,40,rejected
B24791011/S7,compact_4,500,45.9027,3341.6667,40,rejected
B24791011/S7,compact_5,500,62.0069,5014.25,40,rejected
B24791011/S7,compact_6,500,34.641,5110.5,40,rejected
B24791011/S7,compact_7,500,56.4412,3985.4,40,rejected
B24791011/S7,compact_8,500,58.5365,6921.3333,40,rejected
B24791011/S7,compact_9,500,72.1426,3330.1667,40,rejected
B24791011/S7,compact_10,500,28.2843,5251.25,40,rejected
B24791011/S7,compact_11,500,35.0266,6834.0,40,rejected
B24791011/S7,compact_12,500,44.2841,5002.75,40,rejected
B24791011/S7,compact_13,500,39.0506,4014.2,40,rejected
B24791011/S7,compact_14,500,42.6351,3329.3333,40,rejected
B24791011/S7,compact_15,500,34.641,5221.5,40,rejected
B24791011/S7,compact_16,500,25.4566,3998.8,40,rejected
B24791011/S7,compact_17,500,30.0136,3986.6,40,rejected
B24791011/S7,compact_18,500,61.3182,5002.75,40,rejected
B24791011/S7,compact_19,500,0.2496,5208.5,40,rejected
B24791011/S7,compact_20,500,0.4234,4038.4,40,rejected
B24791011/S7,compact_21,500,62.9659,6921.3333,40,rejected
B24791011/S7,compact_22,500,63.9267,4986.0,40,rejected
B24791011/S7,compact_23,500,37.9934,3337.0,40,rejected
B24791011/S7,compact_24,500,34.4498,6834.0,40,rejected
B2/S29,single_bit,1,0.0,inf,inf,rejected
B2/S29,pair_0,500,28.2843,7881.0,40,rejected
B2/S29,pair_1,500,28.2843,7881.0,40,rejected
B2/S29,pair_2,500,28.2843,7881.0,40,rejected
B2/S29,pair_3,500,28.2843,7881.0,40,rejected
B2/S29,pair_4,500,28.2843,7881.0,40,rejected
B2/S29,pair_5,500,28.2843,7881.0,40,rejected
B2/S29,pair_6,500,66.3325,7881.0,40,rejected
B2/S29,pair_7,500,66.3325,7881.0,40,rejected
B2/S29,pair_8,500,66.3325,7881.0,40,rejected
B2/S29,pair_9,500,34.641,7881.0,40,rejected
B2/S29,pair_10,500,34.641,7881.0,40,rejected
B2/S29,pair_11,500,34.641,7881.0,40,rejected
B2/S29,tromino_L_0,500,20.0055,5114.0,40,rejected
B2/S29,tromino_L_1,500,76.3563,5182.0,40,rejected
B2/S29,tromino_L_2,500,20.0028,5114.0,40,rejected
B2/S29,tromino_L_3,500,76.3563,5182.0,40,rejected
B2/S29,tromino_L_4,500,20.3358,5114.0,40,rejected
B2/S29,tromino_L_5,500,0.333,5322.6667,40,rejected
B2/S29,tromino_L_6,500,64.9737,5182.0,40,rejected
B2/S29,tromino_L_7,500,64.9737,5182.0,40,rejected
B2/S29,compact_0,500,39.667,5322.6667,40,rejected
B2/S29,compact_1,500,20.0,3819.5,40,rejected
B2/S29,compact_2,500,28.2843,5333.3333,40,rejected
B2/S29,compact_3,500,28.2843,5333.3333,40,rejected
B2/S29,compact_4,500,53.4645,2497.3333,40,rejected
B2/S29,compact_5,500,59.5208,3707.5,40,rejected
B2/S29,compact_6,500,20.0,3819.5,40,rejected
B2/S29,compact_7,500,59.0225,2969.8,40,rejected
B2/S29,compact_8,500,76.3563,5182.0,40,rejected
B2/S29,compact_9,500,26.9652,2499.8333,40,rejected
B2/S29,compact_10,500,20.0,3949.5,40,rejected
B2/S29,compact_11,500,20.3358,5114.0,40,rejected
B2/S29,compact_12,500,31.7207,3705.75,40,rejected
B2/S29,compact_13,500,61.8936,2975.0,40,rejected
B2/S29,compact_14,500,46.0792,2468.0,40,rejected
B2/S29,compact_15,500,44.7214,3869.0,40,rejected
B2/S29,compact_16,500,64.1168,2991.2,40,rejected
B2/S29,compact_17,500,34.2368,2974.8,40,rejected
B2/S29,compact_18,500,44.3167,3705.75,40,rejected
B2/S29,compact_19,500,60.0005,3880.5,40,rejected
B2/S29,compact_20,500,27.0409,3037.0,40,rejected
B2/S29,compact_21,500,64.9737,5182.0,40,rejected
B2/S29,compact_22,500,44.4054,3729.5,40,rejected
B2/S29,compact_23,500,73.0934,2472.1667,40,rejected
B2/S29,compact_24,500,20.0028,5114.0,40,rejected
B7/S2710,single_bit,1,0.0,inf,inf,rejected
B7/S2710,pair_0,1,0.0,inf,inf,rejected
B7/S2710,pair_1,1,0.0,inf,inf,rejected
B7/S2710,pair_2,1,0.0,inf,inf,rejected
B7/S2710,pair_3,1,0.0,inf,inf,rejected
B7/S2710,pair_4,1,0.0,inf,inf,rejected
B7/S2710,pair_5,1,0.0,inf,inf,rejected
B7/S2710,pair_6,1,0.0,inf,inf,rejected
B7/S2710,pair_7,1,0.0,inf,inf,rejected
B7/S2710,pair_8,1,0.0,inf,inf,rejected
B7/S2710,pair_9,1,0.0,inf,inf,rejected
B7/S2710,pair_10,1,0.0,inf,inf,rejected
B7/S2710,pair_11,1,0.0,inf,inf,rejected
B7/S2710,tromino_L_0,2,0.471,inf,inf,rejected
B7/S2710,tromino_L_1,500,0.0,1.0,2,rejected
B7/S2710,tromino_L_2,2,0.333,inf,inf,rejected
B7/S2710,tromino_L_3,500,0.0,1.0,2,rejected
B7/S2710,tromino_L_4,2,0.471,inf,inf,rejected
B7/S2710,tromino_L_5,2,0.333,inf,inf,rejected
B7/S2710,tromino_L_6,500,0.0,1.0,2,rejected
B7/S2710,tromino_L_7,500,0.0,1.0,2,rejected
B7/S2710,compact_0,2,0.333,inf,inf,rejected
B7/S2710,compact_1,2,0.0,inf,inf,rejected
B7/S2710,compact_2,2,0.0,inf,inf,rejected
B7/S2710,compact_3,2,0.0,inf,inf,rejected
B7/S2710,compact_4,2,0.3439,inf,inf,rejected
B7/S2710,compact_5,2,0.7893,inf,inf,rejected
B7/S2710,compact_6,2,0.0,inf,inf,rejected
B7/S2710,compact_7,2,0.548,inf,inf,rejected
B7/S2710,compact_8,500,0.0,1.0,2,rejected
B7/S2710,compact_9,2,0.333,inf,inf,rejected
B7/S2710,compact_10,1,0.0,inf,inf,rejected
B7/S2710,compact_11,2,0.471,inf,inf,rejected
B7/S2710,compact_12,2,0.4319,inf,inf,rejected
B7/S2710,compact_13,2,0.5745,inf,inf,rejected
B7/S2710,compact_14,2,0.6015,inf,inf,rejected
B7/S2710,compact_15,2,0.0,inf,inf,rejected
B7/S2710,compact_16,2,1.1838,inf,inf,rejected
B7/S2710,compact_17,2,1.6128,inf,inf,rejected
B7/S2710,compact_18,2,0.2496,inf,inf,rejected
B7/S2710,compact_19,2,0.2496,inf,inf,rejected
B7/S2710,compact_20,2,0.4234,inf,inf,rejected
B7/S2710,compact_21,500,0.0,1.0,2,rejected
B7/S2710,compact_22,2,0.9346,inf,inf,rejected
B7/S2710,compact_23,2,0.8325,inf,inf,rejected
B7/S2710,compact_24,2,0.333,inf,inf,rejected
B9/S2467,single_bit,1,0.0,inf,inf,rejected
B9/S2467,pair_0,1,0.0,inf,inf,rejected
B9/S2467,pair_1,1,0.0,inf,inf,rejected
B9/S2467,pair_2,1,0.0,inf,inf,rejected
B9/S2467,pair_3,1,0.0,inf,inf,rejected
B9/S2467,pair_4,1,0.0,inf,inf,rejected
B9/S2467,pair_5,1,0.0,inf,inf,rejected
B9/S2467,pair_6,1,0.0,inf,inf,rejected
B9/S2467,pair_7,1,0.0,inf,inf,rejected
B9/S2467,pair_8,1,0.0,inf,inf,rejected
B9/S2467,pair_9,1,0.0,inf,inf,rejected
B9/S2467,pair_10,1,0.0,inf,inf,rejected
B9/S2467,pair_11,1,0.0,inf,inf,rejected
B9/S2467,tromino_L_0,2,0.471,inf,inf,rejected
B9/S2467,tromino_L_1,500,0.0,1.0,2,rejected
B9/S2467,tromino_L_2,2,0.333,inf,inf,rejected
B9/S2467,tromino_L_3,500,0.0,1.0,2,rejected
B9/S2467,tromino_L_4,2,0.471,inf,inf,rejected
B9/S2467,tromino_L_5,2,0.333,inf,inf,rejected
B9/S2467,tromino_L_6,500,0.0,1.0,2,rejected
B9/S2467,tromino_L_7,500,0.0,1.0,2,rejected
B9/S2467,compact_0,2,0.333,inf,inf,rejected
B9/S2467,compact_1,2,0.0,inf,inf,rejected
B9/S2467,compact_2,2,0.0,inf,inf,rejected
B9/S2467,compact_3,2,0.0,inf,inf,rejected
B9/S2467,compact_4,2,0.3439,inf,inf,rejected
B9/S2467,compact_5,2,0.7893,inf,inf,rejected
B9/S2467,compact_6,2,0.0,inf,inf,rejected
B9/S2467,compact_7,3,0.4473,inf,inf,rejected
B9/S2467,compact_8,500,0.0,1.0,2,rejected
B9/S2467,compact_9,3,0.167,inf,inf,rejected
B9/S2467,compact_10,1,0.0,inf,inf,rejected
B9/S2467,compact_11,2,0.471,inf,inf,rejected
B9/S2467,compact_12,2,0.4319,inf,inf,rejected
B9/S2467,compact_13,3,0.283,inf,inf,rejected
B9/S2467,compact_14,3,0.5267,inf,inf,rejected
B9/S2467,compact_15,2,0.0,inf,inf,rejected
B9/S2467,compact_16,2,1.1838,inf,inf,rejected
B9/S2467,compact_17,2,1.6128,inf,inf,rejected
B9/S2467,compact_18,2,0.2496,inf,inf,rejected
B9/S2467,compact_19,2,0.2496,inf,inf,rejected
B9/S2467,compact_20,3,0.2837,inf,inf,rejected
B9/S2467,compact_21,500,0.0,1.0,2,rejected
B9/S2467,compact_22,2,0.9346,inf,inf,rejected
B9/S2467,compact_23,2,0.8325,inf,inf,rejected
B9/S2467,compact_24,2,0.333,inf,inf,rejected
B911/S711,single_bit,1,0.0,inf,inf,rejected
B911/S711,pair_0,1,0.0,inf,inf,rejected
B911/S711,pair_1,1,0.0,inf,inf,rejected
B911/S711,pair_2,1,0.0,inf,inf,rejected
B911/S711,pair_3,1,0.0,inf,inf,rejected
B911/S711,pair_4,1,0.0,inf,inf,rejected
B911/S711,pair_5,1,0.0,inf,inf,rejected
B911/S711,pair_6,1,0.0,inf,inf,rejected
B911/S711,pair_7,1,0.0,inf,inf,rejected
B911/S711,pair_8,1,0.0,inf,inf,rejected
B911/S711,pair_9,1,0.0,inf,inf,rejected
B911/S711,pair_10,1,0.0,inf,inf,rejected
B911/S711,pair_11,1,0.0,inf,inf,rejected
B911/S711,tromino_L_0,1,0.0,inf,inf,rejected
B911/S711,tromino_L_1,1,0.0,inf,inf,rejected
B911/S711,tromino_L_2,1,0.0,inf,inf,rejected
B911/S711,tromino_L_3,1,0.0,inf,inf,rejected
B911/S711,tromino_L_4,1,0.0,inf,inf,rejected
B911/S711,tromino_L_5,1,0.0,inf,inf,rejected
B911/S711,tromino_L_6,1,0.0,inf,inf,rejected
B911/S711,tromino_L_7,1,0.0,inf,inf,rejected
B911/S711,compact_0,1,0.0,inf,inf,rejected
B911/S711,compact_1,1,0.0,inf,inf,rejected
B911/S711,compact_2,1,0.0,inf,inf,rejected
B911/S711,compact_3,1,0.0,inf,inf,rejected
B911/S711,compact_4,1,0.0,inf,inf,rejected
B911/S711,compact_5,1,0.0,inf,inf,rejected
B911/S711,compact_6,1,0.0,inf,inf,rejected
B911/S711,compact_7,1,0.0,inf,inf,rejected
B911/S711,compact_8,1,0.0,inf,inf,rejected
B911/S711,compact_9,1,0.0,inf,inf,rejected
B911/S711,compact_10,1,0.0,inf,inf,rejected
B911/S711,compact_11,1,0.0,inf,inf,rejected
B911/S711,compact_12,1,0.0,inf,inf,rejected
B911/S711,compact_13,1,0.0,inf,inf,rejected
B911/S711,compact_14,1,0.0,inf,inf,rejected
B911/S711,compact_15,1,0.0,inf,inf,rejected
B911/S711,compact_16,1,0.0,inf,inf,rejected
B911/S711,compact_17,1,0.0,inf,inf,rejected
B911/S711,compact_18,1,0.0,inf,inf,rejected
B911/S711,compact_19,1,0.0,inf,inf,rejected
B911/S711,compact_20,1,0.0,inf,inf,rejected
B911/S711,compact_21,1,0.0,inf,inf,rejected
B911/S711,compact_22,1,0.0,inf,inf,rejected
B911/S711,compact_23,1,0.0,inf,inf,rejected
B911/S711,compact_24,1,0.0,inf,inf,rejected
B13481011/S245891011,single_bit,500,20.0,32654.0,40,rejected
B13481011/S245891011,pair_0,500,20.0,15052.0,40,rejected
B13481011/S245891011,pair_1,500,44.7214,15052.0,40,rejected
B13481011/S245891011,pair_2,500,20.0,15052.0,40,rejected
B13481011/S245891011,pair_3,500,44.7214,15052.0,40,rejected
B13481011/S245891011,pair_4,500,40.0,15052.0,40,rejected
B13481011/S245891011,pair_5,500,40.0,15052.0,40,rejected
B13481011/S245891011,pair_6,500,40.0,15052.0,40,rejected
B13481011/S245891011,pair_7,500,44.7214,15052.0,40,rejected
B13481011/S245891011,pair_8,500,20.0,15052.0,40,rejected
B13481011/S245891011,pair_9,500,0.0,15052.0,40,rejected
B13481011/S245891011,pair_10,500,20.0,15052.0,40,rejected
B13481011/S245891011,pair_11,500,20.0,15052.0,40,rejected
B13481011/S245891011,tromino_L_0,500,29.769,9789.6667,40,rejected
B13481011/S245891011,tromino_L_1,500,25.4136,9951.0,40,rejected
B13481011/S245891011,tromino_L_2,500,33.2519,9789.6667,40,rejected
B13481011/S245891011,tromino_L_3,500,25.4136,9951.0,40,rejected
B13481011/S245891011,tromino_L_4,500,44.4369,9789.6667,40,rejected
B13481011/S245891011,tromino_L_5,500,32.1074,9935.0,40,rejected
B13481011/S245891011,tromino_L_6,500,33.4931,9951.0,40,rejected
B13481011/S245891011,tromino_L_7,500,33.4931,9951.0,40,rejected
B13481011/S245891011,compact_0,500,76.3602,9935.0,40,rejected
B13481011/S245891011,compact_1,500,40.0,7445.0,40,rejected
B13481011/S245891011,compact_2,500,34.641,10059.3333,40,rejected
B13481011/S245891011,compact_3,500,34.641,10059.3333,40,rejected
B13481011/S245891011,compact_4,500,54.2549,4862.0,40,rejected
B13481011/S245891011,compact_5,500,58.9423,7279.5,40,rejected
B13481011/S245891011,compact_6,500,0.0,7445.0,40,rejected
B13481011/S245891011,compact_7,500,50.6703,5833.6,40,rejected
B13481011/S245891011,compact_8,500,25.4136,9951.0,40,rejected
B13481011/S245891011,compact_9,500,53.0545,4852.1667,40,rejected
B13481011/S245891011,compact_10,500,28.2843,7460.25,40,rejected
B13481011/S245891011,compact_11,500,44.4369,9789.6667,40,rejected
B13481011/S245891011,compact_12,500,46.4688,7278.0,40,rejected
B13481011/S245891011,compact_13,500,32.6363,5837.4,40,rejected
B13481011/S245891011,compact_14,500,9.105,4865.1667,40,rejected
B13481011/S245891011,compact_15,500,60.0,7572.0,40,rejected
B13481011/S245891011,compact_16,500,36.8316,5824.4,40,rejected
B13481011/S245891011,compact_17,500,16.2476,5823.0,40,rejected
B13481011/S245891011,compact_18,500,42.7703,7278.0,40,rejected
B13481011/S245891011,compact_19,500,14.8762,7396.5,40,rejected
B13481011/S245891011,compact_20,500,48.2173,5864.4,40,rejected
B13481011/S245891011,compact_21,500,33.4931,9951.0,40,rejected
B13481011/S245891011,compact_22,500,32.9006,7266.75,40,rejected
B13481011/S245891011,compact_23,500,39.1281,4864.5,40,rejected
B13481011/S245891011,compact_24,500,33.2519,9789.6667,40,rejected
B3711/S138910,single_bit,1,0.0,inf,inf,rejected
B3711/S138910,pair_0,500,0.0,1.0,2,rejected
B3711/S138910,pair_1,500,0.0,1.0,2,rejected
B3711/S138910,pair_2,500,0.0,1.0,2,rejected
B3711/S138910,pair_3,500,0.0,1.0,2,rejected
B3711/S138910,pair_4,500,0.0,1.0,2,rejected
B3711/S138910,pair_5,500,0.0,1.0,2,rejected
B3711/S138910,pair_6,500,0.0,1.0,2,rejected
B3711/S138910,pair_7,500,0.0,1.0,2,rejected
B3711/S138910,pair_8,500,0.0,1.0,2,rejected
B3711/S138910,pair_9,500,0.0,1.0,2,rejected
B3711/S138910,pair_10,500,0.0,1.0,2,rejected
B3711/S138910,pair_11,500,0.0,1.0,2,rejected
B3711/S138910,tromino_L_0,500,0.0,1.0,2,rejected
B3711/S138910,tromino_L_1,2,1.3747,inf,inf,rejected
B3711/S138910,tromino_L_2,500,0.0,1.0,3,rejected
B3711/S138910,tromino_L_3,2,1.3747,inf,inf,rejected
B3711/S138910,tromino_L_4,500,0.0,1.0,3,rejected
B3711/S138910,tromino_L_5,2,0.167,inf,inf,rejected
B3711/S138910,tromino_L_6,2,1.0003,inf,inf,rejected
B3711/S138910,tromino_L_7,2,1.0003,inf,inf,rejected
B3711/S138910,compact_0,2,0.167,inf,inf,rejected
B3711/S138910,compact_1,500,0.0,1.0,3,rejected
B3711/S138910,compact_2,2,0.0,inf,inf,rejected
B3711/S138910,compact_3,2,0.0,inf,inf,rejected
B3711/S138910,compact_4,500,1.4344,0.3333,2,rejected
B3711/S138910,compact_5,3,1.3703,inf,inf,rejected
B3711/S138910,compact_6,500,0.0,1.0,2,rejected
B3711/S138910,compact_7,500,0.6018,0.8,2,rejected
B3711/S138910,compact_8,2,1.3747,inf,inf,rejected
B3711/S138910,compact_9,500,1.3645,0.3333,2,rejected
B3711/S138910,compact_10,3,0.0,inf,inf,rejected
B3711/S138910,compact_11,500,0.0,1.0,3,rejected
B3711/S138910,compact_12,500,1.09,0.5,2,rejected
B3711/S138910,compact_13,3,0.6168,inf,inf,rejected
B3711/S138910,compact_14,500,1.167,0.6667,3,rejected
B3711/S138910,compact_15,2,0.0,inf,inf,rejected
B3711/S138910,compact_16,6,1.3593,inf,inf,rejected
B3711/S138910,compact_17,6,1.1177,inf,inf,rejected
B3711/S138910,compact_18,500,1.601,0.5,2,rejected
B3711/S138910,compact_19,500,1.2504,0.5,2,rejected
B3711/S138910,compact_20,3,0.2837,inf,inf,rejected
B3711/S138910,compact_21,2,1.0003,inf,inf,rejected
B3711/S138910,compact_22,4,1.274,inf,inf,rejected
B3711/S138910,compact_23,14,2.6027,inf,inf,rejected
B3711/S138910,compact_24,500,0.0,1.0,3,rejected
B3/S101112,single_bit,1,0.0,inf,inf,rejected
B3/S101112,pair_0,1,0.0,inf,inf,rejected
B3/S101112,pair_1,1,0.0,inf,inf,rejected
B3/S101112,pair_2,1,0.0,inf,inf,rejected
B3/S101112,pair_3,1,0.0,inf,inf,rejected
B3/S101112,pair_4,1,0.0,inf,inf,rejected
B3/S101112,pair_5,1,0.0,inf,inf,rejected
B3/S101112,pair_6,1,0.0,inf,inf,rejected
B3/S101112,pair_7,1,0.0,inf,inf,rejected
B3/S101112,pair_8,1,0.0,inf,inf,rejected
B3/S101112,pair_9,1,0.0,inf,inf,rejected
B3/S101112,pair_10,1,0.0,inf,inf,rejected
B3/S101112,pair_11,1,0.0,inf,inf,rejected
B3/S101112,tromino_L_0,2,0.9432,inf,inf,rejected
B3/S101112,tromino_L_1,2,1.3747,inf,inf,rejected
B3/S101112,tromino_L_2,2,0.667,inf,inf,rejected
B3/S101112,tromino_L_3,2,1.3747,inf,inf,rejected
B3/S101112,tromino_L_4,2,0.9432,inf,inf,rejected
B3/S101112,tromino_L_5,2,0.167,inf,inf,rejected
B3/S101112,tromino_L_6,2,1.0003,inf,inf,rejected
B3/S101112,tromino_L_7,2,1.0003,inf,inf,rejected
B3/S101112,compact_0,2,0.167,inf,inf,rejected
B3/S101112,compact_1,2,0.0,inf,inf,rejected
B3/S101112,compact_2,1,0.0,inf,inf,rejected
B3/S101112,compact_3,1,0.0,inf,inf,rejected
B3/S101112,compact_4,2,2.2676,inf,inf,rejected
B3/S101112,compact_5,2,0.6127,inf,inf,rejected
B3/S101112,compact_6,2,0.0,inf,inf,rejected
B3/S101112,compact_7,3,1.0955,inf,inf,rejected
B3/S101112,compact_8,2,1.3747,inf,inf,rejected
B3/S101112,compact_9,3,0.6008,inf,inf,rejected
B3/S101112,compact_10,3,0.0,inf,inf,rejected
B3/S101112,compact_11,2,0.9432,inf,inf,rejected
B3/S101112,compact_12,2,1.0905,inf,inf,rejected
B3/S101112,compact_13,4,0.5745,inf,inf,rejected
B3/S101112,compact_14,2,0.3934,inf,inf,rejected
B3/S101112,compact_15,1,0.0,inf,inf,rejected
B3/S101112,compact_16,3,0.446,inf,inf,rejected
B3/S101112,compact_17,3,0.4473,inf,inf,rejected
B3/S101112,compact_18,2,1.0311,inf,inf,rejected
B3/S101112,compact_19,500,0.0,1.0,3,rejected
B3/S101112,compact_20,2,0.2837,inf,inf,rejected
B3/S101112,compact_21,2,1.0003,inf,inf,rejected
B3/S101112,compact_22,2,0.3546,inf,inf,rejected
B3/S101112,compact_23,2,0.605,inf,inf,rejected
B3/S101112,compact_24,2,0.667,inf,inf,rejected
B26/S5912,single_bit,1,0.0,inf,inf,rejected
B26/S5912,pair_0,500,28.2843,8202.0,40,rejected
B26/S5912,pair_1,500,28.2843,8202.0,40,rejected
B26/S5912,pair_2,500,28.2843,8202.0,40,rejected
B26/S5912,pair_3,500,28.2843,8202.0,40,rejected
B26/S5912,pair_4,500,34.641,8202.0,40,rejected
B26/S5912,pair_5,500,34.641,8202.0,40,rejected
B26/S5912,pair_6,500,34.641,8202.0,40,rejected
B26/S5912,pair_7,500,28.2843,8202.0,40,rejected
B26/S5912,pair_8,500,28.2843,8202.0,40,rejected
B26/S5912,pair_9,500,34.641,8202.0,40,rejected
B26/S5912,pair_10,500,28.2843,8202.0,40,rejected
B26/S5912,pair_11,500,28.2843,8202.0,40,rejected
B26/S5912,tromino_L_0,500,0.471,5347.3333,40,rejected
B26/S5912,tromino_L_1,500,44.765,5389.0,40,rejected
B26/S5912,tromino_L_2,500,20.0028,5347.3333,40,rejected
B26/S5912,tromino_L_3,500,44.765,5389.0,40,rejected
B26/S5912,tromino_L_4,500,28.5227,5347.3333,40,rejected
B26/S5912,tromino_L_5,500,26.8121,5438.0,40,rejected
B26/S5912,tromino_L_6,500,43.0864,5389.0,40,rejected
B26/S5912,tromino_L_7,500,43.0864,5389.0,40,rejected
B26/S5912,compact_0,500,26.8121,5438.0,40,rejected
B26/S5912,compact_1,500,0.0,3979.0,40,rejected
B26/S5912,compact_2,500,48.9898,5532.0,40,rejected
B26/S5912,compact_3,500,48.9898,5532.0,40,rejected
B26/S5912,compact_4,500,33.1293,2591.3333,40,rejected
B26/S5912,compact_5,500,34.9347,3894.25,40,rejected
B26/S5912,compact_6,500,0.0,3979.0,40,rejected
B26/S5912,compact_7,500,34.5482,3121.0,40,rejected
B26/S5912,compact_8,500,44.765,5389.0,40,rejected
B26/S5912,compact_9,500,54.4223,2588.0,40,rejected
B26/S5912,compact_10,500,0.0,4178.25,40,rejected
B26/S5912,compact_11,500,28.5227,5347.3333,40,rejected
B26/S5912,compact_12,500,49.0074,3909.25,40,rejected
B26/S5912,compact_13,500,48.4123,3104.8,40,rejected
B26/S5912,compact_14,500,47.7559,2586.1667,40,rejected
B26/S5912,compact_15,500,20.0,4087.0,40,rejected
B26/S5912,compact_16,500,62.8517,3111.0,40,rejected
B26/S5912,compact_17,500,54.7144,3129.4,40,rejected
B26/S5912,compact_18,500,20.0292,3909.25,40,rejected
B26/S5912,compact_19,500,34.4975,4103.5,40,rejected
B26/S5912,compact_20,500,34.6436,3160.4,40,rejected
B26/S5912,compact_21,500,43.0864,5389.0,40,rejected
B26/S5912,compact_22,500,70.8161,3871.75,40,rejected
B26/S5912,compact_23,500,44.7421,2584.8333,40,rejected
B26/S5912,compact_24,500,20.0028,5347.3333,40,rejected
B34/S18912,single_bit,1,0.0,inf,inf,rejected
B34/S18912,pair_0,500,0.0,1.0,2,rejected
B34/S18912,pair_1,500,0.0,1.0,2,rejected
B34/S18912,pair_2,500,0.0,1.0,2,rejected
B34/S18912,pair_3,500,0.0,1.0,2,rejected
B34/S18912,pair_4,500,0.0,1.0,2,rejected
B34/S18912,pair_5,500,0.0,1.0,2,rejected
B34/S18912,pair_6,500,0.0,1.0,2,rejected
B34/S18912,pair_7,500,0.0,1.0,2,rejected
B34/S18912,pair_8,500,0.0,1.0,2,rejected
B34/S18912,pair_9,500,0.0,1.0,2,rejected
B34/S18912,pair_10,500,0.0,1.0,2,rejected
B34/S18912,pair_11,500,0.0,1.0,2,rejected
B34/S18912,tromino_L_0,500,0.0,1.0,2,rejected
B34/S18912,tromino_L_1,2,1.3747,inf,inf,rejected
B34/S18912,tromino_L_2,500,0.0,1.0,3,rejected
B34/S18912,tromino_L_3,2,1.3747,inf,inf,rejected
B34/S18912,tromino_L_4,500,0.0,1.0,3,rejected
B34/S18912,tromino_L_5,3,0.167,inf,inf,rejected
B34/S18912,tromino_L_6,2,1.0003,inf,inf,rejected
B34/S18912,tromino_L_7,2,1.0003,inf,inf,rejected
B34/S18912,compact_0,3,0.167,inf,inf,rejected
B34/S18912,compact_1,2,0.0,inf,inf,rejected
B34/S18912,compact_2,2,0.0,inf,inf,rejected
B34/S18912,compact_3,2,0.0,inf,inf,rejected
B34/S18912,compact_4,6,0.4705,inf,inf,rejected
B34/S18912,compact_5,4,0.613,inf,inf,rejected
B34/S18912,compact_6,2,0.0,inf,inf,rejected
B34/S18912,compact_7,500,0.2242,1.6,4,rejected
B34/S18912,compact_8,2,1.3747,inf,inf,rejected
B34/S18912,compact_9,500,68.6782,3382.6667,40,rejected
B34/S18912,compact_10,2,0.0,inf,inf,rejected
B34/S18912,compact_11,500,0.0,1.0,3,rejected
B34/S18912,compact_12,500,1.09,0.5,2,rejected
B34/S18912,compact_13,26,1.3378,inf,inf,rejected
B34/S18912,compact_14,500,0.1656,0.3333,2,rejected
B34/S18912,compact_15,2,0.0,inf,inf,rejected
B34/S18912,compact_16,500,0.5478,0.4,2,rejected
B34/S18912,compact_17,500,1.6598,0.6,3,rejected
B34/S18912,compact_18,500,1.601,0.5,2,rejected
B34/S18912,compact_19,500,0.2496,2.0,4,rejected
B34/S18912,compact_20,500,0.9908,0.8,4,rejected
B34/S18912,compact_21,2,1.0003,inf,inf,rejected
B34/S18912,compact_22,3,0.9024,inf,inf,rejected
B34/S18912,compact_23,4,0.9059,inf,inf,rejected
B34/S18912,compact_24,500,0.0,1.0,3,rejected
B1456/S1611,single_bit,500,28.2843,30134.0,40,rejected
B1456/S1611,pair_0,500,28.2843,14222.0,40,rejected
B1456/S1611,pair_1,500,48.9898,14222.0,40,rejected
B1456/S1611,pair_2,500,28.2843,14222.0,40,rejected
B1456/S1611,pair_3,500,28.2843,14222.0,40,rejected
B1456/S1611,pair_4,500,20.0,14222.0,40,rejected
B1456/S1611,pair_5,500,44.7214,14222.0,40,rejected
B1456/S1611,pair_6,500,44.7214,14222.0,40,rejected
B1456/S1611,pair_7,500,48.9898,14222.0,40,rejected
B1456/S1611,pair_8,500,28.2843,14222.0,40,rejected
B1456/S1611,pair_9,500,44.7214,14222.0,40,rejected
B1456/S1611,pair_10,500,48.9898,14222.0,40,rejected
B1456/S1611,pair_11,500,28.2843,14222.0,40,rejected
B1456/S1611,tromino_L_0,500,26.3421,9380.0,40,rejected
B1456/S1611,tromino_L_1,500,52.1027,9520.3333,40,rejected
B1456/S1611,tromino_L_2,500,18.6267,9380.0,40,rejected
B1456/S1611,tromino_L_3,500,52.1027,9520.3333,40,rejected
B1456/S1611,tromino_L_4,500,22.5774,9380.0,40,rejected
B1456/S1611,tromino_L_5,500,20.4971,9441.6667,40,rejected
B1456/S1611,tromino_L_6,500,23.999,9520.3333,40,rejected
B1456/S1611,tromino_L_7,500,23.999,9520.3333,40,rejected
B1456/S1611,compact_0,500,20.4971,9441.6667,40,rejected
B1456/S1611,compact_1,500,44.7214,7155.0,40,rejected
B1456/S1611,compact_2,500,0.0,9549.3333,40,rejected
B1456/S1611,compact_3,500,0.0,9549.3333,40,rejected
B1456/S1611,compact_4,500,57.0863,4690.0,40,rejected
B1456/S1611,compact_5,500,41.7513,7021.5,40,rejected
B1456/S1611,compact_6,500,0.0,7155.0,40,rejected
B1456/S1611,compact_7,500,48.0215,5623.0,40,rejected
B1456/S1611,compact_8,500,52.1027,9520.3333,40,rejected
B1456/S1611,compact_9,500,23.3817,4677.0,40,rejected
B1456/S1611,compact_10,500,20.0,7160.25,40,rejected
B1456/S1611,compact_11,500,22.5774,9380.0,40,rejected
B1456/S1611,compact_12,500,66.8086,7001.0,40,rejected
B1456/S1611,compact_13,500,40.0529,5604.2,40,rejected
B1456/S1611,compact_14,500,15.3108,4670.5,40,rejected
B1456/S1611,compact_15,500,48.9898,7223.5,40,rejected
B1456/S1611,compact_16,500,69.2987,5607.0,40,rejected
B1456/S1611,compact_17,500,25.2757,5630.0,40,rejected
B1456/S1611,compact_18,500,80.2494,7001.0,40,rejected
B1456/S1611,compact_19,500,77.8157,7108.5,40,rejected
B1456/S1611,compact_20,500,7.3913,5704.0,40,rejected
B1456/S1611,compact_21,500,23.999,9520.3333,40,rejected
B1456/S1611,compact_22,500,53.7478,7013.25,40,rejected
B1456/S1611,compact_23,500,78.2017,4673.8333,40,rejected
B1456/S1611,compact_24,500,18.6267,9380.0,40,rejected
B79/S811,single_bit,1,0.0,inf,inf,rejected
B79/S811,pair_0,1,0.0,inf,inf,rejected
B79/S811,pair_1,1,0.0,inf,inf,rejected
B79/S811,pair_2,1,0.0,inf,inf,rejected
B79/S811,pair_3,1,0.0,inf,inf,rejected
B79/S811,pair_4,1,0.0,inf,inf,rejected
B79/S811,pair_5,1,0.0,inf,inf,rejected
B79/S811,pair_6,1,0.0,inf,inf,rejected
B79/S811,pair_7,1,0.0,inf,inf,rejected
B79/S811,pair_8,1,0.0,inf,inf,rejected
B79/S811,pair_9,1,0.0,inf,inf,rejected
B79/S811,pair_10,1,0.0,inf,inf,rejected
B79/S811,pair_11,1,0.0,inf,inf,rejected
B79/S811,tromino_L_0,1,0.0,inf,inf,rejected
B79/S811,tromino_L_1,1,0.0,inf,inf,rejected
B79/S811,tromino_L_2,1,0.0,inf,inf,rejected
B79/S811,tromino_L_3,1,0.0,inf,inf,rejected
B79/S811,tromino_L_4,1,0.0,inf,inf,rejected
B79/S811,tromino_L_5,1,0.0,inf,inf,rejected
B79/S811,tromino_L_6,1,0.0,inf,inf,rejected
B79/S811,tromino_L_7,1,0.0,inf,inf,rejected
B79/S811,compact_0,1,0.0,inf,inf,rejected
B79/S811,compact_1,1,0.0,inf,inf,rejected
B79/S811,compact_2,1,0.0,inf,inf,rejected
B79/S811,compact_3,1,0.0,inf,inf,rejected
B79/S811,compact_4,1,0.0,inf,inf,rejected
B79/S811,compact_5,1,0.0,inf,inf,rejected
B79/S811,compact_6,1,0.0,inf,inf,rejected
B79/S811,compact_7,1,0.0,inf,inf,rejected
B79/S811,compact_8,1,0.0,inf,inf,rejected
B79/S811,compact_9,1,0.0,inf,inf,rejected
B79/S811,compact_10,1,0.0,inf,inf,rejected
B79/S811,compact_11,1,0.0,inf,inf,rejected
B79/S811,compact_12,1,0.0,inf,inf,rejected
B79/S811,compact_13,1,0.0,inf,inf,rejected
B79/S811,compact_14,1,0.0,inf,inf,rejected
B79/S811,compact_15,1,0.0,inf,inf,rejected
B79/S811,compact_16,1,0.0,inf,inf,rejected
B79/S811,compact_17,1,0.0,inf,inf,rejected
B79/S811,compact_18,1,0.0,inf,inf,rejected
B79/S811,compact_19,1,0.0,inf,inf,rejected
B79/S811,compact_20,1,0.0,inf,inf,rejected
B79/S811,compact_21,1,0.0,inf,inf,rejected
B79/S811,compact_22,1,0.0,inf,inf,rejected
B79/S811,compact_23,1,0.0,inf,inf,rejected
B79/S811,compact_24,1,0.0,inf,inf,rejected
B35/S123512,single_bit,1,0.0,inf,inf,rejected
B35/S123512,pair_0,500,0.0,1.0,2,rejected
B35/S123512,pair_1,500,0.0,1.0,2,rejected
B35/S123512,pair_2,500,0.0,1.0,2,rejected
B35/S123512,pair_3,500,0.0,1.0,2,rejected
B35/S123512,pair_4,500,0.0,1.0,2,rejected
B35/S123512,pair_5,500,0.0,1.0,2,rejected
B35/S123512,pair_6,500,0.0,1.0,2,rejected
B35/S123512,pair_7,500,0.0,1.0,2,rejected
B35/S123512,pair_8,500,0.0,1.0,2,rejected
B35/S123512,pair_9,500,0.0,1.0,2,rejected
B35/S123512,pair_10,500,0.0,1.0,2,rejected
B35/S123512,pair_11,500,0.0,1.0,2,rejected
B35/S123512,tromino_L_0,500,20.0014,8209.3333,40,rejected
B35/S123512,tromino_L_1,500,0.3436,1.3333,2,rejected
B35/S123512,tromino_L_2,500,28.2848,8209.3333,40,rejected
B35/S123512,tromino_L_3,500,0.3436,1.3333,2,rejected
B35/S123512,tromino_L_4,500,20.0014,8209.3333,40,rejected
B35/S123512,tromino_L_5,500,0.333,8386.6667,40,rejected
B35/S123512,tromino_L_6,500,0.2504,1.3333,2,rejected
B35/S123512,tromino_L_7,500,0.2504,1.3333,2,rejected
B35/S123512,compact_0,500,40.0014,8386.6667,40,rejected
B35/S123512,compact_1,500,44.7214,6157.0,40,rejected
B35/S123512,compact_2,500,0.0,1.0,3,rejected
B35/S123512,compact_3,500,0.0,1.0,3,rejected
B35/S123512,compact_4,500,27.1209,4107.1667,40,rejected
B35/S123512,compact_5,500,73.1453,6146.5,40,rejected
B35/S123512,compact_6,500,0.0,6157.0,40,rejected
B35/S123512,compact_7,500,62.0051,4917.2,40,rejected
B35/S123512,compact_8,500,0.3436,1.3333,2,rejected
B35/S123512,compact_9,500,30.2624,4129.8333,40,rejected
B35/S123512,compact_10,3,0.0,inf,inf,rejected
B35/S123512,compact_11,500,20.0014,8209.3333,40,rejected
B35/S123512,compact_12,500,39.9606,6154.5,40,rejected
B35/S123512,compact_13,500,19.4663,4925.8,40,rejected
B35/S123512,compact_14,500,68.6456,4113.1667,40,rejected
B35/S123512,compact_15,500,0.0,1.0,4,rejected
B35/S123512,compact_16,500,77.4345,4927.6,40,rejected
B35/S123512,compact_17,500,55.5338,4935.2,40,rejected
B35/S123512,compact_18,500,54.625,6154.5,40,rejected
B35/S123512,compact_19,500,37.1605,6305.5,40,rejected
B35/S123512,compact_20,500,43.0537,4984.0,40,rejected
B35/S123512,compact_21,500,0.2504,1.3333,2,rejected
B35/S123512,compact_22,500,43.2935,6148.5,40,rejected
B35/S123512,compact_23,500,58.8185,4079.0,40,rejected
B35/S123512,compact_24,500,28.2848,8209.3333,40,rejected
B56711/S12,single_bit,1,0.0,inf,inf,rejected
B56711/S12,pair_0,1,0.0,inf,inf,rejected
B56711/S12,pair_1,1,0.0,inf,inf,rejected
B56711/S12,pair_2,1,0.0,inf,inf,rejected
B56711/S12,pair_3,1,0.0,inf,inf,rejected
B56711/S12,pair_4,1,0.0,inf,inf,rejected
B56711/S12,pair_5,1,0.0,inf,inf,rejected
B56711/S12,pair_6,1,0.0,inf,inf,rejected
B56711/S12,pair_7,1,0.0,inf,inf,rejected
B56711/S12,pair_8,1,0.0,inf,inf,rejected
B56711/S12,pair_9,1,0.0,inf,inf,rejected
B56711/S12,pair_10,1,0.0,inf,inf,rejected
B56711/S12,pair_11,1,0.0,inf,inf,rejected
B56711/S12,tromino_L_0,1,0.0,inf,inf,rejected
B56711/S12,tromino_L_1,1,0.0,inf,inf,rejected
B56711/S12,tromino_L_2,1,0.0,inf,inf,rejected
B56711/S12,tromino_L_3,1,0.0,inf,inf,rejected
B56711/S12,tromino_L_4,1,0.0,inf,inf,rejected
B56711/S12,tromino_L_5,1,0.0,inf,inf,rejected
B56711/S12,tromino_L_6,1,0.0,inf,inf,rejected
B56711/S12,tromino_L_7,1,0.0,inf,inf,rejected
B56711/S12,compact_0,1,0.0,inf,inf,rejected
B56711/S12,compact_1,1,0.0,inf,inf,rejected
B56711/S12,compact_2,1,0.0,inf,inf,rejected
B56711/S12,compact_3,1,0.0,inf,inf,rejected
B56711/S12,compact_4,1,0.0,inf,inf,rejected
B56711/S12,compact_5,1,0.0,inf,inf,rejected
B56711/S12,compact_6,1,0.0,inf,inf,rejected
B56711/S12,compact_7,1,0.0,inf,inf,rejected
B56711/S12,compact_8,1,0.0,inf,inf,rejected
B56711/S12,compact_9,1,0.0,inf,inf,rejected
B56711/S12,compact_10,1,0.0,inf,inf,rejected
B56711/S12,compact_11,1,0.0,inf,inf,rejected
B56711/S12,compact_12,1,0.0,inf,inf,rejected
B56711/S12,compact_13,1,0.0,inf,inf,rejected
B56711/S12,compact_14,1,0.0,inf,inf,rejected
B56711/S12,compact_15,1,0.0,inf,inf,rejected
B56711/S12,compact_16,1,0.0,inf,inf,rejected
B56711/S12,compact_17,1,0.0,inf,inf,rejected
B56711/S12,compact_18,1,0.0,inf,inf,rejected
B56711/S12,compact_19,1,0.0,inf,inf,rejected
B56711/S12,compact_20,1,0.0,inf,inf,rejected
B56711/S12,compact_21,1,0.0,inf,inf,rejected
B56711/S12,compact_22,1,0.0,inf,inf,rejected
B56711/S12,compact_23,1,0.0,inf,inf,rejected
B56711/S12,compact_24,1,0.0,inf,inf,rejected
B45/S356,single_bit,1,0.0,inf,inf,rejected
B45/S356,pair_0,1,0.0,inf,inf,rejected
B45/S356,pair_1,1,0.0,inf,inf,rejected
B45/S356,pair_2,1,0.0,inf,inf,rejected
B45/S356,pair_3,1,0.0,inf,inf,rejected
B45/S356,pair_4,1,0.0,inf,inf,rejected
B45/S356,pair_5,1,0.0,inf,inf,rejected
B45/S356,pair_6,1,0.0,inf,inf,rejected
B45/S356,pair_7,1,0.0,inf,inf,rejected
B45/S356,pair_8,1,0.0,inf,inf,rejected
B45/S356,pair_9,1,0.0,inf,inf,rejected
B45/S356,pair_10,1,0.0,inf,inf,rejected
B45/S356,pair_11,1,0.0,inf,inf,rejected
B45/S356,tromino_L_0,1,0.0,inf,inf,rejected
B45/S356,tromino_L_1,1,0.0,inf,inf,rejected
B45/S356,tromino_L_2,1,0.0,inf,inf,rejected
B45/S356,tromino_L_3,1,0.0,inf,inf,rejected
B45/S356,tromino_L_4,1,0.0,inf,inf,rejected
B45/S356,tromino_L_5,1,0.0,inf,inf,rejected
B45/S356,tromino_L_6,1,0.0,inf,inf,rejected
B45/S356,tromino_L_7,1,0.0,inf,inf,rejected
B45/S356,compact_0,1,0.0,inf,inf,rejected
B45/S356,compact_1,2,0.0,inf,inf,rejected
B45/S356,compact_2,1,0.0,inf,inf,rejected
B45/S356,compact_3,1,0.0,inf,inf,rejected
B45/S356,compact_4,3,0.2366,inf,inf,rejected
B45/S356,compact_5,2,0.3546,inf,inf,rejected
B45/S356,compact_6,2,0.0,inf,inf,rejected
B45/S356,compact_7,2,0.2982,inf,inf,rejected
B45/S356,compact_8,1,0.0,inf,inf,rejected
B45/S356,compact_9,2,0.2361,inf,inf,rejected
B45/S356,compact_10,2,0.0,inf,inf,rejected
B45/S356,compact_11,1,0.0,inf,inf,rejected
B45/S356,compact_12,1,0.0,inf,inf,rejected
B45/S356,compact_13,2,0.9901,inf,inf,rejected
B45/S356,compact_14,2,0.167,inf,inf,rejected
B45/S356,compact_15,1,0.0,inf,inf,rejected
B45/S356,compact_16,2,0.317,inf,inf,rejected
B45/S356,compact_17,2,0.2242,inf,inf,rejected
B45/S356,compact_18,1,0.0,inf,inf,rejected
B45/S356,compact_19,2,0.2504,inf,inf,rejected
B45/S356,compact_20,2,1.1305,inf,inf,rejected
B45/S356,compact_21,1,0.0,inf,inf,rejected
B45/S356,compact_22,2,0.3541,inf,inf,rejected
B45/S356,compact_23,2,0.3688,inf,inf,rejected
B45/S356,compact_24,1,0.0,inf,inf,rejected
B7/S11,single_bit,1,0.0,inf,inf,rejected
B7/S11,pair_0,1,0.0,inf,inf,rejected
B7/S11,pair_1,1,0.0,inf,inf,rejected
B7/S11,pair_2,1,0.0,inf,inf,rejected
B7/S11,pair_3,1,0.0,inf,inf,rejected
B7/S11,pair_4,1,0.0,inf,inf,rejected
B7/S11,pair_5,1,0.0,inf,inf,rejected
B7/S11,pair_6,1,0.0,inf,inf,rejected
B7/S11,pair_7,1,0.0,inf,inf,rejected
B7/S11,pair_8,1,0.0,inf,inf,rejected
B7/S11,pair_9,1,0.0,inf,inf,rejected
B7/S11,pair_10,1,0.0,inf,inf,rejected
B7/S11,pair_11,1,0.0,inf,inf,rejected
B7/S11,tromino_L_0,1,0.0,inf,inf,rejected
B7/S11,tromino_L_1,1,0.0,inf,inf,rejected
B7/S11,tromino_L_2,1,0.0,inf,inf,rejected
B7/S11,tromino_L_3,1,0.0,inf,inf,rejected
B7/S11,tromino_L_4,1,0.0,inf,inf,rejected
B7/S11,tromino_L_5,1,0.0,inf,inf,rejected
B7/S11,tromino_L_6,1,0.0,inf,inf,rejected
B7/S11,tromino_L_7,1,0.0,inf,inf,rejected
B7/S11,compact_0,1,0.0,inf,inf,rejected
B7/S11,compact_1,1,0.0,inf,inf,rejected
B7/S11,compact_2,1,0.0,inf,inf,rejected
B7/S11,compact_3,1,0.0,inf,inf,rejected
B7/S11,compact_4,1,0.0,inf,inf,rejected
B7/S11,compact_5,1,0.0,inf,inf,rejected
B7/S11,compact_6,1,0.0,inf,inf,rejected
B7/S11,compact_7,1,0.0,inf,inf,rejected
B7/S11,compact_8,1,0.0,inf,inf,rejected
B7/S11,compact_9,1,0.0,inf,inf,rejected
B7/S11,compact_10,1,0.0,inf,inf,rejected
B7/S11,compact_11,1,0.0,inf,inf,rejected
B7/S11,compact_12,1,0.0,inf,inf,rejected
B7/S11,compact_13,1,0.0,inf,inf,rejected
B7/S11,compact_14,1,0.0,inf,inf,rejected
B7/S11,compact_15,1,0.0,inf,inf,rejected
B7/S11,compact_16,1,0.0,inf,inf,rejected
B7/S11,compact_17,1,0.0,inf,inf,rejected
B7/S11,compact_18,1,0.0,inf,inf,rejected
B7/S11,compact_19,1,0.0,inf,inf,rejected
B7/S11,compact_20,1,0.0,inf,inf,rejected
B7/S11,compact_21,1,0.0,inf,inf,rejected
B7/S11,compact_22,1,0.0,inf,inf,rejected
B7/S11,compact_23,1,0.0,inf,inf,rejected
B7/S11,compact_24,1,0.0,inf,inf,rejected
B12378/S479101112,single_bit,500,28.2843,29204.0,40,rejected
B12378/S479101112,pair_0,500,0.0,13334.0,40,rejected
B12378/S479101112,pair_1,500,0.0,13334.0,40,rejected
B12378/S479101112,pair_2,500,0.0,13334.0,40,rejected
B12378/S479101112,pair_3,500,0.0,13334.0,40,rejected
B12378/S479101112,pair_4,500,40.0,13334.0,40,rejected
B12378/S479101112,pair_5,500,0.0,13334.0,40,rejected
B12378/S479101112,pair_6,500,40.0,13334.0,40,rejected
B12378/S479101112,pair_7,500,40.0,13334.0,40,rejected
B12378/S479101112,pair_8,500,56.5685,13334.0,40,rejected
B12378/S479101112,pair_9,500,0.0,13334.0,40,rejected
B12378/S479101112,pair_10,500,0.0,13334.0,40,rejected
B12378/S479101112,pair_11,500,40.0,13334.0,40,rejected
B12378/S479101112,tromino_L_0,500,66.1797,8621.6667,40,rejected
B12378/S479101112,tromino_L_1,500,84.1503,8907.0,40,rejected
B12378/S479101112,tromino_L_2,500,58.2227,8621.6667,40,rejected
B12378/S479101112,tromino_L_3,500,84.1503,8907.0,40,rejected
B12378/S479101112,tromino_L_4,500,56.8197,8621.6667,40,rejected
B12378/S479101112,tromino_L_5,500,2.8882,8684.0,40,rejected
B12378/S479101112,tromino_L_6,500,93.5569,8907.0,40,rejected
B12378/S479101112,tromino_L_7,500,93.5569,8907.0,40,rejected
B12378/S479101112,compact_0,500,40.1041,8684.0,40,rejected
B12378/S479101112,compact_1,500,40.0,6566.0,40,rejected
B12378/S479101112,compact_2,500,20.0,8908.3333,40,rejected
B12378/S479101112,compact_3,500,20.0,8908.3333,40,rejected
B12378/S479101112,compact_4,500,36.2233,4261.8333,40,rejected
B12378/S479101112,compact_5,500,46.6532,6380.25,40,rejected
B12378/S479101112,compact_6,500,40.0,6566.0,40,rejected
B12378/S479101112,compact_7,500,71.7254,5114.2,40,rejected
B12378/S479101112,compact_8,500,84.1503,8907.0,40,rejected
B12378/S479101112,compact_9,500,23.9358,4275.3333,40,rejected
B12378/S479101112,compact_10,500,20.0,6598.5,40,rejected
B12378/S479101112,compact_11,500,56.8197,8621.6667,40,rejected
B12378/S479101112,compact_12,500,81.7957,6411.25,40,rejected
B12378/S479101112,compact_13,500,27.3284,5118.2,40,rejected
B12378/S479101112,compact_14,500,65.183,4262.6667,40,rejected
B12378/S479101112,compact_15,500,34.641,6682.5,40,rejected
B12378/S479101112,compact_16,500,48.5183,5102.2,40,rejected
B12378/S479101112,compact_17,500,85.5889,5118.4,40,rejected
B12378/S479101112,compact_18,500,75.9451,6411.25,40,rejected
B12378/S479101112,compact_19,500,50.9772,6511.0,40,rejected
B12378/S479101112,compact_20,500,57.393,5171.2,40,rejected
B12378/S479101112,compact_21,500,93.5569,8907.0,40,rejected
B12378/S479101112,compact_22,500,48.7816,6376.0,40,rejected
B12378/S479101112,compact_23,500,35.7532,4273.5,40,rejected
B12378/S479101112,compact_24,500,58.2227,8621.6667,40,rejected
B237810/S281011,single_bit,1,0.0,inf,inf,rejected
B237810/S281011,pair_0,500,20.0,11722.0,40,rejected
B237810/S281011,pair_1,500,20.0,11722.0,40,rejected
B237810/S281011,pair_2,500,20.0,11722.0,40,rejected
B237810/S281011,pair_3,500,44.7214,11722.0,40,rejected
B237810/S281011,pair_4,500,44.7214,11722.0,40,rejected
B237810/S281011,pair_5,500,20.0,11722.0,40,rejected
B237810/S281011,pair_6,500,20.0,11722.0,40,rejected
B237810/S281011,pair_7,500,20.0,11722.0,40,rejected
B237810/S281011,pair_8,500,20.0,11722.0,40,rejected
B237810/S281011,pair_9,500,44.7214,11722.0,40,rejected
B237810/S281011,pair_10,500,20.0,11722.0,40,rejected
B237810/S281011,pair_11,500,44.7214,11722.0,40,rejected
B237810/S281011,tromino_L_0,500,41.8444,7607.6667,40,rejected
B237810/S281011,tromino_L_1,500,96.1049,7836.3333,40,rejected
B237810/S281011,tromino_L_2,500,40.9326,7607.6667,40,rejected
B237810/S281011,tromino_L_3,500,96.1049,7836.3333,40,rejected
B237810/S281011,tromino_L_4,500,12.1063,7607.6667,40,rejected
B237810/S281011,tromino_L_5,500,44.3997,7682.3333,40,rejected
B237810/S281011,tromino_L_6,500,77.0402,7836.3333,40,rejected
B237810/S281011,tromino_L_7,500,77.0402,7836.3333,40,rejected
B237810/S281011,compact_0,500,59.7606,7682.3333,40,rejected
B237810/S281011,compact_1,500,28.2843,5784.5,40,rejected
B237810/S281011,compact_2,500,20.0,7989.3333,40,rejected
B237810/S281011,compact_3,500,20.0,7989.3333,40,rejected
B237810/S281011,compact_4,500,31.7778,3754.3333,40,rejected
B237810/S281011,compact_5,500,68.8346,5674.0,40,rejected
B237810/S281011,compact_6,500,28.2843,5784.5,40,rejected
B237810/S281011,compact_7,500,51.8105,4502.8,40,rejected
B237810/S281011,compact_8,500,96.1049,7836.3333,40,rejected
B237810/S281011,compact_9,500,28.2155,3764.1667,40,rejected
B237810/S281011,compact_10,500,0.0,5891.25,40,rejected
B237810/S281011,compact_11,500,12.1063,7607.6667,40,rejected
B237810/S281011,compact_12,500,44.9958,5652.0,40,rejected
B237810/S281011,compact_13,500,52.8558,4529.2,40,rejected
B237810/S281011,compact_14,500,32.9928,3763.1667,40,rejected
B237810/S281011,compact_15,500,28.2843,5985.0,40,rejected
B237810/S281011,compact_16,500,61.7759,4515.4,40,rejected
B237810/S281011,compact_17,500,46.0107,4541.0,40,rejected
B237810/S281011,compact_18,500,51.6817,5652.0,40,rejected
B237810/S281011,compact_19,500,28.3061,5854.5,40,rejected
B237810/S281011,compact_20,500,43.1527,4543.2,40,rejected
B237810/S281011,compact_21,500,77.0402,7836.3333,40,rejected
B237810/S281011,compact_22,500,14.6919,5639.25,40,rejected
B237810/S281011,compact_23,500,65.6021,3757.8333,40,rejected
B237810/S281011,compact_24,500,40.9326,7607.6667,40,rejected
B37/S5,single_bit,1,0.0,inf,inf,rejected
B37/S5,pair_0,1,0.0,inf,inf,rejected
B37/S5,pair_1,1,0.0,inf,inf,rejected
B37/S5,pair_2,1,0.0,inf,inf,rejected
B37/S5,pair_3,1,0.0,inf,inf,rejected
B37/S5,pair_4,1,0.0,inf,inf,rejected
B37/S5,pair_5,1,0.0,inf,inf,rejected
B37/S5,pair_6,1,0.0,inf,inf,rejected
B37/S5,pair_7,1,0.0,inf,inf,rejected
B37/S5,pair_8,1,0.0,inf,inf,rejected
B37/S5,pair_9,1,0.0,inf,inf,rejected
B37/S5,pair_10,1,0.0,inf,inf,rejected
B37/S5,pair_11,1,0.0,inf,inf,rejected
B37/S5,tromino_L_0,2,0.9432,inf,inf,rejected
B37/S5,tromino_L_1,2,1.3747,inf,inf,rejected
B37/S5,tromino_L_2,2,0.667,inf,inf,rejected
B37/S5,tromino_L_3,2,1.3747,inf,inf,rejected
B37/S5,tromino_L_4,2,0.9432,inf,inf,rejected
B37/S5,tromino_L_5,2,0.167,inf,inf,rejected
B37/S5,tromino_L_6,2,1.0003,inf,inf,rejected
B37/S5,tromino_L_7,2,1.0003,inf,inf,rejected
B37/S5,compact_0,2,0.167,inf,inf,rejected
B37/S5,compact_1,2,0.0,inf,inf,rejected
B37/S5,compact_2,1,0.0,inf,inf,rejected
B37/S5,compact_3,1,0.0,inf,inf,rejected
B37/S5,compact_4,2,2.2676,inf,inf,rejected
B37/S5,compact_5,2,0.6127,inf,inf,rejected
B37/S5,compact_6,2,0.0,inf,inf,rejected
B37/S5,compact_7,3,1.0955,inf,inf,rejected
B37/S5,compact_8,2,1.3747,inf,inf,rejected
B37/S5,compact_9,3,0.6008,inf,inf,rejected
B37/S5,compact_10,3,0.0,inf,inf,rejected
B37/S5,compact_11,2,0.9432,inf,inf,rejected
B37/S5,compact_12,2,1.0905,inf,inf,rejected
B37/S5,compact_13,4,0.5745,inf,inf,rejected
B37/S5,compact_14,6,0.4985,inf,inf,rejected
B37/S5,compact_15,1,0.0,inf,inf,rejected
B37/S5,compact_16,3,0.446,inf,inf,rejected
B37/S5,compact_17,3,0.4473,inf,inf,rejected
B37/S5,compact_18,2,1.0311,inf,inf,rejected
B37/S5,compact_19,500,0.0,1.0,3,rejected
B37/S5,compact_20,2,0.2837,inf,inf,rejected
B37/S5,compact_21,2,1.0003,inf,inf,rejected
B37/S5,compact_22,2,0.3546,inf,inf,rejected
B37/S5,compact_23,2,0.605,inf,inf,rejected
B37/S5,compact_24,2,0.667,inf,inf,rejected
B6/S1412,single_bit,1,0.0,inf,inf,rejected
B6/S1412,pair_0,500,0.0,1.0,2,rejected
B6/S1412,pair_1,500,0.0,1.0,2,rejected
B6/S1412,pair_2,500,0.0,1.0,2,rejected
B6/S1412,pair_3,500,0.0,1.0,2,rejected
B6/S1412,pair_4,500,0.0,1.0,2,rejected
B6/S1412,pair_5,500,0.0,1.0,2,rejected
B6/S1412,pair_6,500,0.0,1.0,2,rejected
B6/S1412,pair_7,500,0.0,1.0,2,rejected
B6/S1412,pair_8,500,0.0,1.0,2,rejected
B6/S1412,pair_9,500,0.0,1.0,2,rejected
B6/S1412,pair_10,500,0.0,1.0,2,rejected
B6/S1412,pair_11,500,0.0,1.0,2,rejected
B6/S1412,tromino_L_0,2,0.2361,inf,inf,rejected
B6/S1412,tromino_L_1,1,0.0,inf,inf,rejected
B6/S1412,tromino_L_2,2,0.167,inf,inf,rejected
B6/S1412,tromino_L_3,1,0.0,inf,inf,rejected
B6/S1412,tromino_L_4,2,0.2361,inf,inf,rejected
B6/S1412,tromino_L_5,2,0.167,inf,inf,rejected
B6/S1412,tromino_L_6,1,0.0,inf,inf,rejected
B6/S1412,tromino_L_7,1,0.0,inf,inf,rejected
B6/S1412,compact_0,2,0.167,inf,inf,rejected
B6/S1412,compact_1,1,0.0,inf,inf,rejected
B6/S1412,compact_2,2,0.0,inf,inf,rejected
B6/S1412,compact_3,2,0.0,inf,inf,rejected
B6/S1412,compact_4,2,1.8627,inf,inf,rejected
B6/S1412,compact_5,2,1.5422,inf,inf,rejected
B6/S1412,compact_6,1,0.0,inf,inf,rejected
B6/S1412,compact_7,2,0.4473,inf,inf,rejected
B6/S1412,compact_8,1,0.0,inf,inf,rejected
B6/S1412,compact_9,500,0.167,0.3333,2,rejected
B6/S1412,compact_10,2,0.0,inf,inf,rejected
B6/S1412,compact_11,2,0.2361,inf,inf,rejected
B6/S1412,compact_12,2,0.4341,inf,inf,rejected
B6/S1412,compact_13,500,0.616,0.4,2,rejected
B6/S1412,compact_14,500,0.5267,0.3333,2,rejected
B6/S1412,compact_15,2,0.0,inf,inf,rejected
B6/S1412,compact_16,2,0.3678,inf,inf,rejected
B6/S1412,compact_17,2,0.9482,inf,inf,rejected
B6/S1412,compact_18,2,0.2504,inf,inf,rejected
B6/S1412,compact_19,1,0.0,inf,inf,rejected
B6/S1412,compact_20,500,0.9908,0.4,2,rejected
B6/S1412,compact_21,1,0.0,inf,inf,rejected
B6/S1412,compact_22,2,1.621,inf,inf,rejected
B6/S1412,compact_23,2,1.3966,inf,inf,rejected
B6/S1412,compact_24,2,0.167,inf,inf,rejected
B8/S10,single_bit,1,0.0,inf,inf,rejected
B8/S10,pair_0,1,0.0,inf,inf,rejected
B8/S10,pair_1,1,0.0,inf,inf,rejected
B8/S10,pair_2,1,0.0,inf,inf,rejected
B8/S10,pair_3,1,0.0,inf,inf,rejected
B8/S10,pair_4,1,0.0,inf,inf,rejected
B8/S10,pair_5,1,0.0,inf,inf,rejected
B8/S10,pair_6,1,0.0,inf,inf,rejected
B8/S10,pair_7,1,0.0,inf,inf,rejected
B8/S10,pair_8,1,0.0,inf,inf,rejected
B8/S10,pair_9,1,0.0,inf,inf,rejected
B8/S10,pair_10,1,0.0,inf,inf,rejected
B8/S10,pair_11,1,0.0,inf,inf,rejected
B8/S10,tromino_L_0,1,0.0,inf,inf,rejected
B8/S10,tromino_L_1,1,0.0,inf,inf,rejected
B8/S10,tromino_L_2,1,0.0,inf,inf,rejected
B8/S10,tromino_L_3,1,0.0,inf,inf,rejected
B8/S10,tromino_L_4,1,0.0,inf,inf,rejected
B8/S10,tromino_L_5,1,0.0,inf,inf,rejected
B8/S10,tromino_L_6,1,0.0,inf,inf,rejected
B8/S10,tromino_L_7,1,0.0,inf,inf,rejected
B8/S10,compact_0,1,0.0,inf,inf,rejected
B8/S10,compact_1,1,0.0,inf,inf,rejected
B8/S10,compact_2,1,0.0,inf,inf,rejected
B8/S10,compact_3,1,0.0,inf,inf,rejected
B8/S10,compact_4,1,0.0,inf,inf,rejected
B8/S10,compact_5,1,0.0,inf,inf,rejected
B8/S10,compact_6,1,0.0,inf,inf,rejected
B8/S10,compact_7,1,0.0,inf,inf,rejected
B8/S10,compact_8,1,0.0,inf,inf,rejected
B8/S10,compact_9,1,0.0,inf,inf,rejected
B8/S10,compact_10,1,0.0,inf,inf,rejected
B8/S10,compact_11,1,0.0,inf,inf,rejected
B8/S10,compact_12,1,0.0,inf,inf,rejected
B8/S10,compact_13,1,0.0,inf,inf,rejected
B8/S10,compact_14,1,0.0,inf,inf,rejected
B8/S10,compact_15,1,0.0,inf,inf,rejected
B8/S10,compact_16,1,0.0,inf,inf,rejected
B8/S10,compact_17,1,0.0,inf,inf,rejected
B8/S10,compact_18,1,0.0,inf,inf,rejected
B8/S10,compact_19,1,0.0,inf,inf,rejected
B8/S10,compact_20,1,0.0,inf,inf,rejected
B8/S10,compact_21,1,0.0,inf,inf,rejected
B8/S10,compact_22,1,0.0,inf,inf,rejected
B8/S10,compact_23,1,0.0,inf,inf,rejected
B8/S10,compact_24,1,0.0,inf,inf,rejected
B59/S11,single_bit,1,0.0,inf,inf,rejected
B59/S11,pair_0,1,0.0,inf,inf,rejected
B59/S11,pair_1,1,0.0,inf,inf,rejected
B59/S11,pair_2,1,0.0,inf,inf,rejected
B59/S11,pair_3,1,0.0,inf,inf,rejected
B59/S11,pair_4,1,0.0,inf,inf,rejected
B59/S11,pair_5,1,0.0,inf,inf,rejected
B59/S11,pair_6,1,0.0,inf,inf,rejected
B59/S11,pair_7,1,0.0,inf,inf,rejected
B59/S11,pair_8,1,0.0,inf,inf,rejected
B59/S11,pair_9,1,0.0,inf,inf,rejected
B59/S11,pair_10,1,0.0,inf,inf,rejected
B59/S11,pair_11,1,0.0,inf,inf,rejected
B59/S11,tromino_L_0,1,0.0,inf,inf,rejected
B59/S11,tromino_L_1,1,0.0,inf,inf,rejected
B59/S11,tromino_L_2,1,0.0,inf,inf,rejected
B59/S11,tromino_L_3,1,0.0,inf,inf,rejected
B59/S11,tromino_L_4,1,0.0,inf,inf,rejected
B59/S11,tromino_L_5,1,0.0,inf,inf,rejected
B59/S11,tromino_L_6,1,0.0,inf,inf,rejected
B59/S11,tromino_L_7,1,0.0,inf,inf,rejected
B59/S11,compact_0,1,0.0,inf,inf,rejected
B59/S11,compact_1,1,0.0,inf,inf,rejected
B59/S11,compact_2,1,0.0,inf,inf,rejected
B59/S11,compact_3,1,0.0,inf,inf,rejected
B59/S11,compact_4,1,0.0,inf,inf,rejected
B59/S11,compact_5,1,0.0,inf,inf,rejected
B59/S11,compact_6,1,0.0,inf,inf,rejected
B59/S11,compact_7,1,0.0,inf,inf,rejected
B59/S11,compact_8,1,0.0,inf,inf,rejected
B59/S11,compact_9,1,0.0,inf,inf,rejected
B59/S11,compact_10,1,0.0,inf,inf,rejected
B59/S11,compact_11,1,0.0,inf,inf,rejected
B59/S11,compact_12,1,0.0,inf,inf,rejected
B59/S11,compact_13,1,0.0,inf,inf,rejected
B59/S11,compact_14,1,0.0,inf,inf,rejected
B59/S11,compact_15,1,0.0,inf,inf,rejected
B59/S11,compact_16,1,0.0,inf,inf,rejected
B59/S11,compact_17,1,0.0,inf,inf,rejected
B59/S11,compact_18,1,0.0,inf,inf,rejected
B59/S11,compact_19,1,0.0,inf,inf,rejected
B59/S11,compact_20,1,0.0,inf,inf,rejected
B59/S11,compact_21,1,0.0,inf,inf,rejected
B59/S11,compact_22,1,0.0,inf,inf,rejected
B59/S11,compact_23,1,0.0,inf,inf,rejected
B59/S11,compact_24,1,0.0,inf,inf,rejected
B5/S346,single_bit,1,0.0,inf,inf,rejected
B5/S346,pair_0,1,0.0,inf,inf,rejected
B5/S346,pair_1,1,0.0,inf,inf,rejected
B5/S346,pair_2,1,0.0,inf,inf,rejected
B5/S346,pair_3,1,0.0,inf,inf,rejected
B5/S346,pair_4,1,0.0,inf,inf,rejected
B5/S346,pair_5,1,0.0,inf,inf,rejected
B5/S346,pair_6,1,0.0,inf,inf,rejected
B5/S346,pair_7,1,0.0,inf,inf,rejected
B5/S346,pair_8,1,0.0,inf,inf,rejected
B5/S346,pair_9,1,0.0,inf,inf,rejected
B5/S346,pair_10,1,0.0,inf,inf,rejected
B5/S346,pair_11,1,0.0,inf,inf,rejected
B5/S346,tromino_L_0,1,0.0,inf,inf,rejected
B5/S346,tromino_L_1,1,0.0,inf,inf,rejected
B5/S346,tromino_L_2,1,0.0,inf,inf,rejected
B5/S346,tromino_L_3,1,0.0,inf,inf,rejected
B5/S346,tromino_L_4,1,0.0,inf,inf,rejected
B5/S346,tromino_L_5,1,0.0,inf,inf,rejected
B5/S346,tromino_L_6,1,0.0,inf,inf,rejected
B5/S346,tromino_L_7,1,0.0,inf,inf,rejected
B5/S346,compact_0,1,0.0,inf,inf,rejected
B5/S346,compact_1,2,0.0,inf,inf,rejected
B5/S346,compact_2,1,0.0,inf,inf,rejected
B5/S346,compact_3,1,0.0,inf,inf,rejected
B5/S346,compact_4,2,0.6877,inf,inf,rejected
B5/S346,compact_5,2,0.6127,inf,inf,rejected
B5/S346,compact_6,2,0.0,inf,inf,rejected
B5/S346,compact_7,2,0.3646,inf,inf,rejected
B5/S346,compact_8,1,0.0,inf,inf,rejected
B5/S346,compact_9,3,0.167,inf,inf,rejected
B5/S346,compact_10,2,0.0,inf,inf,rejected
B5/S346,compact_11,1,0.0,inf,inf,rejected
B5/S346,compact_12,1,0.0,inf,inf,rejected
B5/S346,compact_13,2,0.3612,inf,inf,rejected
B5/S346,compact_14,2,0.4994,inf,inf,rejected
B5/S346,compact_15,1,0.0,inf,inf,rejected
B5/S346,compact_16,2,0.446,inf,inf,rejected
B5/S346,compact_17,2,0.2242,inf,inf,rejected
B5/S346,compact_18,1,0.0,inf,inf,rejected
B5/S346,compact_19,2,0.2504,inf,inf,rejected
B5/S346,compact_20,2,0.4234,inf,inf,rejected
B5/S346,compact_21,1,0.0,inf,inf,rejected
B5/S346,compact_22,2,0.3541,inf,inf,rejected
B5/S346,compact_23,2,0.7234,inf,inf,rejected
B5/S346,compact_24,1,0.0,inf,inf,rejected
B13810/S236812,single_bit,500,0.0,24582.0,40,rejected
B13810/S236812,pair_0,500,20.0,11442.0,40,rejected
B13810/S236812,pair_1,500,20.0,11442.0,40,rejected
B13810/S236812,pair_2,500,20.0,11442.0,40,rejected
B13810/S236812,pair_3,500,44.7214,11442.0,40,rejected
B13810/S236812,pair_4,500,20.0,11442.0,40,rejected
B13810/S236812,pair_5,500,20.0,11442.0,40,rejected
B13810/S236812,pair_6,500,20.0,11442.0,40,rejected
B13810/S236812,pair_7,500,20.0,11442.0,40,rejected
B13810/S236812,pair_8,500,20.0,11442.0,40,rejected
B13810/S236812,pair_9,500,20.0,11442.0,40,rejected
B13810/S236812,pair_10,500,20.0,11442.0,40,rejected
B13810/S236812,pair_11,500,44.7214,11442.0,40,rejected
B13810/S236812,tromino_L_0,500,54.9648,7549.6667,40,rejected
B13810/S236812,tromino_L_1,500,63.941,7586.3333,40,rejected
B13810/S236812,tromino_L_2,500,45.9409,7549.6667,40,rejected
B13810/S236812,tromino_L_3,500,63.941,7586.3333,40,rejected
B13810/S236812,tromino_L_4,500,41.3739,7549.6667,40,rejected
B13810/S236812,tromino_L_5,500,50.5075,7608.6667,40,rejected
B13810/S236812,tromino_L_6,500,63.5986,7586.3333,40,rejected
B13810/S236812,tromino_L_7,500,63.5986,7586.3333,40,rejected
B13810/S236812,compact_0,500,50.5075,7608.6667,40,rejected
B13810/S236812,compact_1,500,40.0,5652.0,40,rejected
B13810/S236812,compact_2,500,28.2843,7672.6667,40,rejected
B13810/S236812,compact_3,500,66.3325,7672.6667,40,rejected
B13810/S236812,compact_4,500,20.4247,3734.0,40,rejected
B13810/S236812,compact_5,500,82.1376,5569.5,40,rejected
B13810/S236812,compact_6,500,40.0,5652.0,40,rejected
B13810/S236812,compact_7,500,43.0431,4471.2,40,rejected
B13810/S236812,compact_8,500,63.941,7586.3333,40,rejected
B13810/S236812,compact_9,500,34.9637,3720.5,40,rejected
B13810/S236812,compact_10,500,0.0,5705.75,40,rejected
B13810/S236812,compact_11,500,41.3739,7549.6667,40,rejected
B13810/S236812,compact_12,500,60.1994,5600.75,40,rejected
B13810/S236812,compact_13,500,39.5502,4471.0,40,rejected
B13810/S236812,compact_14,500,25.1016,3715.8333,40,rejected
B13810/S236812,compact_15,500,28.2843,5802.0,40,rejected
B13810/S236812,compact_16,500,39.5429,4469.8,40,rejected
B13810/S236812,compact_17,500,49.06,4505.2,40,rejected
B13810/S236812,compact_18,500,26.1177,5600.75,40,rejected
B13810/S236812,compact_19,500,44.8165,5722.0,40,rejected
B13810/S236812,compact_20,500,52.0043,4483.4,40,rejected
B13810/S236812,compact_21,500,63.5986,7586.3333,40,rejected
B13810/S236812,compact_22,500,51.6492,5604.5,40,rejected
B13810/S236812,compact_23,500,26.3115,3722.3333,40,rejected
B13810/S236812,compact_24,500,45.9409,7549.6667,40,rejected
B38/S59,single_bit,1,0.0,inf,inf,rejected
B38/S59,pair_0,1,0.0,inf,inf,rejected
B38/S59,pair_1,1,0.0,inf,inf,rejected
B38/S59,pair_2,1,0.0,inf,inf,rejected
B38/S59,pair_3,1,0.0,inf,inf,rejected
B38/S59,pair_4,1,0.0,inf,inf,rejected
B38/S59,pair_5,1,0.0,inf,inf,rejected
B38/S59,pair_6,1,0.0,inf,inf,rejected
B38/S59,pair_7,1,0.0,inf,inf,rejected
B38/S59,pair_8,1,0.0,inf,inf,rejected
B38/S59,pair_9,1,0.0,inf,inf,rejected
B38/S59,pair_10,1,0.0,inf,inf,rejected
B38/S59,pair_11,1,0.0,inf,inf,rejected
B38/S59,tromino_L_0,2,0.9432,inf,inf,rejected
B38/S59,tromino_L_1,2,1.3747,inf,inf,rejected
B38/S59,tromino_L_2,2,0.667,inf,inf,rejected
B38/S59,tromino_L_3,2,1.3747,inf,inf,rejected
B38/S59,tromino_L_4,2,0.9432,inf,inf,rejected
B38/S59,tromino_L_5,2,0.167,inf,inf,rejected
B38/S59,tromino_L_6,2,1.0003,inf,inf,rejected
B38/S59,tromino_L_7,2,1.0003,inf,inf,rejected
B38/S59,compact_0,2,0.167,inf,inf,rejected
B38/S59,compact_1,2,0.0,inf,inf,rejected
B38/S59,compact_2,1,0.0,inf,inf,rejected
B38/S59,compact_3,1,0.0,inf,inf,rejected
B38/S59,compact_4,2,2.2676,inf,inf,rejected
B38/S59,compact_5,2,0.6127,inf,inf,rejected
B38/S59,compact_6,2,0.0,inf,inf,rejected
B38/S59,compact_7,3,1.0955,inf,inf,rejected
B38/S59,compact_8,2,1.3747,inf,inf,rejected
B38/S59,compact_9,3,0.6008,inf,inf,rejected
B38/S59,compact_10,3,0.0,inf,inf,rejected
B38/S59,compact_11,2,0.9432,inf,inf,rejected
B38/S59,compact_12,2,1.0905,inf,inf,rejected
B38/S59,compact_13,4,0.5745,inf,inf,rejected
B38/S59,compact_14,6,0.4985,inf,inf,rejected
B38/S59,compact_15,1,0.0,inf,inf,rejected
B38/S59,compact_16,3,0.446,inf,inf,rejected
B38/S59,compact_17,3,0.4473,inf,inf,rejected
B38/S59,compact_18,2,1.0311,inf,inf,rejected
B38/S59,compact_19,500,0.0,1.0,3,rejected
B38/S59,compact_20,2,0.2837,inf,inf,rejected
B38/S59,compact_21,2,1.0003,inf,inf,rejected
B38/S59,compact_22,2,0.3546,inf,inf,rejected
B38/S59,compact_23,2,0.605,inf,inf,rejected
B38/S59,compact_24,2,0.667,inf,inf,rejected
B29/S71011,single_bit,1,0.0,inf,inf,rejected
B29/S71011,pair_0,500,34.641,6993.0,40,rejected
B29/S71011,pair_1,500,34.641,6993.0,40,rejected
B29/S71011,pair_2,500,34.641,6993.0,40,rejected
B29/S71011,pair_3,500,34.641,6993.0,40,rejected
B29/S71011,pair_4,500,34.641,6993.0,40,rejected
B29/S71011,pair_5,500,34.641,6993.0,40,rejected
B29/S71011,pair_6,500,28.2843,6993.0,40,rejected
B29/S71011,pair_7,500,28.2843,6993.0,40,rejected
B29/S71011,pair_8,500,28.2843,6993.0,40,rejected
B29/S71011,pair_9,500,28.2843,6993.0,40,rejected
B29/S71011,pair_10,500,28.2843,6993.0,40,rejected
B29/S71011,pair_11,500,28.2843,6993.0,40,rejected
B29/S71011,tromino_L_0,500,40.0028,4596.6667,40,rejected
B29/S71011,tromino_L_1,500,10.8466,4654.6667,40,rejected
B29/S71011,tromino_L_2,500,40.0014,4596.6667,40,rejected
B29/S71011,tromino_L_3,500,10.8466,4654.6667,40,rejected
B29/S71011,tromino_L_4,500,0.471,4596.6667,40,rejected
B29/S71011,tromino_L_5,500,29.596,4712.0,40,rejected
B29/S71011,tromino_L_6,500,12.9395,4654.6667,40,rejected
B29/S71011,tromino_L_7,500,12.9395,4654.6667,40,rejected
B29/S71011,compact_0,500,29.596,4712.0,40,rejected
B29/S71011,compact_1,500,34.641,3421.5,40,rejected
B29/S71011,compact_2,500,34.641,4858.6667,40,rejected
B29/S71011,compact_3,500,34.641,4858.6667,40,rejected
B29/S71011,compact_4,500,33.7468,2226.1667,40,rejected
B29/S71011,compact_5,500,63.5113,3368.0,40,rejected
B29/S71011,compact_6,500,66.3325,3421.5,40,rejected
B29/S71011,compact_7,500,76.0021,2680.8,40,rejected
B29/S71011,compact_8,500,10.8466,4654.6667,40,rejected
B29/S71011,compact_9,500,57.7123,2224.0,40,rejected
B29/S71011,compact_10,500,28.2843,3553.5,40,rejected
B29/S71011,compact_11,500,0.471,4596.6667,40,rejected
B29/S71011,compact_12,500,48.4945,3365.75,40,rejected
B29/S71011,compact_13,500,63.4748,2675.8,40,rejected
B29/S71011,compact_14,500,59.4532,2220.6667,40,rejected
B29/S71011,compact_15,500,34.641,3528.0,40,rejected
B29/S71011,compact_16,500,45.0817,2686.2,40,rejected
B29/S71011,compact_17,500,77.9932,2663.4,40,rejected
B29/S71011,compact_18,500,76.3622,3365.75,40,rejected
B29/S71011,compact_19,500,34.4975,3521.5,40,rejected
B29/S71011,compact_20,500,34.2962,2739.6,40,rejected
B29/S71011,compact_21,500,12.9395,4654.6667,40,rejected
B29/S71011,compact_22,500,47.6131,3344.0,40,rejected
B29/S71011,compact_23,500,66.2295,2232.0,40,rejected
B29/S71011,compact_24,500,40.0014,4596.6667,40,rejected
B26/S4,single_bit,1,0.0,inf,inf,rejected
B26/S4,pair_0,500,0.0,8762.0,40,rejected
B26/S4,pair_1,500,0.0,8762.0,40,rejected
B26/S4,pair_2,500,0.0,8762.0,40,rejected
B26/S4,pair_3,500,0.0,8762.0,40,rejected
B26/S4,pair_4,500,40.0,8762.0,40,rejected
B26/S4,pair_5,500,0.0,8762.0,40,rejected
B26/S4,pair_6,500,20.0,8762.0,40,rejected
B26/S4,pair_7,500,20.0,8762.0,40,rejected
B26/S4,pair_8,500,20.0,8762.0,40,rejected
B26/S4,pair_9,500,20.0,8762.0,40,rejected
B26/S4,pair_10,500,20.0,8762.0,40,rejected
B26/S4,pair_11,500,20.0,8762.0,40,rejected
B26/S4,tromino_L_0,500,28.2882,5617.0,40,rejected
B26/S4,tromino_L_1,500,15.7421,5761.6667,40,rejected
B26/S4,tromino_L_2,500,19.667,5617.0,40,rejected
B26/S4,tromino_L_3,500,15.7421,5761.6667,40,rejected
B26/S4,tromino_L_4,500,20.3358,5617.0,40,rejected
B26/S4,tromino_L_5,500,35.9927,5867.3333,40,rejected
B26/S4,tromino_L_6,500,35.1431,5761.6667,40,rejected
B26/S4,tromino_L_7,500,35.1431,5761.6667,40,rejected
B26/S4,compact_0,500,35.9927,5867.3333,40,rejected
B26/S4,compact_1,500,20.0,4261.0,40,rejected
B26/S4,compact_2,500,28.2843,5922.6667,40,rejected
B26/S4,compact_3,500,28.2843,5922.6667,40,rejected
B26/S4,compact_4,500,51.3985,2757.5,40,rejected
B26/S4,compact_5,500,54.585,4153.75,40,rejected
B26/S4,compact_6,500,60.0,4261.0,40,rejected
B26/S4,compact_7,500,22.0417,3314.6,40,rejected
B26/S4,compact_8,500,15.7421,5761.6667,40,rejected
B26/S4,compact_9,500,43.1144,2766.6667,40,rejected
B26/S4,compact_10,500,0.0,4446.0,40,rejected
B26/S4,compact_11,500,20.3358,5617.0,40,rejected
B26/S4,compact_12,500,42.351,4131.25,40,rejected
B26/S4,compact_13,500,44.8575,3311.0,40,rejected
B26/S4,compact_14,500,64.8343,2749.8333,40,rejected
B26/S4,compact_15,500,0.0,4322.0,40,rejected
B26/S4,compact_16,500,47.6115,3307.0,40,rejected
B26/S4,compact_17,500,61.2868,3317.2,40,rejected
B26/S4,compact_18,500,33.5141,4131.25,40,rejected
B26/S4,compact_19,500,20.0016,4308.0,40,rejected
B26/S4,compact_20,500,63.7404,3328.8,40,rejected
B26/S4,compact_21,500,35.1431,5761.6667,40,rejected
B26/S4,compact_22,500,33.545,4140.25,40,rejected
B26/S4,compact_23,500,66.2025,2759.1667,40,rejected
B26/S4,compact_24,500,19.667,5617.0,40,rejected
B9/S710,single_bit,1,0.0,inf,inf,rejected
B9/S710,pair_0,1,0.0,inf,inf,rejected
B9/S710,pair_1,1,0.0,inf,inf,rejected
B9/S710,pair_2,1,0.0,inf,inf,rejected
B9/S710,pair_3,1,0.0,inf,inf,rejected
B9/S710,pair_4,1,0.0,inf,inf,rejected
B9/S710,pair_5,1,0.0,inf,inf,rejected
B9/S710,pair_6,1,0.0,inf,inf,rejected
B9/S710,pair_7,1,0.0,inf,inf,rejected
B9/S710,pair_8,1,0.0,inf,inf,rejected
B9/S710,pair_9,1,0.0,inf,inf,rejected
B9/S710,pair_10,1,0.0,inf,inf,rejected
B9/S710,pair_11,1,0.0,inf,inf,rejected
B9/S710,tromino_L_0,1,0.0,inf,inf,rejected
B9/S710,tromino_L_1,1,0.0,inf,inf,rejected
B9/S710,tromino_L_2,1,0.0,inf,inf,rejected
B9/S710,tromino_L_3,1,0.0,inf,inf,rejected
B9/S710,tromino_L_4,1,0.0,inf,inf,rejected
B9/S710,tromino_L_5,1,0.0,inf,inf,rejected
B9/S710,tromino_L_6,1,0.0,inf,inf,rejected
B9/S710,tromino_L_7,1,0.0,inf,inf,rejected
B9/S710,compact_0,1,0.0,inf,inf,rejected
B9/S710,compact_1,1,0.0,inf,inf,rejected
B9/S710,compact_2,1,0.0,inf,inf,rejected
B9/S710,compact_3,1,0.0,inf,inf,rejected
B9/S710,compact_4,1,0.0,inf,inf,rejected
B9/S710,compact_5,1,0.0,inf,inf,rejected
B9/S710,compact_6,1,0.0,inf,inf,rejected
B9/S710,compact_7,1,0.0,inf,inf,rejected
B9/S710,compact_8,1,0.0,inf,inf,rejected
B9/S710,compact_9,1,0.0,inf,inf,rejected
B9/S710,compact_10,1,0.0,inf,inf,rejected
B9/S710,compact_11,1,0.0,inf,inf,rejected
B9/S710,compact_12,1,0.0,inf,inf,rejected
B9/S710,compact_13,1,0.0,inf,inf,rejected
B9/S710,compact_14,1,0.0,inf,inf,rejected
B9/S710,compact_15,1,0.0,inf,inf,rejected
B9/S710,compact_16,1,0.0,inf,inf,rejected
B9/S710,compact_17,1,0.0,inf,inf,rejected
B9/S710,compact_18,1,0.0,inf,inf,rejected
B9/S710,compact_19,1,0.0,inf,inf,rejected
B9/S710,compact_20,1,0.0,inf,inf,rejected
B9/S710,compact_21,1,0.0,inf,inf,rejected
B9/S710,compact_22,1,0.0,inf,inf,rejected
B9/S710,compact_23,1,0.0,inf,inf,rejected
B9/S710,compact_24,1,0.0,inf,inf,rejected
B12361011/S591011,single_bit,500,20.0,28068.0,40,rejected
B12361011/S591011,pair_0,500,28.2843,13058.0,40,rejected
B12361011/S591011,pair_1,500,48.9898,13058.0,40,rejected
B12361011/S591011,pair_2,500,28.2843,13058.0,40,rejected
B12361011/S591011,pair_3,500,28.2843,13058.0,40,rejected
B12361011/S591011,pair_4,500,44.7214,13058.0,40,rejected
B12361011/S591011,pair_5,500,44.7214,13058.0,40,rejected
B12361011/S591011,pair_6,500,0.0,13058.0,40,rejected
B12361011/S591011,pair_7,500,20.0,13058.0,40,rejected
B12361011/S591011,pair_8,500,20.0,13058.0,40,rejected
B12361011/S591011,pair_9,500,56.5685,13058.0,40,rejected
B12361011/S591011,pair_10,500,44.7214,13058.0,40,rejected
B12361011/S591011,pair_11,500,44.7214,13058.0,40,rejected
B12361011/S591011,tromino_L_0,500,2.4302,8390.0,40,rejected
B12361011/S591011,tromino_L_1,500,66.8063,8583.0,40,rejected
B12361011/S591011,tromino_L_2,500,20.0737,8390.0,40,rejected
B12361011/S591011,tromino_L_3,500,66.8063,8583.0,40,rejected
B12361011/S591011,tromino_L_4,500,62.865,8390.0,40,rejected
B12361011/S591011,tromino_L_5,500,25.4419,8516.0,40,rejected
B12361011/S591011,tromino_L_6,500,70.4054,8583.0,40,rejected
B12361011/S591011,tromino_L_7,500,70.4054,8583.0,40,rejected
B12361011/S591011,compact_0,500,47.4056,8516.0,40,rejected
B12361011/S591011,compact_1,500,34.641,6393.5,40,rejected
B12361011/S591011,compact_2,500,28.2843,8765.3333,40,rejected
B12361011/S591011,compact_3,500,28.2843,8765.3333,40,rejected
B12361011/S591011,compact_4,500,43.8422,4196.6667,40,rejected
B12361011/S591011,compact_5,500,44.5905,6258.0,40,rejected
B12361011/S591011,compact_6,500,34.641,6393.5,40,rejected
B12361011/S591011,compact_7,500,46.8517,5001.2,40,rejected
B12361011/S591011,compact_8,500,66.8063,8583.0,40,rejected
B12361011/S591011,compact_9,500,64.5638,4158.0,40,rejected
B12361011/S591011,compact_10,500,28.2843,6472.0,40,rejected
B12361011/S591011,compact_11,500,62.865,8390.0,40,rejected
B12361011/S591011,compact_12,500,67.0026,6258.0,40,rejected
B12361011/S591011,compact_13,500,58.0642,5003.6,40,rejected
B12361011/S591011,compact_14,500,32.175,4175.1667,40,rejected
B12361011/S591011,compact_15,500,48.9898,6488.0,40,rejected
B12361011/S591011,compact_16,500,43.8311,5007.0,40,rejected
B12361011/S591011,compact_17,500,9.2539,4980.4,40,rejected
B12361011/S591011,compact_18,500,59.3553,6258.0,40,rejected
B12361011/S591011,compact_19,500,70.3493,6381.5,40,rejected
B12361011/S591011,compact_20,500,33.9722,5067.0,40,rejected
B12361011/S591011,compact_21,500,70.4054,8583.0,40,rejected
B12361011/S591011,compact_22,500,34.7166,6266.25,40,rejected
B12361011/S591011,compact_23,500,45.9521,4166.6667,40,rejected
B12361011/S591011,compact_24,500,20.0737,8390.0,40,rejected
B10/S1210,single_bit,1,0.0,inf,inf,rejected
B10/S1210,pair_0,500,0.0,1.0,2,rejected
B10/S1210,pair_1,500,0.0,1.0,2,rejected
B10/S1210,pair_2,500,0.0,1.0,2,rejected
B10/S1210,pair_3,500,0.0,1.0,2,rejected
B10/S1210,pair_4,500,0.0,1.0,2,rejected
B10/S1210,pair_5,500,0.0,1.0,2,rejected
B10/S1210,pair_6,500,0.0,1.0,2,rejected
B10/S1210,pair_7,500,0.0,1.0,2,rejected
B10/S1210,pair_8,500,0.0,1.0,2,rejected
B10/S1210,pair_9,500,0.0,1.0,2,rejected
B10/S1210,pair_10,500,0.0,1.0,2,rejected
B10/S1210,pair_11,500,0.0,1.0,2,rejected
B10/S1210,tromino_L_0,500,0.0,1.0,2,rejected
B10/S1210,tromino_L_1,500,0.0,1.0,2,rejected
B10/S1210,tromino_L_2,500,0.0,1.0,3,rejected
B10/S1210,tromino_L_3,500,0.0,1.0,2,rejected
B10/S1210,tromino_L_4,500,0.0,1.0,3,rejected
B10/S1210,tromino_L_5,500,0.0,1.0,3,rejected
B10/S1210,tromino_L_6,500,0.0,1.0,2,rejected
B10/S1210,tromino_L_7,500,0.0,1.0,2,rejected
B10/S1210,compact_0,500,0.0,1.0,3,rejected
B10/S1210,compact_1,2,0.0,inf,inf,rejected
B10/S1210,compact_2,500,0.0,1.0,3,rejected
B10/S1210,compact_3,500,0.0,1.0,3,rejected
B10/S1210,compact_4,500,0.1396,0.8333,4,rejected
B10/S1210,compact_5,500,0.7893,0.5,2,rejected
B10/S1210,compact_6,2,0.0,inf,inf,rejected
B10/S1210,compact_7,2,0.548,inf,inf,rejected
B10/S1210,compact_8,500,0.0,1.0,2,rejected
B10/S1210,compact_9,2,0.333,inf,inf,rejected
B10/S1210,compact_10,2,0.0,inf,inf,rejected
B10/S1210,compact_11,500,0.0,1.0,3,rejected
B10/S1210,compact_12,500,0.0,1.0,3,rejected
B10/S1210,compact_13,2,0.2411,inf,inf,rejected
B10/S1210,compact_14,2,0.6015,inf,inf,rejected
B10/S1210,compact_15,500,0.0,1.0,4,rejected
B10/S1210,compact_16,500,1.5175,0.4,2,rejected
B10/S1210,compact_17,2,0.1508,inf,inf,rejected
B10/S1210,compact_18,500,0.0,1.0,4,rejected
B10/S1210,compact_19,2,0.2496,inf,inf,rejected
B10/S1210,compact_20,2,0.2837,inf,inf,rejected
B10/S1210,compact_21,500,0.0,1.0,2,rejected
B10/S1210,compact_22,500,0.9346,0.5,2,rejected
B10/S1210,compact_23,500,1.8138,0.3333,2,rejected
B10/S1210,compact_24,500,0.0,1.0,3,rejected
B6/S1,single_bit,1,0.0,inf,inf,rejected
B6/S1,pair_0,500,0.0,1.0,2,rejected
B6/S1,pair_1,500,0.0,1.0,2,rejected
B6/S1,pair_2,500,0.0,1.0,2,rejected
B6/S1,pair_3,500,0.0,1.0,2,rejected
B6/S1,pair_4,500,0.0,1.0,2,rejected
B6/S1,pair_5,500,0.0,1.0,2,rejected
B6/S1,pair_6,500,0.0,1.0,2,rejected
B6/S1,pair_7,500,0.0,1.0,2,rejected
B6/S1,pair_8,500,0.0,1.0,2,rejected
B6/S1,pair_9,500,0.0,1.0,2,rejected
B6/S1,pair_10,500,0.0,1.0,2,rejected
B6/S1,pair_11,500,0.0,1.0,2,rejected
B6/S1,tromino_L_0,2,0.2361,inf,inf,rejected
B6/S1,tromino_L_1,1,0.0,inf,inf,rejected
B6/S1,tromino_L_2,2,0.167,inf,inf,rejected
B6/S1,tromino_L_3,1,0.0,inf,inf,rejected
B6/S1,tromino_L_4,2,0.2361,inf,inf,rejected
B6/S1,tromino_L_5,2,0.167,inf,inf,rejected
B6/S1,tromino_L_6,1,0.0,inf,inf,rejected
B6/S1,tromino_L_7,1,0.0,inf,inf,rejected
B6/S1,compact_0,2,0.167,inf,inf,rejected
B6/S1,compact_1,1,0.0,inf,inf,rejected
B6/S1,compact_2,2,0.0,inf,inf,rejected
B6/S1,compact_3,2,0.0,inf,inf,rejected
B6/S1,compact_4,2,1.8627,inf,inf,rejected
B6/S1,compact_5,2,1.5422,inf,inf,rejected
B6/S1,compact_6,1,0.0,inf,inf,rejected
B6/S1,compact_7,1,0.0,inf,inf,rejected
B6/S1,compact_8,1,0.0,inf,inf,rejected
B6/S1,compact_9,1,0.0,inf,inf,rejected
B6/S1,compact_10,2,0.0,inf,inf,rejected
B6/S1,compact_11,2,0.2361,inf,inf,rejected
B6/S1,compact_12,2,0.4341,inf,inf,rejected
B6/S1,compact_13,2,1.2957,inf,inf,rejected
B6/S1,compact_14,1,0.0,inf,inf,rejected
B6/S1,compact_15,2,0.0,inf,inf,rejected
B6/S1,compact_16,2,0.3678,inf,inf,rejected
B6/S1,compact_17,2,0.9482,inf,inf,rejected
B6/S1,compact_18,2,0.2504,inf,inf,rejected
B6/S1,compact_19,1,0.0,inf,inf,rejected
B6/S1,compact_20,2,1.6979,inf,inf,rejected
B6/S1,compact_21,1,0.0,inf,inf,rejected
B6/S1,compact_22,2,1.621,inf,inf,rejected
B6/S1,compact_23,2,1.3966,inf,inf,rejected
B6/S1,compact_24,2,0.167,inf,inf,rejected
B15/S6,single_bit,32,0.0,inf,inf,rejected
B15/S6,pair_0,500,48.9898,7476.0,40,rejected
B15/S6,pair_1,500,48.9898,7476.0,40,rejected
B15/S6,pair_2,500,48.9898,7476.0,40,rejected
B15/S6,pair_3,500,48.9898,7476.0,40,rejected
B15/S6,pair_4,500,48.9898,7476.0,40,rejected
B15/S6,pair_5,500,48.9898,7476.0,40,rejected
B15/S6,pair_6,500,48.9898,7476.0,40,rejected
B15/S6,pair_7,500,48.9898,7476.0,40,rejected
B15/S6,pair_8,500,48.9898,7476.0,40,rejected
B15/S6,pair_9,500,28.2843,7476.0,40,rejected
B15/S6,pair_10,500,28.2843,7476.0,40,rejected
B15/S6,pair_11,500,28.2843,7476.0,40,rejected
B15/S6,tromino_L_0,500,33.2031,4898.6667,40,rejected
B15/S6,tromino_L_1,500,24.1279,4878.0,40,rejected
B15/S6,tromino_L_2,500,33.9297,4898.6667,40,rejected
B15/S6,tromino_L_3,500,24.1279,4878.0,40,rejected
B15/S6,tromino_L_4,500,37.1447,4898.6667,40,rejected
B15/S6,tromino_L_5,500,28.4819,4925.3333,40,rejected
B15/S6,tromino_L_6,500,24.1882,4878.0,40,rejected
B15/S6,tromino_L_7,500,24.1882,4878.0,40,rejected
B15/S6,compact_0,500,28.4819,4925.3333,40,rejected
B15/S6,compact_1,500,20.0,3684.0,40,rejected
B15/S6,compact_2,500,28.2843,5114.0,40,rejected
B15/S6,compact_3,500,20.0,5114.0,40,rejected
B15/S6,compact_4,500,51.1115,2428.0,40,rejected
B15/S6,compact_5,500,50.8416,3625.5,40,rejected
B15/S6,compact_6,500,0.0,3684.0,40,rejected
B15/S6,compact_7,500,23.2219,2916.0,40,rejected
B15/S6,compact_8,500,24.1279,4878.0,40,rejected
B15/S6,compact_9,500,65.6014,2439.8333,40,rejected
B15/S6,compact_10,500,20.0,3750.0,40,rejected
B15/S6,compact_11,500,37.1447,4898.6667,40,rejected
B15/S6,compact_12,500,38.4291,3634.0,40,rejected
B15/S6,compact_13,500,52.7312,2921.8,40,rejected
B15/S6,compact_14,500,47.6301,2425.8333,40,rejected
B15/S6,compact_15,500,20.0,3666.0,40,rejected
B15/S6,compact_16,500,52.5871,2899.8,40,rejected
B15/S6,compact_17,500,47.4267,2892.0,40,rejected
B15/S6,compact_18,500,45.8088,3634.0,40,rejected
B15/S6,compact_19,500,37.2819,3657.5,40,rejected
B15/S6,compact_20,500,80.4189,2942.8,40,rejected
B15/S6,compact_21,500,24.1882,4878.0,40,rejected
B15/S6,compact_22,500,24.8768,3647.0,40,rejected
B15/S6,compact_23,500,57.6044,2434.6667,40,rejected
B15/S6,compact_24,500,33.9297,4898.6667,40,rejected
B57910/S341012,single_bit,1,0.0,inf,inf,rejected
B57910/S341012,pair_0,1,0.0,inf,inf,rejected
B57910/S341012,pair_1,1,0.0,inf,inf,rejected
B57910/S341012,pair_2,1,0.0,inf,inf,rejected
B57910/S341012,pair_3,1,0.0,inf,inf,rejected
B57910/S341012,pair_4,1,0.0,inf,inf,rejected
B57910/S341012,pair_5,1,0.0,inf,inf,rejected
B57910/S341012,pair_6,1,0.0,inf,inf,rejected
B57910/S341012,pair_7,1,0.0,inf,inf,rejected
B57910/S341012,pair_8,1,0.0,inf,inf,rejected
B57910/S341012,pair_9,1,0.0,inf,inf,rejected
B57910/S341012,pair_10,1,0.0,inf,inf,rejected
B57910/S341012,pair_11,1,0.0,inf,inf,rejected
B57910/S341012,tromino_L_0,1,0.0,inf,inf,rejected
B57910/S341012,tromino_L_1,1,0.0,inf,inf,rejected
B57910/S341012,tromino_L_2,1,0.0,inf,inf,rejected
B57910/S341012,tromino_L_3,1,0.0,inf,inf,rejected
B57910/S341012,tromino_L_4,1,0.0,inf,inf,rejected
B57910/S341012,tromino_L_5,1,0.0,inf,inf,rejected
B57910/S341012,tromino_L_6,1,0.0,inf,inf,rejected
B57910/S341012,tromino_L_7,1,0.0,inf,inf,rejected
B57910/S341012,compact_0,1,0.0,inf,inf,rejected
B57910/S341012,compact_1,2,0.0,inf,inf,rejected
B57910/S341012,compact_2,1,0.0,inf,inf,rejected
B57910/S341012,compact_3,1,0.0,inf,inf,rejected
B57910/S341012,compact_4,2,0.6877,inf,inf,rejected
B57910/S341012,compact_5,2,0.6127,inf,inf,rejected
B57910/S341012,compact_6,2,0.0,inf,inf,rejected
B57910/S341012,compact_7,2,0.3646,inf,inf,rejected
B57910/S341012,compact_8,1,0.0,inf,inf,rejected
B57910/S341012,compact_9,3,0.167,inf,inf,rejected
B57910/S341012,compact_10,2,0.0,inf,inf,rejected
B57910/S341012,compact_11,1,0.0,inf,inf,rejected
B57910/S341012,compact_12,1,0.0,inf,inf,rejected
B57910/S341012,compact_13,2,0.3612,inf,inf,rejected
B57910/S341012,compact_14,2,0.4994,inf,inf,rejected
B57910/S341012,compact_15,1,0.0,inf,inf,rejected
B57910/S341012,compact_16,2,0.446,inf,inf,rejected
B57910/S341012,compact_17,2,0.2242,inf,inf,rejected
B57910/S341012,compact_18,1,0.0,inf,inf,rejected
B57910/S341012,compact_19,2,0.2504,inf,inf,rejected
B57910/S341012,compact_20,2,0.4234,inf,inf,rejected
B57910/S341012,compact_21,1,0.0,inf,inf,rejected
B57910/S341012,compact_22,2,0.3541,inf,inf,rejected
B57910/S341012,compact_23,2,0.7234,inf,inf,rejected
B57910/S341012,compact_24,1,0.0,inf,inf,rejected
B5810/S145810,single_bit,1,0.0,inf,inf,rejected
B5810/S145810,pair_0,500,0.0,1.0,2,rejected
B5810/S145810,pair_1,500,0.0,1.0,2,rejected
B5810/S145810,pair_2,500,0.0,1.0,2,rejected
B5810/S145810,pair_3,500,0.0,1.0,2,rejected
B5810/S145810,pair_4,500,0.0,1.0,2,rejected
B5810/S145810,pair_5,500,0.0,1.0,2,rejected
B5810/S145810,pair_6,500,0.0,1.0,2,rejected
B5810/S145810,pair_7,500,0.0,1.0,2,rejected
B5810/S145810,pair_8,500,0.0,1.0,2,rejected
B5810/S145810,pair_9,500,0.0,1.0,2,rejected
B5810/S145810,pair_10,500,0.0,1.0,2,rejected
B5810/S145810,pair_11,500,0.0,1.0,2,rejected
B5810/S145810,tromino_L_0,2,0.2361,inf,inf,rejected
B5810/S145810,tromino_L_1,1,0.0,inf,inf,rejected
B5810/S145810,tromino_L_2,2,0.167,inf,inf,rejected
B5810/S145810,tromino_L_3,1,0.0,inf,inf,rejected
B5810/S145810,tromino_L_4,2,0.2361,inf,inf,rejected
B5810/S145810,tromino_L_5,2,0.167,inf,inf,rejected
B5810/S145810,tromino_L_6,1,0.0,inf,inf,rejected
B5810/S145810,tromino_L_7,1,0.0,inf,inf,rejected
B5810/S145810,compact_0,2,0.167,inf,inf,rejected
B5810/S145810,compact_1,1,0.0,inf,inf,rejected
B5810/S145810,compact_2,2,0.0,inf,inf,rejected
B5810/S145810,compact_3,2,0.0,inf,inf,rejected
B5810/S145810,compact_4,2,1.8627,inf,inf,rejected
B5810/S145810,compact_5,2,1.5422,inf,inf,rejected
B5810/S145810,compact_6,1,0.0,inf,inf,rejected
B5810/S145810,compact_7,2,0.4473,inf,inf,rejected
B5810/S145810,compact_8,1,0.0,inf,inf,rejected
B5810/S145810,compact_9,500,0.167,0.3333,2,rejected
B5810/S145810,compact_10,2,0.0,inf,inf,rejected
B5810/S145810,compact_11,2,0.2361,inf,inf,rejected
B5810/S145810,compact_12,2,0.4341,inf,inf,rejected
B5810/S145810,compact_13,500,0.616,0.4,2,rejected
B5810/S145810,compact_14,2,0.167,inf,inf,rejected
B5810/S145810,compact_15,2,0.0,inf,inf,rejected
B5810/S145810,compact_16,2,0.3678,inf,inf,rejected
B5810/S145810,compact_17,2,0.9482,inf,inf,rejected
B5810/S145810,compact_18,2,0.2504,inf,inf,rejected
B5810/S145810,compact_19,1,0.0,inf,inf,rejected
B5810/S145810,compact_20,500,0.9908,0.4,2,rejected
B5810/S145810,compact_21,1,0.0,inf,inf,rejected
B5810/S145810,compact_22,2,1.621,inf,inf,rejected
B5810/S145810,compact_23,2,1.3966,inf,inf,rejected
B5810/S145810,compact_24,2,0.167,inf,inf,rejected
B2589/S6,single_bit,1,0.0,inf,inf,rejected
B2589/S6,pair_0,500,28.2843,8823.0,40,rejected
B2589/S6,pair_1,500,28.2843,8823.0,40,rejected
B2589/S6,pair_2,500,28.2843,8823.0,40,rejected
B2589/S6,pair_3,500,28.2843,8823.0,40,rejected
B2589/S6,pair_4,500,34.641,8823.0,40,rejected
B2589/S6,pair_5,500,34.641,8823.0,40,rejected
B2589/S6,pair_6,500,28.2843,8823.0,40,rejected
B2589/S6,pair_7,500,20.0,8823.0,40,rejected
B2589/S6,pair_8,500,20.0,8823.0,40,rejected
B2589/S6,pair_9,500,28.2843,8823.0,40,rejected
B2589/S6,pair_10,500,20.0,8823.0,40,rejected
B2589/S6,pair_11,500,20.0,8823.0,40,rejected
B2589/S6,tromino_L_0,500,40.0028,5765.3333,40,rejected
B2589/S6,tromino_L_1,500,48.9807,5898.3333,40,rejected
B2589/S6,tromino_L_2,500,44.7226,5765.3333,40,rejected
B2589/S6,tromino_L_3,500,48.9807,5898.3333,40,rejected
B2589/S6,tromino_L_4,500,20.0055,5765.3333,40,rejected
B2589/S6,tromino_L_5,500,54.1983,5915.6667,40,rejected
B2589/S6,tromino_L_6,500,28.4564,5898.3333,40,rejected
B2589/S6,tromino_L_7,500,28.4564,5898.3333,40,rejected
B2589/S6,compact_0,500,54.1983,5915.6667,40,rejected
B2589/S6,compact_1,500,28.2843,4400.0,40,rejected
B2589/S6,compact_2,500,20.0,6138.3333,40,rejected
B2589/S6,compact_3,500,20.0,6138.3333,40,rejected
B2589/S6,compact_4,500,41.3095,2843.6667,40,rejected
B2589/S6,compact_5,500,68.0005,4269.0,40,rejected
B2589/S6,compact_6,500,20.0,4400.0,40,rejected
B2589/S6,compact_7,500,48.4432,3428.0,40,rejected
B2589/S6,compact_8,500,48.9807,5898.3333,40,rejected
B2589/S6,compact_9,500,38.1395,2845.6667,40,rejected
B2589/S6,compact_10,500,28.2843,4492.25,40,rejected
B2589/S6,compact_11,500,20.0055,5765.3333,40,rejected
B2589/S6,compact_12,500,56.1148,4260.75,40,rejected
B2589/S6,compact_13,500,81.4341,3413.2,40,rejected
B2589/S6,compact_14,500,49.6989,2852.3333,40,rejected
B2589/S6,compact_15,500,20.0,4449.5,40,rejected
B2589/S6,compact_16,500,83.0841,3415.8,40,rejected
B2589/S6,compact_17,500,34.7521,3405.6,40,rejected
B2589/S6,compact_18,500,34.8209,4260.75,40,rejected
B2589/S6,compact_19,500,28.1083,4424.0,40,rejected
B2589/S6,compact_20,500,20.0045,3474.0,40,rejected
B2589/S6,compact_21,500,28.4564,5898.3333,40,rejected
B2589/S6,compact_22,500,35.9556,4292.5,40,rejected
B2589/S6,compact_23,500,38.186,2846.1667,40,rejected
B2589/S6,compact_24,500,44.7226,5765.3333,40,rejected
B9/S267911,single_bit,1,0.0,inf,inf,rejected
B9/S267911,pair_0,1,0.0,inf,inf,rejected
B9/S267911,pair_1,1,0.0,inf,inf,rejected
B9/S267911,pair_2,1,0.0,inf,inf,rejected
B9/S267911,pair_3,1,0.0,inf,inf,rejected
B9/S267911,pair_4,1,0.0,inf,inf,rejected
B9/S267911,pair_5,1,0.0,inf,inf,rejected
B9/S267911,pair_6,1,0.0,inf,inf,rejected
B9/S267911,pair_7,1,0.0,inf,inf,rejected
B9/S267911,pair_8,1,0.0,inf,inf,rejected
B9/S267911,pair_9,1,0.0,inf,inf,rejected
B9/S267911,pair_10,1,0.0,inf,inf,rejected
B9/S267911,pair_11,1,0.0,inf,inf,rejected
B9/S267911,tromino_L_0,2,0.471,inf,inf,rejected
B9/S267911,tromino_L_1,500,0.0,1.0,2,rejected
B9/S267911,tromino_L_2,2,0.333,inf,inf,rejected
B9/S267911,tromino_L_3,500,0.0,1.0,2,rejected
B9/S267911,tromino_L_4,2,0.471,inf,inf,rejected
B9/S267911,tromino_L_5,2,0.333,inf,inf,rejected
B9/S267911,tromino_L_6,500,0.0,1.0,2,rejected
B9/S267911,tromino_L_7,500,0.0,1.0,2,rejected
B9/S267911,compact_0,2,0.333,inf,inf,rejected
B9/S267911,compact_1,2,0.0,inf,inf,rejected
B9/S267911,compact_2,2,0.0,inf,inf,rejected
B9/S267911,compact_3,2,0.0,inf,inf,rejected
B9/S267911,compact_4,2,0.3439,inf,inf,rejected
B9/S267911,compact_5,2,0.7893,inf,inf,rejected
B9/S267911,compact_6,2,0.0,inf,inf,rejected
B9/S267911,compact_7,2,0.548,inf,inf,rejected
B9/S267911,compact_8,500,0.0,1.0,2,rejected
B9/S267911,compact_9,2,0.333,inf,inf,rejected
B9/S267911,compact_10,1,0.0,inf,inf,rejected
B9/S267911,compact_11,2,0.471,inf,inf,rejected
B9/S267911,compact_12,2,0.4319,inf,inf,rejected
B9/S267911,compact_13,2,0.5745,inf,inf,rejected
B9/S267911,compact_14,2,0.6015,inf,inf,rejected
B9/S267911,compact_15,2,0.0,inf,inf,rejected
B9/S267911,compact_16,2,1.1838,inf,inf,rejected
B9/S267911,compact_17,2,1.6128,inf,inf,rejected
B9/S267911,compact_18,2,0.2496,inf,inf,rejected
B9/S267911,compact_19,2,0.2496,inf,inf,rejected
B9/S267911,compact_20,2,0.4234,inf,inf,rejected
B9/S267911,compact_21,500,0.0,1.0,2,rejected
B9/S267911,compact_22,2,0.9346,inf,inf,rejected
B9/S267911,compact_23,2,0.8325,inf,inf,rejected
B9/S267911,compact_24,2,0.333,inf,inf,rejected
B11/S349,single_bit,1,0.0,inf,inf,rejected
B11/S349,pair_0,1,0.0,inf,inf,rejected
B11/S349,pair_1,1,0.0,inf,inf,rejected
B11/S349,pair_2,1,0.0,inf,inf,rejected
B11/S349,pair_3,1,0.0,inf,inf,rejected
B11/S349,pair_4,1,0.0,inf,inf,rejected
B11/S349,pair_5,1,0.0,inf,inf,rejected
B11/S349,pair_6,1,0.0,inf,inf,rejected
B11/S349,pair_7,1,0.0,inf,inf,rejected
B11/S349,pair_8,1,0.0,inf,inf,rejected
B11/S349,pair_9,1,0.0,inf,inf,rejected
B11/S349,pair_10,1,0.0,inf,inf,rejected
B11/S349,pair_11,1,0.0,inf,inf,rejected
B11/S349,tromino_L_0,1,0.0,inf,inf,rejected
B11/S349,tromino_L_1,1,0.0,inf,inf,rejected
B11/S349,tromino_L_2,1,0.0,inf,inf,rejected
B11/S349,tromino_L_3,1,0.0,inf,inf,rejected
B11/S349,tromino_L_4,1,0.0,inf,inf,rejected
B11/S349,tromino_L_5,1,0.0,inf,inf,rejected
B11/S349,tromino_L_6,1,0.0,inf,inf,rejected
B11/S349,tromino_L_7,1,0.0,inf,inf,rejected
B11/S349,compact_0,1,0.0,inf,inf,rejected
B11/S349,compact_1,2,0.0,inf,inf,rejected
B11/S349,compact_2,1,0.0,inf,inf,rejected
B11/S349,compact_3,1,0.0,inf,inf,rejected
B11/S349,compact_4,2,0.6877,inf,inf,rejected
B11/S349,compact_5,2,0.6127,inf,inf,rejected
B11/S349,compact_6,2,0.0,inf,inf,rejected
B11/S349,compact_7,2,0.3646,inf,inf,rejected
B11/S349,compact_8,1,0.0,inf,inf,rejected
B11/S349,compact_9,3,0.167,inf,inf,rejected
B11/S349,compact_10,2,0.0,inf,inf,rejected
B11/S349,compact_11,1,0.0,inf,inf,rejected
B11/S349,compact_12,1,0.0,inf,inf,rejected
B11/S349,compact_13,2,0.3612,inf,inf,rejected
B11/S349,compact_14,2,0.4994,inf,inf,rejected
B11/S349,compact_15,1,0.0,inf,inf,rejected
B11/S349,compact_16,2,0.446,inf,inf,rejected
B11/S349,compact_17,2,0.2242,inf,inf,rejected
B11/S349,compact_18,1,0.0,inf,inf,rejected
B11/S349,compact_19,2,0.2504,inf,inf,rejected
B11/S349,compact_20,2,0.4234,inf,inf,rejected
B11/S349,compact_21,1,0.0,inf,inf,rejected
B11/S349,compact_22,2,0.3541,inf,inf,rejected
B11/S349,compact_23,2,0.7234,inf,inf,rejected
B11/S349,compact_24,1,0.0,inf,inf,rejected
B9/S8,single_bit,1,0.0,inf,inf,rejected
B9/S8,pair_0,1,0.0,inf,inf,rejected
B9/S8,pair_1,1,0.0,inf,inf,rejected
B9/S8,pair_2,1,0.0,inf,inf,rejected
B9/S8,pair_3,1,0.0,inf,inf,rejected
B9/S8,pair_4,1,0.0,inf,inf,rejected
B9/S8,pair_5,1,0.0,inf,inf,rejected
B9/S8,pair_6,1,0.0,inf,inf,rejected
B9/S8,pair_7,1,0.0,inf,inf,rejected
B9/S8,pair_8,1,0.0,inf,inf,rejected
B9/S8,pair_9,1,0.0,inf,inf,rejected
B9/S8,pair_10,1,0.0,inf,inf,rejected
B9/S8,pair_11,1,0.0,inf,inf,rejected
B9/S8,tromino_L_0,1,0.0,inf,inf,rejected
B9/S8,tromino_L_1,1,0.0,inf,inf,rejected
B9/S8,tromino_L_2,1,0.0,inf,inf,rejected
B9/S8,tromino_L_3,1,0.0,inf,inf,rejected
B9/S8,tromino_L_4,1,0.0,inf,inf,rejected
B9/S8,tromino_L_5,1,0.0,inf,inf,rejected
B9/S8,tromino_L_6,1,0.0,inf,inf,rejected
B9/S8,tromino_L_7,1,0.0,inf,inf,rejected
B9/S8,compact_0,1,0.0,inf,inf,rejected
B9/S8,compact_1,1,0.0,inf,inf,rejected
B9/S8,compact_2,1,0.0,inf,inf,rejected
B9/S8,compact_3,1,0.0,inf,inf,rejected
B9/S8,compact_4,1,0.0,inf,inf,rejected
B9/S8,compact_5,1,0.0,inf,inf,rejected
B9/S8,compact_6,1,0.0,inf,inf,rejected
B9/S8,compact_7,1,0.0,inf,inf,rejected
B9/S8,compact_8,1,0.0,inf,inf,rejected
B9/S8,compact_9,1,0.0,inf,inf,rejected
B9/S8,compact_10,1,0.0,inf,inf,rejected
B9/S8,compact_11,1,0.0,inf,inf,rejected
B9/S8,compact_12,1,0.0,inf,inf,rejected
B9/S8,compact_13,1,0.0,inf,inf,rejected
B9/S8,compact_14,1,0.0,inf,inf,rejected
B9/S8,compact_15,1,0.0,inf,inf,rejected
B9/S8,compact_16,1,0.0,inf,inf,rejected
B9/S8,compact_17,1,0.0,inf,inf,rejected
B9/S8,compact_18,1,0.0,inf,inf,rejected
B9/S8,compact_19,1,0.0,inf,inf,rejected
B9/S8,compact_20,1,0.0,inf,inf,rejected
B9/S8,compact_21,1,0.0,inf,inf,rejected
B9/S8,compact_22,1,0.0,inf,inf,rejected
B9/S8,compact_23,1,0.0,inf,inf,rejected
B9/S8,compact_24,1,0.0,inf,inf,rejected
B34/S234811,single_bit,1,0.0,inf,inf,rejected
B34/S234811,pair_0,1,0.0,inf,inf,rejected
B34/S234811,pair_1,1,0.0,inf,inf,rejected
B34/S234811,pair_2,1,0.0,inf,inf,rejected
B34/S234811,pair_3,1,0.0,inf,inf,rejected
B34/S234811,pair_4,1,0.0,inf,inf,rejected
B34/S234811,pair_5,1,0.0,inf,inf,rejected
B34/S234811,pair_6,1,0.0,inf,inf,rejected
B34/S234811,pair_7,1,0.0,inf,inf,rejected
B34/S234811,pair_8,1,0.0,inf,inf,rejected
B34/S234811,pair_9,1,0.0,inf,inf,rejected
B34/S234811,pair_10,1,0.0,inf,inf,rejected
B34/S234811,pair_11,1,0.0,inf,inf,rejected
B34/S234811,tromino_L_0,2,0.2361,inf,inf,rejected
B34/S234811,tromino_L_1,500,0.3436,1.3333,2,rejected
B34/S234811,tromino_L_2,2,0.167,inf,inf,rejected
B34/S234811,tromino_L_3,500,0.3436,1.3333,2,rejected
B34/S234811,tromino_L_4,2,0.2361,inf,inf,rejected
B34/S234811,tromino_L_5,500,0.0,1.0,3,rejected
B34/S234811,tromino_L_6,500,0.2504,1.3333,2,rejected
B34/S234811,tromino_L_7,500,0.2504,1.3333,2,rejected
B34/S234811,compact_0,500,0.0,1.0,3,rejected
B34/S234811,compact_1,500,40.0,6550.0,40,rejected
B34/S234811,compact_2,2,0.0,inf,inf,rejected
B34/S234811,compact_3,2,0.0,inf,inf,rejected
B34/S234811,compact_4,500,42.7625,4248.5,40,rejected
B34/S234811,compact_5,500,25.5548,6455.0,40,rejected
B34/S234811,compact_6,500,40.0,6550.0,40,rejected
B34/S234811,compact_7,500,36.4865,5116.2,40,rejected
B34/S234811,compact_8,500,0.3436,1.3333,2,rejected
B34/S234811,compact_9,500,68.1792,4190.0,40,rejected
B34/S234811,compact_10,500,0.0,1.0,3,rejected
B34/S234811,compact_11,2,0.2361,inf,inf,rejected
B34/S234811,compact_12,500,0.353,1.0,2,rejected
B34/S234811,compact_13,500,34.9299,5116.2,40,rejected
B34/S234811,compact_14,500,63.7784,4221.6667,40,rejected
B34/S234811,compact_15,2,0.0,inf,inf,rejected
B34/S234811,compact_16,500,47.9688,5147.0,40,rejected
B34/S234811,compact_17,500,65.4379,5104.6,40,rejected
B34/S234811,compact_18,500,0.3541,1.0,2,rejected
B34/S234811,compact_19,500,67.7421,6455.0,40,rejected
B34/S234811,compact_20,500,7.9194,5194.4,40,rejected
B34/S234811,compact_21,500,0.2504,1.3333,2,rejected
B34/S234811,compact_22,500,44.7091,6455.0,40,rejected
B34/S234811,compact_23,500,44.4131,4338.6667,40,rejected
B34/S234811,compact_24,2,0.167,inf,inf,rejected
B211/S356891011,single_bit,1,0.0,inf,inf,rejected
B211/S356891011,pair_0,500,28.2843,9148.0,40,rejected
B211/S356891011,pair_1,500,28.2843,9148.0,40,rejected
B211/S356891011,pair_2,500,28.2843,9148.0,40,rejected
B211/S356891011,pair_3,500,28.2843,9148.0,40,rejected
B211/S356891011,pair_4,500,34.641,9148.0,40,rejected
B211/S356891011,pair_5,500,34.641,9148.0,40,rejected
B211/S356891011,pair_6,500,48.9898,9148.0,40,rejected
B211/S356891011,pair_7,500,44.7214,9148.0,40,rejected
B211/S356891011,pair_8,500,44.7214,9148.0,40,rejected
B211/S356891011,pair_9,500,48.9898,9148.0,40,rejected
B211/S356891011,pair_10,500,44.7214,9148.0,40,rejected
B211/S356891011,pair_11,500,44.7214,9148.0,40,rejected
B211/S356891011,tromino_L_0,500,0.471,5903.6667,40,rejected
B211/S356891011,tromino_L_1,500,34.8923,6124.0,40,rejected
B211/S356891011,tromino_L_2,500,20.0028,5903.6667,40,rejected
B211/S356891011,tromino_L_3,500,34.8923,6124.0,40,rejected
B211/S356891011,tromino_L_4,500,28.5227,5903.6667,40,rejected
B211/S356891011,tromino_L_5,500,53.0362,6235.3333,40,rejected
B211/S356891011,tromino_L_6,500,31.4201,6124.0,40,rejected
B211/S356891011,tromino_L_7,500,31.4201,6124.0,40,rejected
B211/S356891011,compact_0,500,28.6996,6235.3333,40,rejected
B211/S356891011,compact_1,500,44.7214,4466.0,40,rejected
B211/S356891011,compact_2,500,28.2843,6176.0,40,rejected
B211/S356891011,compact_3,500,28.2843,6176.0,40,rejected
B211/S356891011,compact_4,500,49.1706,2900.8333,40,rejected
B211/S356891011,compact_5,500,59.8857,4334.75,40,rejected
B211/S356891011,compact_6,500,40.0,4466.0,40,rejected
B211/S356891011,compact_7,500,59.8945,3468.4,40,rejected
B211/S356891011,compact_8,500,34.8923,6124.0,40,rejected
B211/S356891011,compact_9,500,36.1669,2909.5,40,rejected
B211/S356891011,compact_10,500,0.0,4745.25,40,rejected
B211/S356891011,compact_11,500,28.5227,5903.6667,40,rejected
B211/S356891011,compact_12,500,16.3682,4374.5,40,rejected
B211/S356891011,compact_13,500,36.0483,3493.8,40,rejected
B211/S356891011,compact_14,500,23.4615,2911.5,40,rejected
B211/S356891011,compact_15,500,66.3325,4568.0,40,rejected
B211/S356891011,compact_16,500,63.6582,3471.6,40,rejected
B211/S356891011,compact_17,500,35.0235,3486.0,40,rejected
B211/S356891011,compact_18,500,36.2733,4374.5,40,rejected
B211/S356891011,compact_19,500,50.1235,4471.5,40,rejected
B211/S356891011,compact_20,500,11.9524,3512.8,40,rejected
B211/S356891011,compact_21,500,31.4201,6124.0,40,rejected
B211/S356891011,compact_22,500,70.3874,4340.25,40,rejected
B211/S356891011,compact_23,500,38.2946,2885.8333,40,rejected
B211/S356891011,compact_24,500,20.0028,5903.6667,40,rejected
B1357910/S12348910,single_bit,500,0.0,32732.0,40,rejected
B1357910/S12348910,pair_0,500,20.0,15622.0,40,rejected
B1357910/S12348910,pair_1,500,44.7214,15622.0,40,rejected
B1357910/S12348910,pair_2,500,20.0,15622.0,40,rejected
B1357910/S12348910,pair_3,500,44.7214,15622.0,40,rejected
B1357910/S12348910,pair_4,500,0.0,15622.0,40,rejected
B1357910/S12348910,pair_5,500,40.0,15622.0,40,rejected
B1357910/S12348910,pair_6,500,40.0,15622.0,40,rejected
B1357910/S12348910,pair_7,500,44.7214,15622.0,40,rejected
B1357910/S12348910,pair_8,500,44.7214,15622.0,40,rejected
B1357910/S12348910,pair_9,500,40.0,15622.0,40,rejected
B1357910/S12348910,pair_10,500,44.7214,15622.0,40,rejected
B1357910/S12348910,pair_11,500,20.0,15622.0,40,rejected
B1357910/S12348910,tromino_L_0,500,40.4818,10170.0,40,rejected
B1357910/S12348910,tromino_L_1,500,48.0554,10314.3333,40,rejected
B1357910/S12348910,tromino_L_2,500,37.6748,10170.0,40,rejected
B1357910/S12348910,tromino_L_3,500,48.0554,10314.3333,40,rejected
B1357910/S12348910,tromino_L_4,500,37.302,10170.0,40,rejected
B1357910/S12348910,tromino_L_5,500,21.5718,10252.3333,40,rejected
B1357910/S12348910,tromino_L_6,500,44.0373,10314.3333,40,rejected
B1357910/S12348910,tromino_L_7,500,44.0373,10314.3333,40,rejected
B1357910/S12348910,compact_0,500,21.5718,10252.3333,40,rejected
B1357910/S12348910,compact_1,500,40.0,7721.0,40,rejected
B1357910/S12348910,compact_2,500,20.0,10332.3333,40,rejected
B1357910/S12348910,compact_3,500,28.2843,10332.3333,40,rejected
B1357910/S12348910,compact_4,500,56.233,5047.5,40,rejected
B1357910/S12348910,compact_5,500,57.4282,7557.75,40,rejected
B1357910/S12348910,compact_6,500,0.0,7721.0,40,rejected
B1357910/S12348910,compact_7,500,51.4954,6045.4,40,rejected
B1357910/S12348910,compact_8,500,48.0554,10314.3333,40,rejected
B1357910/S12348910,compact_9,500,58.413,5038.3333,40,rejected
B1357910/S12348910,compact_10,500,0.0,7746.25,40,rejected
B1357910/S12348910,compact_11,500,37.302,10170.0,40,rejected
B1357910/S12348910,compact_12,500,50.5404,7559.5,40,rejected
B1357910/S12348910,compact_13,500,57.0968,6061.0,40,rejected
B1357910/S12348910,compact_14,500,61.7913,5052.6667,40,rejected
B1357910/S12348910,compact_15,500,28.2843,7788.0,40,rejected
B1357910/S12348910,compact_16,500,26.2902,6051.6,40,rejected
B1357910/S12348910,compact_17,500,42.8469,6053.2,40,rejected
B1357910/S12348910,compact_18,500,42.5887,7559.5,40,rejected
B1357910/S12348910,compact_19,500,68.856,7672.0,40,rejected
B1357910/S12348910,compact_20,500,34.2309,6079.4,40,rejected
B1357910/S12348910,compact_21,500,44.0373,10314.3333,40,rejected
B1357910/S12348910,compact_22,500,59.4391,7567.25,40,rejected
B1357910/S12348910,compact_23,500,51.2601,5035.5,40,rejected
B1357910/S12348910,compact_24,500,37.6748,10170.0,40,rejected
B7910/S38911,single_bit,1,0.0,inf,inf,rejected
B7910/S38911,pair_0,1,0.0,inf,inf,rejected
B7910/S38911,pair_1,1,0.0,inf,inf,rejected
B7910/S38911,pair_2,1,0.0,inf,inf,rejected
B7910/S38911,pair_3,1,0.0,inf,inf,rejected
B7910/S38911,pair_4,1,0.0,inf,inf,rejected
B7910/S38911,pair_5,1,0.0,inf,inf,rejected
B7910/S38911,pair_6,1,0.0,inf,inf,rejected
B7910/S38911,pair_7,1,0.0,inf,inf,rejected
B7910/S38911,pair_8,1,0.0,inf,inf,rejected
B7910/S38911,pair_9,1,0.0,inf,inf,rejected
B7910/S38911,pair_10,1,0.0,inf,inf,rejected
B7910/S38911,pair_11,1,0.0,inf,inf,rejected
B7910/S38911,tromino_L_0,1,0.0,inf,inf,rejected
B7910/S38911,tromino_L_1,1,0.0,inf,inf,rejected
B7910/S38911,tromino_L_2,1,0.0,inf,inf,rejected
B7910/S38911,tromino_L_3,1,0.0,inf,inf,rejected
B7910/S38911,tromino_L_4,1,0.0,inf,inf,rejected
B7910/S38911,tromino_L_5,1,0.0,inf,inf,rejected
B7910/S38911,tromino_L_6,1,0.0,inf,inf,rejected
B7910/S38911,tromino_L_7,1,0.0,inf,inf,rejected
B7910/S38911,compact_0,1,0.0,inf,inf,rejected
B7910/S38911,compact_1,2,0.0,inf,inf,rejected
B7910/S38911,compact_2,1,0.0,inf,inf,rejected
B7910/S38911,compact_3,1,0.0,inf,inf,rejected
B7910/S38911,compact_4,2,0.6877,inf,inf,rejected
B7910/S38911,compact_5,2,0.6127,inf,inf,rejected
B7910/S38911,compact_6,2,0.0,inf,inf,rejected
B7910/S38911,compact_7,2,0.5913,inf,inf,rejected
B7910/S38911,compact_8,1,0.0,inf,inf,rejected
B7910/S38911,compact_9,2,0.167,inf,inf,rejected
B7910/S38911,compact_10,2,0.0,inf,inf,rejected
B7910/S38911,compact_11,1,0.0,inf,inf,rejected
B7910/S38911,compact_12,1,0.0,inf,inf,rejected
B7910/S38911,compact_13,2,0.8251,inf,inf,rejected
B7910/S38911,compact_14,2,1.3012,inf,inf,rejected
B7910/S38911,compact_15,1,0.0,inf,inf,rejected
B7910/S38911,compact_16,2,0.446,inf,inf,rejected
B7910/S38911,compact_17,2,0.2242,inf,inf,rejected
B7910/S38911,compact_18,1,0.0,inf,inf,rejected
B7910/S38911,compact_19,2,0.2504,inf,inf,rejected
B7910/S38911,compact_20,2,1.1305,inf,inf,rejected
B7910/S38911,compact_21,1,0.0,inf,inf,rejected
B7910/S38911,compact_22,2,0.3541,inf,inf,rejected
B7910/S38911,compact_23,2,0.7234,inf,inf,rejected
B7910/S38911,compact_24,1,0.0,inf,inf,rejected
B7/S27811,single_bit,1,0.0,inf,inf,rejected
B7/S27811,pair_0,1,0.0,inf,inf,rejected
B7/S27811,pair_1,1,0.0,inf,inf,rejected
B7/S27811,pair_2,1,0.0,inf,inf,rejected
B7/S27811,pair_3,1,0.0,inf,inf,rejected
B7/S27811,pair_4,1,0.0,inf,inf,rejected
B7/S27811,pair_5,1,0.0,inf,inf,rejected
B7/S27811,pair_6,1,0.0,inf,inf,rejected
B7/S27811,pair_7,1,0.0,inf,inf,rejected
B7/S27811,pair_8,1,0.0,inf,inf,rejected
B7/S27811,pair_9,1,0.0,inf,inf,rejected
B7/S27811,pair_10,1,0.0,inf,inf,rejected
B7/S27811,pair_11,1,0.0,inf,inf,rejected
B7/S27811,tromino_L_0,2,0.471,inf,inf,rejected
B7/S27811,tromino_L_1,500,0.0,1.0,2,rejected
B7/S27811,tromino_L_2,2,0.333,inf,inf,rejected
B7/S27811,tromino_L_3,500,0.0,1.0,2,rejected
B7/S27811,tromino_L_4,2,0.471,inf,inf,rejected
B7/S27811,tromino_L_5,2,0.333,inf,inf,rejected
B7/S27811,tromino_L_6,500,0.0,1.0,2,rejected
B7/S27811,tromino_L_7,500,0.0,1.0,2,rejected
B7/S27811,compact_0,2,0.333,inf,inf,rejected
B7/S27811,compact_1,2,0.0,inf,inf,rejected
B7/S27811,compact_2,2,0.0,inf,inf,rejected
B7/S27811,compact_3,2,0.0,inf,inf,rejected
B7/S27811,compact_4,2,0.3439,inf,inf,rejected
B7/S27811,compact_5,2,0.7893,inf,inf,rejected
B7/S27811,compact_6,2,0.0,inf,inf,rejected
B7/S27811,compact_7,2,0.548,inf,inf,rejected
B7/S27811,compact_8,500,0.0,1.0,2,rejected
B7/S27811,compact_9,2,0.333,inf,inf,rejected
B7/S27811,compact_10,1,0.0,inf,inf,rejected
B7/S27811,compact_11,2,0.471,inf,inf,rejected
B7/S27811,compact_12,2,0.4319,inf,inf,rejected
B7/S27811,compact_13,2,0.5745,inf,inf,rejected
B7/S27811,compact_14,2,0.6015,inf,inf,rejected
B7/S27811,compact_15,2,0.0,inf,inf,rejected
B7/S27811,compact_16,2,1.1838,inf,inf,rejected
B7/S27811,compact_17,2,1.6128,inf,inf,rejected
B7/S27811,compact_18,2,0.2496,inf,inf,rejected
B7/S27811,compact_19,2,0.2496,inf,inf,rejected
B7/S27811,compact_20,2,0.4234,inf,inf,rejected
B7/S27811,compact_21,500,0.0,1.0,2,rejected
B7/S27811,compact_22,2,0.9346,inf,inf,rejected
B7/S27811,compact_23,2,0.8325,inf,inf,rejected
B7/S27811,compact_24,2,0.333,inf,inf,rejected
B811/S411,single_bit,1,0.0,inf,inf,rejected
B811/S411,pair_0,1,0.0,inf,inf,rejected
B811/S411,pair_1,1,0.0,inf,inf,rejected
B811/S411,pair_2,1,0.0,inf,inf,rejected
B811/S411,pair_3,1,0.0,inf,inf,rejected
B811/S411,pair_4,1,0.0,inf,inf,rejected
B811/S411,pair_5,1,0.0,inf,inf,rejected
B811/S411,pair_6,1,0.0,inf,inf,rejected
B811/S411,pair_7,1,0.0,inf,inf,rejected
B811/S411,pair_8,1,0.0,inf,inf,rejected
B811/S411,pair_9,1,0.0,inf,inf,rejected
B811/S411,pair_10,1,0.0,inf,inf,rejected
B811/S411,pair_11,1,0.0,inf,inf,rejected
B811/S411,tromino_L_0,1,0.0,inf,inf,rejected
B811/S411,tromino_L_1,1,0.0,inf,inf,rejected
B811/S411,tromino_L_2,1,0.0,inf,inf,rejected
B811/S411,tromino_L_3,1,0.0,inf,inf,rejected
B811/S411,tromino_L_4,1,0.0,inf,inf,rejected
B811/S411,tromino_L_5,1,0.0,inf,inf,rejected
B811/S411,tromino_L_6,1,0.0,inf,inf,rejected
B811/S411,tromino_L_7,1,0.0,inf,inf,rejected
B811/S411,compact_0,1,0.0,inf,inf,rejected
B811/S411,compact_1,1,0.0,inf,inf,rejected
B811/S411,compact_2,1,0.0,inf,inf,rejected
B811/S411,compact_3,1,0.0,inf,inf,rejected
B811/S411,compact_4,1,0.0,inf,inf,rejected
B811/S411,compact_5,1,0.0,inf,inf,rejected
B811/S411,compact_6,1,0.0,inf,inf,rejected
B811/S411,compact_7,2,0.4473,inf,inf,rejected
B811/S411,compact_8,1,0.0,inf,inf,rejected
B811/S411,compact_9,2,0.167,inf,inf,rejected
B811/S411,compact_10,1,0.0,inf,inf,rejected
B811/S411,compact_11,1,0.0,inf,inf,rejected
B811/S411,compact_12,1,0.0,inf,inf,rejected
B811/S411,compact_13,2,0.283,inf,inf,rejected
B811/S411,compact_14,2,0.5267,inf,inf,rejected
B811/S411,compact_15,1,0.0,inf,inf,rejected
B811/S411,compact_16,1,0.0,inf,inf,rejected
B811/S411,compact_17,1,0.0,inf,inf,rejected
B811/S411,compact_18,1,0.0,inf,inf,rejected
B811/S411,compact_19,1,0.0,inf,inf,rejected
B811/S411,compact_20,2,0.2837,inf,inf,rejected
B811/S411,compact_21,1,0.0,inf,inf,rejected
B811/S411,compact_22,1,0.0,inf,inf,rejected
B811/S411,compact_23,1,0.0,inf,inf,rejected
B811/S411,compact_24,1,0.0,inf,inf,rejected
B11/S568,single_bit,1,0.0,inf,inf,rejected
B11/S568,pair_0,1,0.0,inf,inf,rejected
B11/S568,pair_1,1,0.0,inf,inf,rejected
B11/S568,pair_2,1,0.0,inf,inf,rejected
B11/S568,pair_3,1,0.0,inf,inf,rejected
B11/S568,pair_4,1,0.0,inf,inf,rejected
B11/S568,pair_5,1,0.0,inf,inf,rejected
B11/S568,pair_6,1,0.0,inf,inf,rejected
B11/S568,pair_7,1,0.0,inf,inf,rejected
B11/S568,pair_8,1,0.0,inf,inf,rejected
B11/S568,pair_9,1,0.0,inf,inf,rejected
B11/S568,pair_10,1,0.0,inf,inf,rejected
B11/S568,pair_11,1,0.0,inf,inf,rejected
B11/S568,tromino_L_0,1,0.0,inf,inf,rejected
B11/S568,tromino_L_1,1,0.0,inf,inf,rejected
B11/S568,tromino_L_2,1,0.0,inf,inf,rejected
B11/S568,tromino_L_3,1,0.0,inf,inf,rejected
B11/S568,tromino_L_4,1,0.0,inf,inf,rejected
B11/S568,tromino_L_5,1,0.0,inf,inf,rejected
B11/S568,tromino_L_6,1,0.0,inf,inf,rejected
B11/S568,tromino_L_7,1,0.0,inf,inf,rejected
B11/S568,compact_0,1,0.0,inf,inf,rejected
B11/S568,compact_1,1,0.0,inf,inf,rejected
B11/S568,compact_2,1,0.0,inf,inf,rejected
B11/S568,compact_3,1,0.0,inf,inf,rejected
B11/S568,compact_4,1,0.0,inf,inf,rejected
B11/S568,compact_5,1,0.0,inf,inf,rejected
B11/S568,compact_6,1,0.0,inf,inf,rejected
B11/S568,compact_7,1,0.0,inf,inf,rejected
B11/S568,compact_8,1,0.0,inf,inf,rejected
B11/S568,compact_9,1,0.0,inf,inf,rejected
B11/S568,compact_10,1,0.0,inf,inf,rejected
B11/S568,compact_11,1,0.0,inf,inf,rejected
B11/S568,compact_12,1,0.0,inf,inf,rejected
B11/S568,compact_13,1,0.0,inf,inf,rejected
B11/S568,compact_14,2,0.6015,inf,inf,rejected
B11/S568,compact_15,1,0.0,inf,inf,rejected
B11/S568,compact_16,1,0.0,inf,inf,rejected
B11/S568,compact_17,1,0.0,inf,inf,rejected
B11/S568,compact_18,1,0.0,inf,inf,rejected
B11/S568,compact_19,1,0.0,inf,inf,rejected
B11/S568,compact_20,1,0.0,inf,inf,rejected
B11/S568,compact_21,1,0.0,inf,inf,rejected
B11/S568,compact_22,1,0.0,inf,inf,rejected
B11/S568,compact_23,1,0.0,inf,inf,rejected
B11/S568,compact_24,1,0.0,inf,inf,rejected
B145710/S3,single_bit,500,0.0,26628.0,40,rejected
B145710/S3,pair_0,500,40.0,12799.0,40,rejected
B145710/S3,pair_1,500,40.0,12799.0,40,rejected
B145710/S3,pair_2,500,40.0,12799.0,40,rejected
B145710/S3,pair_3,500,40.0,12799.0,40,rejected
B145710/S3,pair_4,500,40.0,12799.0,40,rejected
B145710/S3,pair_5,500,40.0,12799.0,40,rejected
B145710/S3,pair_6,500,44.7214,12799.0,40,rejected
B145710/S3,pair_7,500,44.7214,12799.0,40,rejected
B145710/S3,pair_8,500,20.0,12799.0,40,rejected
B145710/S3,pair_9,500,20.0,12799.0,40,rejected
B145710/S3,pair_10,500,20.0,12799.0,40,rejected
B145710/S3,pair_11,500,20.0,12799.0,40,rejected
B145710/S3,tromino_L_0,500,40.119,8381.3333,40,rejected
B145710/S3,tromino_L_1,500,39.7122,8389.0,40,rejected
B145710/S3,tromino_L_2,500,40.0595,8381.3333,40,rejected
B145710/S3,tromino_L_3,500,39.7122,8389.0,40,rejected
B145710/S3,tromino_L_4,500,11.7833,8381.3333,40,rejected
B145710/S3,tromino_L_5,500,40.241,8388.3333,40,rejected
B145710/S3,tromino_L_6,500,49.3963,8389.0,40,rejected
B145710/S3,tromino_L_7,500,49.3963,8389.0,40,rejected
B145710/S3,compact_0,500,40.241,8388.3333,40,rejected
B145710/S3,compact_1,500,20.0,6299.0,40,rejected
B145710/S3,compact_2,500,28.2843,8471.0,40,rejected
B145710/S3,compact_3,500,20.0,8471.0,40,rejected
B145710/S3,compact_4,500,49.3484,4138.5,40,rejected
B145710/S3,compact_5,500,40.9263,6207.0,40,rejected
B145710/S3,compact_6,500,20.0,6299.0,40,rejected
B145710/S3,compact_7,500,46.9549,4966.6,40,rejected
B145710/S3,compact_8,500,39.7122,8389.0,40,rejected
B145710/S3,compact_9,500,49.8238,4155.6667,40,rejected
B145710/S3,compact_10,500,0.0,6317.25,40,rejected
B145710/S3,compact_11,500,11.7833,8381.3333,40,rejected
B145710/S3,compact_12,500,44.5784,6199.5,40,rejected
B145710/S3,compact_13,500,37.9343,4963.0,40,rejected
B145710/S3,compact_14,500,58.4056,4167.6667,40,rejected
B145710/S3,compact_15,500,48.9898,6338.5,40,rejected
B145710/S3,compact_16,500,48.9281,4974.4,40,rejected
B145710/S3,compact_17,500,39.9907,4967.0,40,rejected
B145710/S3,compact_18,500,46.8689,6199.5,40,rejected
B145710/S3,compact_19,500,66.0363,6316.5,40,rejected
B145710/S3,compact_20,500,73.2011,5002.8,40,rejected
B145710/S3,compact_21,500,49.3963,8389.0,40,rejected
B145710/S3,compact_22,500,66.9911,6219.5,40,rejected
B145710/S3,compact_23,500,42.6603,4139.3333,40,rejected
B145710/S3,compact_24,500,40.0595,8381.3333,40,rejected
B89/S14679,single_bit,1,0.0,inf,inf,rejected
B89/S14679,pair_0,500,0.0,1.0,2,rejected
B89/S14679,pair_1,500,0.0,1.0,2,rejected
B89/S14679,pair_2,500,0.0,1.0,2,rejected
B89/S14679,pair_3,500,0.0,1.0,2,rejected
B89/S14679,pair_4,500,0.0,1.0,2,rejected
B89/S14679,pair_5,500,0.0,1.0,2,rejected
B89/S14679,pair_6,500,0.0,1.0,2,rejected
B89/S14679,pair_7,500,0.0,1.0,2,rejected
B89/S14679,pair_8,500,0.0,1.0,2,rejected
B89/S14679,pair_9,500,0.0,1.0,2,rejected
B89/S14679,pair_10,500,0.0,1.0,2,rejected
B89/S14679,pair_11,500,0.0,1.0,2,rejected
B89/S14679,tromino_L_0,2,0.2361,inf,inf,rejected
B89/S14679,tromino_L_1,1,0.0,inf,inf,rejected
B89/S14679,tromino_L_2,2,0.167,inf,inf,rejected
B89/S14679,tromino_L_3,1,0.0,inf,inf,rejected
B89/S14679,tromino_L_4,2,0.2361,inf,inf,rejected
B89/S14679,tromino_L_5,2,0.167,inf,inf,rejected
B89/S14679,tromino_L_6,1,0.0,inf,inf,rejected
B89/S14679,tromino_L_7,1,0.0,inf,inf,rejected
B89/S14679,compact_0,2,0.167,inf,inf,rejected
B89/S14679,compact_1,1,0.0,inf,inf,rejected
B89/S14679,compact_2,2,0.0,inf,inf,rejected
B89/S14679,compact_3,2,0.0,inf,inf,rejected
B89/S14679,compact_4,2,1.8627,inf,inf,rejected
B89/S14679,compact_5,2,1.5422,inf,inf,rejected
B89/S14679,compact_6,1,0.0,inf,inf,rejected
B89/S14679,compact_7,2,0.4473,inf,inf,rejected
B89/S14679,compact_8,1,0.0,inf,inf,rejected
B89/S14679,compact_9,500,0.167,0.3333,2,rejected
B89/S14679,compact_10,2,0.0,inf,inf,rejected
B89/S14679,compact_11,2,0.2361,inf,inf,rejected
B89/S14679,compact_12,2,0.4341,inf,inf,rejected
B89/S14679,compact_13,500,0.616,0.4,2,rejected
B89/S14679,compact_14,500,0.5267,0.3333,2,rejected
B89/S14679,compact_15,2,0.0,inf,inf,rejected
B89/S14679,compact_16,2,0.3678,inf,inf,rejected
B89/S14679,compact_17,2,0.9482,inf,inf,rejected
B89/S14679,compact_18,2,0.2504,inf,inf,rejected
B89/S14679,compact_19,1,0.0,inf,inf,rejected
B89/S14679,compact_20,500,0.9908,0.4,2,rejected
B89/S14679,compact_21,1,0.0,inf,inf,rejected
B89/S14679,compact_22,2,1.621,inf,inf,rejected
B89/S14679,compact_23,2,1.3966,inf,inf,rejected
B89/S14679,compact_24,2,0.167,inf,inf,rejected
B5/S91011,single_bit,1,0.0,inf,inf,rejected
B5/S91011,pair_0,1,0.0,inf,inf,rejected
B5/S91011,pair_1,1,0.0,inf,inf,rejected
B5/S91011,pair_2,1,0.0,inf,inf,rejected
B5/S91011,pair_3,1,0.0,inf,inf,rejected
B5/S91011,pair_4,1,0.0,inf,inf,rejected
B5/S91011,pair_5,1,0.0,inf,inf,rejected
B5/S91011,pair_6,1,0.0,inf,inf,rejected
B5/S91011,pair_7,1,0.0,inf,inf,rejected
B5/S91011,pair_8,1,0.0,inf,inf,rejected
B5/S91011,pair_9,1,0.0,inf,inf,rejected
B5/S91011,pair_10,1,0.0,inf,inf,rejected
B5/S91011,pair_11,1,0.0,inf,inf,rejected
B5/S91011,tromino_L_0,1,0.0,inf,inf,rejected
B5/S91011,tromino_L_1,1,0.0,inf,inf,rejected
B5/S91011,tromino_L_2,1,0.0,inf,inf,rejected
B5/S91011,tromino_L_3,1,0.0,inf,inf,rejected
B5/S91011,tromino_L_4,1,0.0,inf,inf,rejected
B5/S91011,tromino_L_5,1,0.0,inf,inf,rejected
B5/S91011,tromino_L_6,1,0.0,inf,inf,rejected
B5/S91011,tromino_L_7,1,0.0,inf,inf,rejected
B5/S91011,compact_0,1,0.0,inf,inf,rejected
B5/S91011,compact_1,1,0.0,inf,inf,rejected
B5/S91011,compact_2,1,0.0,inf,inf,rejected
B5/S91011,compact_3,1,0.0,inf,inf,rejected
B5/S91011,compact_4,1,0.0,inf,inf,rejected
B5/S91011,compact_5,1,0.0,inf,inf,rejected
B5/S91011,compact_6,1,0.0,inf,inf,rejected
B5/S91011,compact_7,1,0.0,inf,inf,rejected
B5/S91011,compact_8,1,0.0,inf,inf,rejected
B5/S91011,compact_9,1,0.0,inf,inf,rejected
B5/S91011,compact_10,1,0.0,inf,inf,rejected
B5/S91011,compact_11,1,0.0,inf,inf,rejected
B5/S91011,compact_12,1,0.0,inf,inf,rejected
B5/S91011,compact_13,1,0.0,inf,inf,rejected
B5/S91011,compact_14,1,0.0,inf,inf,rejected
B5/S91011,compact_15,1,0.0,inf,inf,rejected
B5/S91011,compact_16,1,0.0,inf,inf,rejected
B5/S91011,compact_17,1,0.0,inf,inf,rejected
B5/S91011,compact_18,1,0.0,inf,inf,rejected
B5/S91011,compact_19,1,0.0,inf,inf,rejected
B5/S91011,compact_20,1,0.0,inf,inf,rejected
B5/S91011,compact_21,1,0.0,inf,inf,rejected
B5/S91011,compact_22,1,0.0,inf,inf,rejected
B5/S91011,compact_23,1,0.0,inf,inf,rejected
B5/S91011,compact_24,1,0.0,inf,inf,rejected
B7/S1212,single_bit,1,0.0,inf,inf,rejected
B7/S1212,pair_0,500,0.0,1.0,2,rejected
B7/S1212,pair_1,500,0.0,1.0,2,rejected
B7/S1212,pair_2,500,0.0,1.0,2,rejected
B7/S1212,pair_3,500,0.0,1.0,2,rejected
B7/S1212,pair_4,500,0.0,1.0,2,rejected
B7/S1212,pair_5,500,0.0,1.0,2,rejected
B7/S1212,pair_6,500,0.0,1.0,2,rejected
B7/S1212,pair_7,500,0.0,1.0,2,rejected
B7/S1212,pair_8,500,0.0,1.0,2,rejected
B7/S1212,pair_9,500,0.0,1.0,2,rejected
B7/S1212,pair_10,500,0.0,1.0,2,rejected
B7/S1212,pair_11,500,0.0,1.0,2,rejected
B7/S1212,tromino_L_0,500,0.0,1.0,2,rejected
B7/S1212,tromino_L_1,500,0.0,1.0,2,rejected
B7/S1212,tromino_L_2,500,0.0,1.0,3,rejected
B7/S1212,tromino_L_3,500,0.0,1.0,2,rejected
B7/S1212,tromino_L_4,500,0.0,1.0,3,rejected
B7/S1212,tromino_L_5,500,0.0,1.0,3,rejected
B7/S1212,tromino_L_6,500,0.0,1.0,2,rejected
B7/S1212,tromino_L_7,500,0.0,1.0,2,rejected
B7/S1212,compact_0,500,0.0,1.0,3,rejected
B7/S1212,compact_1,2,0.0,inf,inf,rejected
B7/S1212,compact_2,500,0.0,1.0,3,rejected
B7/S1212,compact_3,500,0.0,1.0,3,rejected
B7/S1212,compact_4,500,0.1396,0.8333,4,rejected
B7/S1212,compact_5,500,0.7893,0.5,2,rejected
B7/S1212,compact_6,2,0.0,inf,inf,rejected
B7/S1212,compact_7,2,0.548,inf,inf,rejected
B7/S1212,compact_8,500,0.0,1.0,2,rejected
B7/S1212,compact_9,2,0.333,inf,inf,rejected
B7/S1212,compact_10,2,0.0,inf,inf,rejected
B7/S1212,compact_11,500,0.0,1.0,3,rejected
B7/S1212,compact_12,500,0.0,1.0,3,rejected
B7/S1212,compact_13,2,0.2411,inf,inf,rejected
B7/S1212,compact_14,2,0.6015,inf,inf,rejected
B7/S1212,compact_15,500,0.0,1.0,4,rejected
B7/S1212,compact_16,500,1.5175,0.4,2,rejected
B7/S1212,compact_17,2,0.1508,inf,inf,rejected
B7/S1212,compact_18,500,0.0,1.0,4,rejected
B7/S1212,compact_19,2,0.2496,inf,inf,rejected
B7/S1212,compact_20,2,0.2837,inf,inf,rejected
B7/S1212,compact_21,500,0.0,1.0,2,rejected
B7/S1212,compact_22,500,0.9346,0.5,2,rejected
B7/S1212,compact_23,500,1.8138,0.3333,2,rejected
B7/S1212,compact_24,500,0.0,1.0,3,rejected
B12/S711,single_bit,500,0.0,25146.0,40,rejected
B12/S711,pair_0,500,20.0,10825.0,40,rejected
B12/S711,pair_1,500,44.7214,10825.0,40,rejected
B12/S711,pair_2,500,20.0,10825.0,40,rejected
B12/S711,pair_3,500,44.7214,10825.0,40,rejected
B12/S711,pair_4,500,40.0,10825.0,40,rejected
B12/S711,pair_5,500,40.0,10825.0,40,rejected
B12/S711,pair_6,500,0.0,10825.0,40,rejected
B12/S711,pair_7,500,20.0,10825.0,40,rejected
B12/S711,pair_8,500,20.0,10825.0,40,rejected
B12/S711,pair_9,500,40.0,10825.0,40,rejected
B12/S711,pair_10,500,44.7214,10825.0,40,rejected
B12/S711,pair_11,500,60.0,10825.0,40,rejected
B12/S711,tromino_L_0,500,20.0867,6822.3333,40,rejected
B12/S711,tromino_L_1,500,63.4738,7160.0,40,rejected
B12/S711,tromino_L_2,500,20.0434,6822.3333,40,rejected
B12/S711,tromino_L_3,500,63.4738,7160.0,40,rejected
B12/S711,tromino_L_4,500,11.8901,6822.3333,40,rejected
B12/S711,tromino_L_5,500,21.6663,7010.0,40,rejected
B12/S711,tromino_L_6,500,41.8101,7160.0,40,rejected
B12/S711,tromino_L_7,500,41.8101,7160.0,40,rejected
B12/S711,compact_0,500,45.491,7010.0,40,rejected
B12/S711,compact_1,500,60.0,5603.5,40,rejected
B12/S711,compact_2,500,20.0,7291.3333,40,rejected
B12/S711,compact_3,500,20.0,7291.3333,40,rejected
B12/S711,compact_4,500,40.8589,3369.3333,40,rejected
B12/S711,compact_5,500,51.0715,5049.75,40,rejected
B12/S711,compact_6,500,0.0,5603.5,40,rejected
B12/S711,compact_7,500,29.6528,4007.8,40,rejected
B12/S711,compact_8,500,63.4738,7160.0,40,rejected
B12/S711,compact_9,500,50.5034,3296.3333,40,rejected
B12/S711,compact_10,500,0.0,5421.75,40,rejected
B12/S711,compact_11,500,11.8901,6822.3333,40,rejected
B12/S711,compact_12,500,28.7,5016.75,40,rejected
B12/S711,compact_13,500,34.4485,4010.2,40,rejected
B12/S711,compact_14,500,47.9898,3356.6667,40,rejected
B12/S711,compact_15,500,48.9898,5467.5,40,rejected
B12/S711,compact_16,500,32.0476,4041.2,40,rejected
B12/S711,compact_17,500,49.7833,4002.4,40,rejected
B12/S711,compact_18,500,68.2339,5016.75,40,rejected
B12/S711,compact_19,500,52.216,5298.0,40,rejected
B12/S711,compact_20,500,43.9015,4179.8,40,rejected
B12/S711,compact_21,500,41.8101,7160.0,40,rejected
B12/S711,compact_22,500,30.7689,5020.25,40,rejected
B12/S711,compact_23,500,44.8106,3408.0,40,rejected
B12/S711,compact_24,500,20.0434,6822.3333,40,rejected
B78/S4,single_bit,1,0.0,inf,inf,rejected
B78/S4,pair_0,1,0.0,inf,inf,rejected
B78/S4,pair_1,1,0.0,inf,inf,rejected
B78/S4,pair_2,1,0.0,inf,inf,rejected
B78/S4,pair_3,1,0.0,inf,inf,rejected
B78/S4,pair_4,1,0.0,inf,inf,rejected
B78/S4,pair_5,1,0.0,inf,inf,rejected
B78/S4,pair_6,1,0.0,inf,inf,rejected
B78/S4,pair_7,1,0.0,inf,inf,rejected
B78/S4,pair_8,1,0.0,inf,inf,rejected
B78/S4,pair_9,1,0.0,inf,inf,rejected
B78/S4,pair_10,1,0.0,inf,inf,rejected
B78/S4,pair_11,1,0.0,inf,inf,rejected
B78/S4,tromino_L_0,1,0.0,inf,inf,rejected
B78/S4,tromino_L_1,1,0.0,inf,inf,rejected
B78/S4,tromino_L_2,1,0.0,inf,inf,rejected
B78/S4,tromino_L_3,1,0.0,inf,inf,rejected
B78/S4,tromino_L_4,1,0.0,inf,inf,rejected
B78/S4,tromino_L_5,1,0.0,inf,inf,rejected
B78/S4,tromino_L_6,1,0.0,inf,inf,rejected
B78/S4,tromino_L_7,1,0.0,inf,inf,rejected
B78/S4,compact_0,1,0.0,inf,inf,rejected
B78/S4,compact_1,1,0.0,inf,inf,rejected
B78/S4,compact_2,1,0.0,inf,inf,rejected
B78/S4,compact_3,1,0.0,inf,inf,rejected
B78/S4,compact_4,1,0.0,inf,inf,rejected
B78/S4,compact_5,1,0.0,inf,inf,rejected
B78/S4,compact_6,1,0.0,inf,inf,rejected
B78/S4,compact_7,2,0.4473,inf,inf,rejected
B78/S4,compact_8,1,0.0,inf,inf,rejected
B78/S4,compact_9,2,0.167,inf,inf,rejected
B78/S4,compact_10,1,0.0,inf,inf,rejected
B78/S4,compact_11,1,0.0,inf,inf,rejected
B78/S4,compact_12,1,0.0,inf,inf,rejected
B78/S4,compact_13,2,0.283,inf,inf,rejected
B78/S4,compact_14,2,0.5267,inf,inf,rejected
B78/S4,compact_15,1,0.0,inf,inf,rejected
B78/S4,compact_16,1,0.0,inf,inf,rejected
B78/S4,compact_17,1,0.0,inf,inf,rejected
B78/S4,compact_18,1,0.0,inf,inf,rejected
B78/S4,compact_19,1,0.0,inf,inf,rejected
B78/S4,compact_20,2,0.2837,inf,inf,rejected
B78/S4,compact_21,1,0.0,inf,inf,rejected
B78/S4,compact_22,1,0.0,inf,inf,rejected
B78/S4,compact_23,1,0.0,inf,inf,rejected
B78/S4,compact_24,1,0.0,inf,inf,rejected
B1267/S3810,single_bit,500,0.0,23064.0,40,rejected
B1267/S3810,pair_0,500,28.2843,10950.0,40,rejected
B1267/S3810,pair_1,500,28.2843,10950.0,40,rejected
B1267/S3810,pair_2,500,28.2843,10950.0,40,rejected
B1267/S3810,pair_3,500,28.2843,10950.0,40,rejected
B1267/S3810,pair_4,500,20.0,10950.0,40,rejected
B1267/S3810,pair_5,500,20.0,10950.0,40,rejected
B1267/S3810,pair_6,500,40.0,10950.0,40,rejected
B1267/S3810,pair_7,500,44.7214,10950.0,40,rejected
B1267/S3810,pair_8,500,44.7214,10950.0,40,rejected
B1267/S3810,pair_9,500,40.0,10950.0,40,rejected
B1267/S3810,pair_10,500,44.7214,10950.0,40,rejected
B1267/S3810,pair_11,500,44.7214,10950.0,40,rejected
B1267/S3810,tromino_L_0,500,25.8593,7038.0,40,rejected
B1267/S3810,tromino_L_1,500,48.053,7241.0,40,rejected
B1267/S3810,tromino_L_2,500,30.5672,7038.0,40,rejected
B1267/S3810,tromino_L_3,500,48.053,7241.0,40,rejected
B1267/S3810,tromino_L_4,500,50.8541,7038.0,40,rejected
B1267/S3810,tromino_L_5,500,57.8338,7156.6667,40,rejected
B1267/S3810,tromino_L_6,500,36.634,7241.0,40,rejected
B1267/S3810,tromino_L_7,500,36.634,7241.0,40,rejected
B1267/S3810,compact_0,500,70.3189,7156.6667,40,rejected
B1267/S3810,compact_1,500,60.0,5406.0,40,rejected
B1267/S3810,compact_2,500,28.2843,7230.6667,40,rejected
B1267/S3810,compact_3,500,20.0,7230.6667,40,rejected
B1267/S3810,compact_4,500,67.2563,3477.5,40,rejected
B1267/S3810,compact_5,500,25.1816,5242.75,40,rejected
B1267/S3810,compact_6,500,60.0,5406.0,40,rejected
B1267/S3810,compact_7,500,52.7435,4179.4,40,rejected
B1267/S3810,compact_8,500,48.053,7241.0,40,rejected
B1267/S3810,compact_9,500,71.4753,3476.6667,40,rejected
B1267/S3810,compact_10,500,28.2843,5407.0,40,rejected
B1267/S3810,compact_11,500,50.8541,7038.0,40,rejected
B1267/S3810,compact_12,500,75.3083,5256.25,40,rejected
B1267/S3810,compact_13,500,51.6629,4193.6,40,rejected
B1267/S3810,compact_14,500,49.1443,3472.1667,40,rejected
B1267/S3810,compact_15,500,48.9898,5475.5,40,rejected
B1267/S3810,compact_16,500,42.7944,4181.8,40,rejected
B1267/S3810,compact_17,500,65.4563,4184.0,40,rejected
B1267/S3810,compact_18,500,45.065,5256.25,40,rejected
B1267/S3810,compact_19,500,32.296,5355.5,40,rejected
B1267/S3810,compact_20,500,7.1994,4217.6,40,rejected
B1267/S3810,compact_21,500,36.634,7241.0,40,rejected
B1267/S3810,compact_22,500,54.3083,5230.25,40,rejected
B1267/S3810,compact_23,500,49.2627,3478.0,40,rejected
B1267/S3810,compact_24,500,30.5672,7038.0,40,rejected
B210/S7,single_bit,1,0.0,inf,inf,rejected
B210/S7,pair_0,500,40.0,7128.0,40,rejected
B210/S7,pair_1,500,40.0,7128.0,40,rejected
B210/S7,pair_2,500,40.0,7128.0,40,rejected
B210/S7,pair_3,500,56.5685,7128.0,40,rejected
B210/S7,pair_4,500,56.5685,7128.0,40,rejected
B210/S7,pair_5,500,40.0,7128.0,40,rejected
B210/S7,pair_6,500,40.0,7128.0,40,rejected
B210/S7,pair_7,500,40.0,7128.0,40,rejected
B210/S7,pair_8,500,40.0,7128.0,40,rejected
B210/S7,pair_9,500,56.5685,7128.0,40,rejected
B210/S7,pair_10,500,40.0,7128.0,40,rejected
B210/S7,pair_11,500,56.5685,7128.0,40,rejected
B210/S7,tromino_L_0,500,20.0055,4604.0,40,rejected
B210/S7,tromino_L_1,500,34.2442,4642.0,40,rejected
B210/S7,tromino_L_2,500,20.0028,4604.0,40,rejected
B210/S7,tromino_L_3,500,34.2442,4642.0,40,rejected
B210/S7,tromino_L_4,500,40.3344,4604.0,40,rejected
B210/S7,tromino_L_5,500,57.13,4751.3333,40,rejected
B210/S7,tromino_L_6,500,34.1738,4642.0,40,rejected
B210/S7,tromino_L_7,500,34.1738,4642.0,40,rejected
B210/S7,compact_0,500,57.13,4751.3333,40,rejected
B210/S7,compact_1,500,28.2843,3424.0,40,rejected
B210/S7,compact_2,500,28.2843,4860.0,40,rejected
B210/S7,compact_3,500,28.2843,4860.0,40,rejected
B210/S7,compact_4,500,26.8776,2231.6667,40,rejected
B210/S7,compact_5,500,43.9055,3337.25,40,rejected
B210/S7,compact_6,500,20.0,3424.0,40,rejected
B210/S7,compact_7,500,69.0754,2674.4,40,rejected
B210/S7,compact_8,500,34.2442,4642.0,40,rejected
B210/S7,compact_9,500,46.3812,2218.8333,40,rejected
B210/S7,compact_10,500,40.0,3616.5,40,rejected
B210/S7,compact_11,500,40.3344,4604.0,40,rejected
B210/S7,compact_12,500,60.9487,3331.5,40,rejected
B210/S7,compact_13,500,28.9103,2672.4,40,rejected
B210/S7,compact_14,500,56.3772,2254.1667,40,rejected
B210/S7,compact_15,500,40.0,3518.5,40,rejected
B210/S7,compact_16,500,32.0952,2671.8,40,rejected
B210/S7,compact_17,500,29.3403,2686.0,40,rejected
B210/S7,compact_18,500,69.3102,3331.5,40,rejected
B210/S7,compact_19,500,40.0008,3507.0,40,rejected
B210/S7,compact_20,500,71.946,2778.4,40,rejected
B210/S7,compact_21,500,34.1738,4642.0,40,rejected
B210/S7,compact_22,500,26.6217,3345.0,40,rejected
B210/S7,compact_23,500,51.4081,2221.3333,40,rejected
B210/S7,compact_24,500,20.0028,4604.0,40,rejected
B1357910/S1311,single_bit,500,28.2843,23808.0,40,rejected
B1357910/S1311,pair_0,500,34.641,12802.0,40,rejected
B1357910/S1311,pair_1,500,34.641,12802.0,40,rejected
B1357910/S1311,pair_2,500,34.641,12802.0,40,rejected
B1357910/S1311,pair_3,500,34.641,12802.0,40,rejected
B1357910/S1311,pair_4,500,34.641,12802.0,40,rejected
B1357910/S1311,pair_5,500,34.641,12802.0,40,rejected
B1357910/S1311,pair_6,500,48.9898,12802.0,40,rejected
B1357910/S1311,pair_7,500,48.9898,12802.0,40,rejected
B1357910/S1311,pair_8,500,48.9898,12802.0,40,rejected
B1357910/S1311,pair_9,500,28.2843,12802.0,40,rejected
B1357910/S1311,pair_10,500,28.2843,12802.0,40,rejected
B1357910/S1311,pair_11,500,28.2843,12802.0,40,rejected
B1357910/S1311,tromino_L_0,500,20.476,8241.6667,40,rejected
B1357910/S1311,tromino_L_1,500,70.6364,8269.3333,40,rejected
B1357910/S1311,tromino_L_2,500,20.2394,8241.6667,40,rejected
B1357910/S1311,tromino_L_3,500,41.816,8269.3333,40,rejected
B1357910/S1311,tromino_L_4,500,33.6977,8241.6667,40,rejected
B1357910/S1311,tromino_L_5,500,47.3527,8392.6667,40,rejected
B1357910/S1311,tromino_L_6,500,74.5695,8269.3333,40,rejected
B1357910/S1311,tromino_L_7,500,48.1631,8269.3333,40,rejected
B1357910/S1311,compact_0,500,47.3527,8392.6667,40,rejected
B1357910/S1311,compact_1,500,20.0,6175.0,40,rejected
B1357910/S1311,compact_2,500,28.2843,8373.3333,40,rejected
B1357910/S1311,compact_3,500,28.2843,8373.3333,40,rejected
B1357910/S1311,compact_4,500,9.7613,4088.6667,40,rejected
B1357910/S1311,compact_5,500,57.2197,6169.5,40,rejected
B1357910/S1311,compact_6,500,20.0,6175.0,40,rejected
B1357910/S1311,compact_7,500,75.628,4898.8,40,rejected
B1357910/S1311,compact_8,500,41.816,8269.3333,40,rejected
B1357910/S1311,compact_9,500,69.7127,4115.3333,40,rejected
B1357910/S1311,compact_10,500,0.0,6308.5,40,rejected
B1357910/S1311,compact_11,500,33.6977,8241.6667,40,rejected
B1357910/S1311,compact_12,500,51.4373,6132.25,40,rejected
B1357910/S1311,compact_13,500,34.8402,4929.8,40,rejected
B1357910/S1311,compact_14,500,33.4541,4087.1667,40,rejected
B1357910/S1311,compact_15,500,48.9898,6305.5,40,rejected
B1357910/S1311,compact_16,500,36.5837,4914.8,40,rejected
B1357910/S1311,compact_17,500,53.8363,4941.8,40,rejected
B1357910/S1311,compact_18,500,30.6889,6132.25,40,rejected
B1357910/S1311,compact_19,500,48.8823,6214.5,40,rejected
B1357910/S1311,compact_20,500,20.4613,4949.0,40,rejected
B1357910/S1311,compact_21,500,74.5695,8269.3333,40,rejected
B1357910/S1311,compact_22,500,58.3321,6139.75,40,rejected
B1357910/S1311,compact_23,500,62.9483,4078.8333,40,rejected
B1357910/S1311,compact_24,500,20.2394,8241.6667,40,rejected
B23451011/S2348101112,single_bit,1,0.0,inf,inf,rejected
B23451011/S2348101112,pair_0,500,20.0,17211.0,40,rejected
B23451011/S2348101112,pair_1,500,44.7214,17211.0,40,rejected
B23451011/S2348101112,pair_2,500,20.0,17211.0,40,rejected
B23451011/S2348101112,pair_3,500,20.0,17211.0,40,rejected
B23451011/S2348101112,pair_4,500,44.7214,17211.0,40,rejected
B23451011/S2348101112,pair_5,500,44.7214,17211.0,40,rejected
B23451011/S2348101112,pair_6,500,40.0,17211.0,40,rejected
B23451011/S2348101112,pair_7,500,40.0,17211.0,40,rejected
B23451011/S2348101112,pair_8,500,40.0,17211.0,40,rejected
B23451011/S2348101112,pair_9,500,40.0,17211.0,40,rejected
B23451011/S2348101112,pair_10,500,40.0,17211.0,40,rejected
B23451011/S2348101112,pair_11,500,0.0,17211.0,40,rejected
B23451011/S2348101112,tromino_L_0,500,44.7332,10988.6667,40,rejected
B23451011/S2348101112,tromino_L_1,500,22.4983,11371.3333,40,rejected
B23451011/S2348101112,tromino_L_2,500,34.6487,10988.6667,40,rejected
B23451011/S2348101112,tromino_L_3,500,22.4983,11371.3333,40,rejected
B23451011/S2348101112,tromino_L_4,500,50.8973,10988.6667,40,rejected
B23451011/S2348101112,tromino_L_5,500,60.0107,11087.0,40,rejected
B23451011/S2348101112,tromino_L_6,500,41.0777,11371.3333,40,rejected
B23451011/S2348101112,tromino_L_7,500,41.0777,11371.3333,40,rejected
B23451011/S2348101112,compact_0,500,20.0321,11087.0,40,rejected
B23451011/S2348101112,compact_1,500,40.0,8351.5,40,rejected
B23451011/S2348101112,compact_2,500,20.0,12115.0,40,rejected
B23451011/S2348101112,compact_3,500,20.0,12115.0,40,rejected
B23451011/S2348101112,compact_4,500,39.7458,5446.0,40,rejected
B23451011/S2348101112,compact_5,500,49.9272,8157.0,40,rejected
B23451011/S2348101112,compact_6,500,40.0,8351.5,40,rejected
B23451011/S2348101112,compact_7,500,39.6053,6525.4,40,rejected
B23451011/S2348101112,compact_8,500,22.4983,11371.3333,40,rejected
B23451011/S2348101112,compact_9,500,88.7857,5450.0,40,rejected
B23451011/S2348101112,compact_10,500,28.2843,8770.0,40,rejected
B23451011/S2348101112,compact_11,500,50.8973,10988.6667,40,rejected
B23451011/S2348101112,compact_12,500,33.0377,8195.25,40,rejected
B23451011/S2348101112,compact_13,500,42.6082,6527.6,40,rejected
B23451011/S2348101112,compact_14,500,31.2295,5471.0,40,rejected
B23451011/S2348101112,compact_15,500,28.2843,8577.5,40,rejected
B23451011/S2348101112,compact_16,500,53.577,6567.0,40,rejected
B23451011/S2348101112,compact_17,500,51.4396,6510.2,40,rejected
B23451011/S2348101112,compact_18,500,41.8491,8195.25,40,rejected
B23451011/S2348101112,compact_19,500,20.7063,8447.5,40,rejected
B23451011/S2348101112,compact_20,500,59.2273,6652.4,40,rejected
B23451011/S2348101112,compact_21,500,41.0777,11371.3333,40,rejected
B23451011/S2348101112,compact_22,500,68.1619,8174.25,40,rejected
B23451011/S2348101112,compact_23,500,45.2898,5457.5,40,rejected
B23451011/S2348101112,compact_24,500,34.6487,10988.6667,40,rejected
B36/S7,single_bit,1,0.0,inf,inf,rejected
B36/S7,pair_0,1,0.0,inf,inf,rejected
B36/S7,pair_1,1,0.0,inf,inf,rejected
B36/S7,pair_2,1,0.0,inf,inf,rejected
B36/S7,pair_3,1,0.0,inf,inf,rejected
B36/S7,pair_4,1,0.0,inf,inf,rejected
B36/S7,pair_5,1,0.0,inf,inf,rejected
B36/S7,pair_6,1,0.0,inf,inf,rejected
B36/S7,pair_7,1,0.0,inf,inf,rejected
B36/S7,pair_8,1,0.0,inf,inf,rejected
B36/S7,pair_9,1,0.0,inf,inf,rejected
B36/S7,pair_10,1,0.0,inf,inf,rejected
B36/S7,pair_11,1,0.0,inf,inf,rejected
B36/S7,tromino_L_0,2,0.9432,inf,inf,rejected
B36/S7,tromino_L_1,2,1.3747,inf,inf,rejected
B36/S7,tromino_L_2,2,0.667,inf,inf,rejected
B36/S7,tromino_L_3,2,1.3747,inf,inf,rejected
B36/S7,tromino_L_4,2,0.9432,inf,inf,rejected
B36/S7,tromino_L_5,2,0.167,inf,inf,rejected
B36/S7,tromino_L_6,2,1.0003,inf,inf,rejected
B36/S7,tromino_L_7,2,1.0003,inf,inf,rejected
B36/S7,compact_0,2,0.167,inf,inf,rejected
B36/S7,compact_1,2,0.0,inf,inf,rejected
B36/S7,compact_2,1,0.0,inf,inf,rejected
B36/S7,compact_3,1,0.0,inf,inf,rejected
B36/S7,compact_4,2,2.2676,inf,inf,rejected
B36/S7,compact_5,2,0.6127,inf,inf,rejected
B36/S7,compact_6,2,0.0,inf,inf,rejected
B36/S7,compact_7,3,1.0955,inf,inf,rejected
B36/S7,compact_8,2,1.3747,inf,inf,rejected
B36/S7,compact_9,3,0.6008,inf,inf,rejected
B36/S7,compact_10,3,0.0,inf,inf,rejected
B36/S7,compact_11,2,0.9432,inf,inf,rejected
B36/S7,compact_12,2,1.0905,inf,inf,rejected
B36/S7,compact_13,4,0.5745,inf,inf,rejected
B36/S7,compact_14,2,0.3934,inf,inf,rejected
B36/S7,compact_15,1,0.0,inf,inf,rejected
B36/S7,compact_16,3,0.446,inf,inf,rejected
B36/S7,compact_17,3,0.4473,inf,inf,rejected
B36/S7,compact_18,2,1.0311,inf,inf,rejected
B36/S7,compact_19,500,0.0,1.0,3,rejected
B36/S7,compact_20,2,0.2837,inf,inf,rejected
B36/S7,compact_21,2,1.0003,inf,inf,rejected
B36/S7,compact_22,2,0.3546,inf,inf,rejected
B36/S7,compact_23,2,0.605,inf,inf,rejected
B36/S7,compact_24,2,0.667,inf,inf,rejected
B11/S7,single_bit,1,0.0,inf,inf,rejected
B11/S7,pair_0,1,0.0,inf,inf,rejected
B11/S7,pair_1,1,0.0,inf,inf,rejected
B11/S7,pair_2,1,0.0,inf,inf,rejected
B11/S7,pair_3,1,0.0,inf,inf,rejected
B11/S7,pair_4,1,0.0,inf,inf,rejected
B11/S7,pair_5,1,0.0,inf,inf,rejected
B11/S7,pair_6,1,0.0,inf,inf,rejected
B11/S7,pair_7,1,0.0,inf,inf,rejected
B11/S7,pair_8,1,0.0,inf,inf,rejected
B11/S7,pair_9,1,0.0,inf,inf,rejected
B11/S7,pair_10,1,0.0,inf,inf,rejected
B11/S7,pair_11,1,0.0,inf,inf,rejected
B11/S7,tromino_L_0,1,0.0,inf,inf,rejected
B11/S7,tromino_L_1,1,0.0,inf,inf,rejected
B11/S7,tromino_L_2,1,0.0,inf,inf,rejected
B11/S7,tromino_L_3,1,0.0,inf,inf,rejected
B11/S7,tromino_L_4,1,0.0,inf,inf,rejected
B11/S7,tromino_L_5,1,0.0,inf,inf,rejected
B11/S7,tromino_L_6,1,0.0,inf,inf,rejected
B11/S7,tromino_L_7,1,0.0,inf,inf,rejected
B11/S7,compact_0,1,0.0,inf,inf,rejected
B11/S7,compact_1,1,0.0,inf,inf,rejected
B11/S7,compact_2,1,0.0,inf,inf,rejected
B11/S7,compact_3,1,0.0,inf,inf,rejected
B11/S7,compact_4,1,0.0,inf,inf,rejected
B11/S7,compact_5,1,0.0,inf,inf,rejected
B11/S7,compact_6,1,0.0,inf,inf,rejected
B11/S7,compact_7,1,0.0,inf,inf,rejected
B11/S7,compact_8,1,0.0,inf,inf,rejected
B11/S7,compact_9,1,0.0,inf,inf,rejected
B11/S7,compact_10,1,0.0,inf,inf,rejected
B11/S7,compact_11,1,0.0,inf,inf,rejected
B11/S7,compact_12,1,0.0,inf,inf,rejected
B11/S7,compact_13,1,0.0,inf,inf,rejected
B11/S7,compact_14,1,0.0,inf,inf,rejected
B11/S7,compact_15,1,0.0,inf,inf,rejected
B11/S7,compact_16,1,0.0,inf,inf,rejected
B11/S7,compact_17,1,0.0,inf,inf,rejected
B11/S7,compact_18,1,0.0,inf,inf,rejected
B11/S7,compact_19,1,0.0,inf,inf,rejected
B11/S7,compact_20,1,0.0,inf,inf,rejected
B11/S7,compact_21,1,0.0,inf,inf,rejected
B11/S7,compact_22,1,0.0,inf,inf,rejected
B11/S7,compact_23,1,0.0,inf,inf,rejected
B11/S7,compact_24,1,0.0,inf,inf,rejected
B710/S6710,single_bit,1,0.0,inf,inf,rejected
B710/S6710,pair_0,1,0.0,inf,inf,rejected
B710/S6710,pair_1,1,0.0,inf,inf,rejected
B710/S6710,pair_2,1,0.0,inf,inf,rejected
B710/S6710,pair_3,1,0.0,inf,inf,rejected
B710/S6710,pair_4,1,0.0,inf,inf,rejected
B710/S6710,pair_5,1,0.0,inf,inf,rejected
B710/S6710,pair_6,1,0.0,inf,inf,rejected
B710/S6710,pair_7,1,0.0,inf,inf,rejected
B710/S6710,pair_8,1,0.0,inf,inf,rejected
B710/S6710,pair_9,1,0.0,inf,inf,rejected
B710/S6710,pair_10,1,0.0,inf,inf,rejected
B710/S6710,pair_11,1,0.0,inf,inf,rejected
B710/S6710,tromino_L_0,1,0.0,inf,inf,rejected
B710/S6710,tromino_L_1,1,0.0,inf,inf,rejected
B710/S6710,tromino_L_2,1,0.0,inf,inf,rejected
B710/S6710,tromino_L_3,1,0.0,inf,inf,rejected
B710/S6710,tromino_L_4,1,0.0,inf,inf,rejected
B710/S6710,tromino_L_5,1,0.0,inf,inf,rejected
B710/S6710,tromino_L_6,1,0.0,inf,inf,rejected
B710/S6710,tromino_L_7,1,0.0,inf,inf,rejected
B710/S6710,compact_0,1,0.0,inf,inf,rejected
B710/S6710,compact_1,1,0.0,inf,inf,rejected
B710/S6710,compact_2,1,0.0,inf,inf,rejected
B710/S6710,compact_3,1,0.0,inf,inf,rejected
B710/S6710,compact_4,1,0.0,inf,inf,rejected
B710/S6710,compact_5,1,0.0,inf,inf,rejected
B710/S6710,compact_6,1,0.0,inf,inf,rejected
B710/S6710,compact_7,1,0.0,inf,inf,rejected
B710/S6710,compact_8,1,0.0,inf,inf,rejected
B710/S6710,compact_9,1,0.0,inf,inf,rejected
B710/S6710,compact_10,1,0.0,inf,inf,rejected
B710/S6710,compact_11,1,0.0,inf,inf,rejected
B710/S6710,compact_12,1,0.0,inf,inf,rejected
B710/S6710,compact_13,1,0.0,inf,inf,rejected
B710/S6710,compact_14,1,0.0,inf,inf,rejected
B710/S6710,compact_15,1,0.0,inf,inf,rejected
B710/S6710,compact_16,1,0.0,inf,inf,rejected
B710/S6710,compact_17,1,0.0,inf,inf,rejected
B710/S6710,compact_18,1,0.0,inf,inf,rejected
B710/S6710,compact_19,1,0.0,inf,inf,rejected
B710/S6710,compact_20,1,0.0,inf,inf,rejected
B710/S6710,compact_21,1,0.0,inf,inf,rejected
B710/S6710,compact_22,1,0.0,inf,inf,rejected
B710/S6710,compact_23,1,0.0,inf,inf,rejected
B710/S6710,compact_24,1,0.0,inf,inf,rejected
B5/S4,single_bit,1,0.0,inf,inf,rejected
B5/S4,pair_0,1,0.0,inf,inf,rejected
B5/S4,pair_1,1,0.0,inf,inf,rejected
B5/S4,pair_2,1,0.0,inf,inf,rejected
B5/S4,pair_3,1,0.0,inf,inf,rejected
B5/S4,pair_4,1,0.0,inf,inf,rejected
B5/S4,pair_5,1,0.0,inf,inf,rejected
B5/S4,pair_6,1,0.0,inf,inf,rejected
B5/S4,pair_7,1,0.0,inf,inf,rejected
B5/S4,pair_8,1,0.0,inf,inf,rejected
B5/S4,pair_9,1,0.0,inf,inf,rejected
B5/S4,pair_10,1,0.0,inf,inf,rejected
B5/S4,pair_11,1,0.0,inf,inf,rejected
B5/S4,tromino_L_0,1,0.0,inf,inf,rejected
B5/S4,tromino_L_1,1,0.0,inf,inf,rejected
B5/S4,tromino_L_2,1,0.0,inf,inf,rejected
B5/S4,tromino_L_3,1,0.0,inf,inf,rejected
B5/S4,tromino_L_4,1,0.0,inf,inf,rejected
B5/S4,tromino_L_5,1,0.0,inf,inf,rejected
B5/S4,tromino_L_6,1,0.0,inf,inf,rejected
B5/S4,tromino_L_7,1,0.0,inf,inf,rejected
B5/S4,compact_0,1,0.0,inf,inf,rejected
B5/S4,compact_1,1,0.0,inf,inf,rejected
B5/S4,compact_2,1,0.0,inf,inf,rejected
B5/S4,compact_3,1,0.0,inf,inf,rejected
B5/S4,compact_4,1,0.0,inf,inf,rejected
B5/S4,compact_5,1,0.0,inf,inf,rejected
B5/S4,compact_6,1,0.0,inf,inf,rejected
B5/S4,compact_7,2,0.4473,inf,inf,rejected
B5/S4,compact_8,1,0.0,inf,inf,rejected
B5/S4,compact_9,2,0.167,inf,inf,rejected
B5/S4,compact_10,1,0.0,inf,inf,rejected
B5/S4,compact_11,1,0.0,inf,inf,rejected
B5/S4,compact_12,1,0.0,inf,inf,rejected
B5/S4,compact_13,2,0.283,inf,inf,rejected
B5/S4,compact_14,2,0.5267,inf,inf,rejected
B5/S4,compact_15,1,0.0,inf,inf,rejected
B5/S4,compact_16,1,0.0,inf,inf,rejected
B5/S4,compact_17,1,0.0,inf,inf,rejected
B5/S4,compact_18,1,0.0,inf,inf,rejected
B5/S4,compact_19,1,0.0,inf,inf,rejected
B5/S4,compact_20,2,0.2837,inf,inf,rejected
B5/S4,compact_21,1,0.0,inf,inf,rejected
B5/S4,compact_22,1,0.0,inf,inf,rejected
B5/S4,compact_23,1,0.0,inf,inf,rejected
B5/S4,compact_24,1,0.0,inf,inf,rejected
B1/S6,single_bit,32,0.0,inf,inf,rejected
B1/S6,pair_0,500,60.0,7020.0,40,rejected
B1/S6,pair_1,500,72.111,7020.0,40,rejected
B1/S6,pair_2,500,60.0,7020.0,40,rejected
B1/S6,pair_3,500,60.0,7020.0,40,rejected
B1/S6,pair_4,500,72.111,7020.0,40,rejected
B1/S6,pair_5,500,72.111,7020.0,40,rejected
B1/S6,pair_6,500,0.0,7020.0,40,rejected
B1/S6,pair_7,500,0.0,7020.0,40,rejected
B1/S6,pair_8,500,0.0,7020.0,40,rejected
B1/S6,pair_9,500,56.5685,7020.0,40,rejected
B1/S6,pair_10,500,56.5685,7020.0,40,rejected
B1/S6,pair_11,500,40.0,7020.0,40,rejected
B1/S6,tromino_L_0,500,51.3337,4773.3333,40,rejected
B1/S6,tromino_L_1,500,80.4609,4726.0,40,rejected
B1/S6,tromino_L_2,500,36.2984,4773.3333,40,rejected
B1/S6,tromino_L_3,500,80.4609,4726.0,40,rejected
B1/S6,tromino_L_4,500,40.9789,4773.3333,40,rejected
B1/S6,tromino_L_5,500,22.7777,4715.3333,40,rejected
B1/S6,tromino_L_6,500,75.121,4726.0,40,rejected
B1/S6,tromino_L_7,500,75.121,4726.0,40,rejected
B1/S6,compact_0,500,46.0307,4715.3333,40,rejected
B1/S6,compact_1,500,44.7214,3691.0,40,rejected
B1/S6,compact_2,500,28.2843,4858.6667,40,rejected
B1/S6,compact_3,500,20.0,4858.6667,40,rejected
B1/S6,compact_4,500,64.9767,2332.6667,40,rejected
B1/S6,compact_5,500,60.1236,3501.75,40,rejected
B1/S6,compact_6,500,48.9898,3691.0,40,rejected
B1/S6,compact_7,500,58.5387,2828.6,40,rejected
B1/S6,compact_8,500,80.4609,4726.0,40,rejected
B1/S6,compact_9,500,26.9796,2238.5,40,rejected
B1/S6,compact_10,500,0.0,4194.0,40,rejected
B1/S6,compact_11,500,40.9789,4773.3333,40,rejected
B1/S6,compact_12,500,62.0756,3815.5,40,rejected
B1/S6,compact_13,500,57.4731,2965.0,40,rejected
B1/S6,compact_14,500,45.5107,2319.6667,40,rejected
B1/S6,compact_15,500,48.9898,3572.0,40,rejected
B1/S6,compact_16,500,17.4837,2758.4,40,rejected
B1/S6,compact_17,500,56.4827,2903.0,40,rejected
B1/S6,compact_18,500,30.4498,3815.5,40,rejected
B1/S6,compact_19,500,31.9191,3580.0,40,rejected
B1/S6,compact_20,500,86.4306,2945.2,40,rejected
B1/S6,compact_21,500,75.121,4726.0,40,rejected
B1/S6,compact_22,500,53.5047,3552.75,40,rejected
B1/S6,compact_23,500,61.3418,2415.6667,40,rejected
B1/S6,compact_24,500,36.2984,4773.3333,40,rejected
B2/S2310,single_bit,1,0.0,inf,inf,rejected
B2/S2310,pair_0,500,44.7214,8981.0,40,rejected
B2/S2310,pair_1,500,44.7214,8981.0,40,rejected
B2/S2310,pair_2,500,44.7214,8981.0,40,rejected
B2/S2310,pair_3,500,60.0,8981.0,40,rejected
B2/S2310,pair_4,500,56.5685,8981.0,40,rejected
B2/S2310,pair_5,500,40.0,8981.0,40,rejected
B2/S2310,pair_6,500,20.0,8981.0,40,rejected
B2/S2310,pair_7,500,28.2843,8981.0,40,rejected
B2/S2310,pair_8,500,28.2843,8981.0,40,rejected
B2/S2310,pair_9,500,20.0,8981.0,40,rejected
B2/S2310,pair_10,500,28.2843,8981.0,40,rejected
B2/S2310,pair_11,500,48.9898,8981.0,40,rejected
B2/S2310,tromino_L_0,500,28.2882,5893.6667,40,rejected
B2/S2310,tromino_L_1,500,87.4587,5955.0,40,rejected
B2/S2310,tromino_L_2,500,19.667,5893.6667,40,rejected
B2/S2310,tromino_L_3,500,87.4587,5955.0,40,rejected
B2/S2310,tromino_L_4,500,28.7552,5893.6667,40,rejected
B2/S2310,tromino_L_5,500,49.2621,6089.3333,40,rejected
B2/S2310,tromino_L_6,500,88.4521,5955.0,40,rejected
B2/S2310,tromino_L_7,500,88.4521,5955.0,40,rejected
B2/S2310,compact_0,500,28.2862,6089.3333,40,rejected
B2/S2310,compact_1,500,34.641,4427.0,40,rejected
B2/S2310,compact_2,500,28.2843,6137.3333,40,rejected
B2/S2310,compact_3,500,28.2843,6137.3333,40,rejected
B2/S2310,compact_4,500,81.5927,2898.5,40,rejected
B2/S2310,compact_5,500,57.0608,4361.75,40,rejected
B2/S2310,compact_6,500,34.641,4427.0,40,rejected
B2/S2310,compact_7,500,42.9492,3479.0,40,rejected
B2/S2310,compact_8,500,87.4587,5955.0,40,rejected
B2/S2310,compact_9,500,35.878,2898.0,40,rejected
B2/S2310,compact_10,500,0.0,4539.75,40,rejected
B2/S2310,compact_11,500,28.7552,5893.6667,40,rejected
B2/S2310,compact_12,500,53.7001,4346.0,40,rejected
B2/S2310,compact_13,500,48.143,3469.4,40,rejected
B2/S2310,compact_14,500,29.3034,2901.3333,40,rejected
B2/S2310,compact_15,500,56.5685,4530.0,40,rejected
B2/S2310,compact_16,500,30.8841,3475.4,40,rejected
B2/S2310,compact_17,500,50.1126,3511.8,40,rejected
B2/S2310,compact_18,500,61.0962,4346.0,40,rejected
B2/S2310,compact_19,500,27.8188,4417.0,40,rejected
B2/S2310,compact_20,500,7.2892,3516.6,40,rejected
B2/S2310,compact_21,500,88.4521,5955.0,40,rejected
B2/S2310,compact_22,500,66.3538,4339.0,40,rejected
B2/S2310,compact_23,500,67.2065,2913.1667,40,rejected
B2/S2310,compact_24,500,19.667,5893.6667,40,rejected
B24/S234511,single_bit,1,0.0,inf,inf,rejected
B24/S234511,pair_0,500,28.2843,14703.0,40,rejected
B24/S234511,pair_1,500,28.2843,14703.0,40,rejected
B24/S234511,pair_2,500,28.2843,14703.0,40,rejected
B24/S234511,pair_3,500,28.2843,14703.0,40,rejected
B24/S234511,pair_4,500,20.0,14703.0,40,rejected
B24/S234511,pair_5,500,20.0,14703.0,40,rejected
B24/S234511,pair_6,500,60.0,14703.0,40,rejected
B24/S234511,pair_7,500,63.2456,14703.0,40,rejected
B24/S234511,pair_8,500,63.2456,14703.0,40,rejected
B24/S234511,pair_9,500,72.111,14703.0,40,rejected
B24/S234511,pair_10,500,74.8331,14703.0,40,rejected
B24/S234511,pair_11,500,63.2456,14703.0,40,rejected
B24/S234511,tromino_L_0,500,20.0055,9695.3333,40,rejected
B24/S234511,tromino_L_1,500,40.0362,9856.0,40,rejected
B24/S234511,tromino_L_2,500,20.0028,9695.3333,40,rejected
B24/S234511,tromino_L_3,500,40.0362,9856.0,40,rejected
B24/S234511,tromino_L_4,500,0.471,9695.3333,40,rejected
B24/S234511,tromino_L_5,500,45.9562,9774.0,40,rejected
B24/S234511,tromino_L_6,500,23.6399,9856.0,40,rejected
B24/S234511,tromino_L_7,500,23.6399,9856.0,40,rejected
B24/S234511,compact_0,500,45.9562,9774.0,40,rejected
B24/S234511,compact_1,500,20.0,7298.0,40,rejected
B24/S234511,compact_2,500,28.2843,9835.3333,40,rejected
B24/S234511,compact_3,500,28.2843,9835.3333,40,rejected
B24/S234511,compact_4,500,64.301,4839.5,40,rejected
B24/S234511,compact_5,500,28.6268,7249.5,40,rejected
B24/S234511,compact_6,500,60.0,7298.0,40,rejected
B24/S234511,compact_7,500,22.1099,5805.2,40,rejected
B24/S234511,compact_8,500,40.0362,9856.0,40,rejected
B24/S234511,compact_9,500,44.6426,4837.1667,40,rejected
B24/S234511,compact_10,500,48.9898,7351.5,40,rejected
B24/S234511,compact_11,500,0.471,9695.3333,40,rejected
B24/S234511,compact_12,500,46.0061,7260.75,40,rejected
B24/S234511,compact_13,500,44.4628,5802.4,40,rejected
B24/S234511,compact_14,500,47.9501,4838.5,40,rejected
B24/S234511,compact_15,500,40.0,7377.0,40,rejected
B24/S234511,compact_16,500,27.306,5813.2,40,rejected
B24/S234511,compact_17,500,25.4596,5796.4,40,rejected
B24/S234511,compact_18,500,45.0196,7260.75,40,rejected
B24/S234511,compact_19,500,28.7543,7266.0,40,rejected
B24/S234511,compact_20,500,0.6241,5803.2,40,rejected
B24/S234511,compact_21,500,23.6399,9856.0,40,rejected
B24/S234511,compact_22,500,42.8981,7261.75,40,rejected
B24/S234511,compact_23,500,29.3801,4857.1667,40,rejected
B24/S234511,compact_24,500,20.0028,9695.3333,40,rejected
B910/S245710,single_bit,1,0.0,inf,inf,rejected
B910/S245710,pair_0,1,0.0,inf,inf,rejected
B910/S245710,pair_1,1,0.0,inf,inf,rejected
B910/S245710,pair_2,1,0.0,inf,inf,rejected
B910/S245710,pair_3,1,0.0,inf,inf,rejected
B910/S245710,pair_4,1,0.0,inf,inf,rejected
B910/S245710,pair_5,1,0.0,inf,inf,rejected
B910/S245710,pair_6,1,0.0,inf,inf,rejected
B910/S245710,pair_7,1,0.0,inf,inf,rejected
B910/S245710,pair_8,1,0.0,inf,inf,rejected
B910/S245710,pair_9,1,0.0,inf,inf,rejected
B910/S245710,pair_10,1,0.0,inf,inf,rejected
B910/S245710,pair_11,1,0.0,inf,inf,rejected
B910/S245710,tromino_L_0,2,0.471,inf,inf,rejected
B910/S245710,tromino_L_1,500,0.0,1.0,2,rejected
B910/S245710,tromino_L_2,2,0.333,inf,inf,rejected
B910/S245710,tromino_L_3,500,0.0,1.0,2,rejected
B910/S245710,tromino_L_4,2,0.471,inf,inf,rejected
B910/S245710,tromino_L_5,2,0.333,inf,inf,rejected
B910/S245710,tromino_L_6,500,0.0,1.0,2,rejected
B910/S245710,tromino_L_7,500,0.0,1.0,2,rejected
B910/S245710,compact_0,2,0.333,inf,inf,rejected
B910/S245710,compact_1,2,0.0,inf,inf,rejected
B910/S245710,compact_2,2,0.0,inf,inf,rejected
B910/S245710,compact_3,2,0.0,inf,inf,rejected
B910/S245710,compact_4,2,0.3439,inf,inf,rejected
B910/S245710,compact_5,2,0.7893,inf,inf,rejected
B910/S245710,compact_6,2,0.0,inf,inf,rejected
B910/S245710,compact_7,3,0.4473,inf,inf,rejected
B910/S245710,compact_8,500,0.0,1.0,2,rejected
B910/S245710,compact_9,3,0.167,inf,inf,rejected
B910/S245710,compact_10,1,0.0,inf,inf,rejected
B910/S245710,compact_11,2,0.471,inf,inf,rejected
B910/S245710,compact_12,2,0.4319,inf,inf,rejected
B910/S245710,compact_13,3,0.283,inf,inf,rejected
B910/S245710,compact_14,4,0.6015,inf,inf,rejected
B910/S245710,compact_15,2,0.0,inf,inf,rejected
B910/S245710,compact_16,2,1.1838,inf,inf,rejected
B910/S245710,compact_17,2,1.6128,inf,inf,rejected
B910/S245710,compact_18,2,0.2496,inf,inf,rejected
B910/S245710,compact_19,2,0.2496,inf,inf,rejected
B910/S245710,compact_20,3,0.2837,inf,inf,rejected
B910/S245710,compact_21,500,0.0,1.0,2,rejected
B910/S245710,compact_22,2,0.9346,inf,inf,rejected
B910/S245710,compact_23,2,0.8325,inf,inf,rejected
B910/S245710,compact_24,2,0.333,inf,inf,rejected
B5710/S2456,single_bit,1,0.0,inf,inf,rejected
B5710/S2456,pair_0,1,0.0,inf,inf,rejected
B5710/S2456,pair_1,1,0.0,inf,inf,rejected
B5710/S2456,pair_2,1,0.0,inf,inf,rejected
B5710/S2456,pair_3,1,0.0,inf,inf,rejected
B5710/S2456,pair_4,1,0.0,inf,inf,rejected
B5710/S2456,pair_5,1,0.0,inf,inf,rejected
B5710/S2456,pair_6,1,0.0,inf,inf,rejected
B5710/S2456,pair_7,1,0.0,inf,inf,rejected
B5710/S2456,pair_8,1,0.0,inf,inf,rejected
B5710/S2456,pair_9,1,0.0,inf,inf,rejected
B5710/S2456,pair_10,1,0.0,inf,inf,rejected
B5710/S2456,pair_11,1,0.0,inf,inf,rejected
B5710/S2456,tromino_L_0,2,0.471,inf,inf,rejected
B5710/S2456,tromino_L_1,500,0.0,1.0,2,rejected
B5710/S2456,tromino_L_2,2,0.333,inf,inf,rejected
B5710/S2456,tromino_L_3,500,0.0,1.0,2,rejected
B5710/S2456,tromino_L_4,2,0.471,inf,inf,rejected
B5710/S2456,tromino_L_5,2,0.333,inf,inf,rejected
B5710/S2456,tromino_L_6,500,0.0,1.0,2,rejected
B5710/S2456,tromino_L_7,500,0.0,1.0,2,rejected
B5710/S2456,compact_0,2,0.333,inf,inf,rejected
B5710/S2456,compact_1,2,0.0,inf,inf,rejected
B5710/S2456,compact_2,2,0.0,inf,inf,rejected
B5710/S2456,compact_3,2,0.0,inf,inf,rejected
B5710/S2456,compact_4,2,0.3439,inf,inf,rejected
B5710/S2456,compact_5,2,0.7893,inf,inf,rejected
B5710/S2456,compact_6,2,0.0,inf,inf,rejected
B5710/S2456,compact_7,3,0.4473,inf,inf,rejected
B5710/S2456,compact_8,500,0.0,1.0,2,rejected
B5710/S2456,compact_9,3,0.167,inf,inf,rejected
B5710/S2456,compact_10,1,0.0,inf,inf,rejected
B5710/S2456,compact_11,2,0.471,inf,inf,rejected
B5710/S2456,compact_12,2,0.4319,inf,inf,rejected
B5710/S2456,compact_13,3,0.283,inf,inf,rejected
B5710/S2456,compact_14,4,0.6015,inf,inf,rejected
B5710/S2456,compact_15,2,0.0,inf,inf,rejected
B5710/S2456,compact_16,2,1.1838,inf,inf,rejected
B5710/S2456,compact_17,2,1.6128,inf,inf,rejected
B5710/S2456,compact_18,2,0.2496,inf,inf,rejected
B5710/S2456,compact_19,2,0.2496,inf,inf,rejected
B5710/S2456,compact_20,3,0.2837,inf,inf,rejected
B5710/S2456,compact_21,500,0.0,1.0,2,rejected
B5710/S2456,compact_22,2,0.9346,inf,inf,rejected
B5710/S2456,compact_23,2,0.8325,inf,inf,rejected
B5710/S2456,compact_24,2,0.333,inf,inf,rejected
B459/S45811,single_bit,1,0.0,inf,inf,rejected
B459/S45811,pair_0,1,0.0,inf,inf,rejected
B459/S45811,pair_1,1,0.0,inf,inf,rejected
B459/S45811,pair_2,1,0.0,inf,inf,rejected
B459/S45811,pair_3,1,0.0,inf,inf,rejected
B459/S45811,pair_4,1,0.0,inf,inf,rejected
B459/S45811,pair_5,1,0.0,inf,inf,rejected
B459/S45811,pair_6,1,0.0,inf,inf,rejected
B459/S45811,pair_7,1,0.0,inf,inf,rejected
B459/S45811,pair_8,1,0.0,inf,inf,rejected
B459/S45811,pair_9,1,0.0,inf,inf,rejected
B459/S45811,pair_10,1,0.0,inf,inf,rejected
B459/S45811,pair_11,1,0.0,inf,inf,rejected
B459/S45811,tromino_L_0,1,0.0,inf,inf,rejected
B459/S45811,tromino_L_1,1,0.0,inf,inf,rejected
B459/S45811,tromino_L_2,1,0.0,inf,inf,rejected
B459/S45811,tromino_L_3,1,0.0,inf,inf,rejected
B459/S45811,tromino_L_4,1,0.0,inf,inf,rejected
B459/S45811,tromino_L_5,1,0.0,inf,inf,rejected
B459/S45811,tromino_L_6,1,0.0,inf,inf,rejected
B459/S45811,tromino_L_7,1,0.0,inf,inf,rejected
B459/S45811,compact_0,1,0.0,inf,inf,rejected
B459/S45811,compact_1,1,0.0,inf,inf,rejected
B459/S45811,compact_2,1,0.0,inf,inf,rejected
B459/S45811,compact_3,1,0.0,inf,inf,rejected
B459/S45811,compact_4,2,0.3718,inf,inf,rejected
B459/S45811,compact_5,2,0.936,inf,inf,rejected
B459/S45811,compact_6,1,0.0,inf,inf,rejected
B459/S45811,compact_7,2,0.548,inf,inf,rejected
B459/S45811,compact_8,1,0.0,inf,inf,rejected
B459/S45811,compact_9,2,0.2361,inf,inf,rejected
B459/S45811,compact_10,1,0.0,inf,inf,rejected
B459/S45811,compact_11,1,0.0,inf,inf,rejected
B459/S45811,compact_12,1,0.0,inf,inf,rejected
B459/S45811,compact_13,2,0.6557,inf,inf,rejected
B459/S45811,compact_14,2,0.3636,inf,inf,rejected
B459/S45811,compact_15,1,0.0,inf,inf,rejected
B459/S45811,compact_16,2,1.001,inf,inf,rejected
B459/S45811,compact_17,1,0.0,inf,inf,rejected
B459/S45811,compact_18,1,0.0,inf,inf,rejected
B459/S45811,compact_19,1,0.0,inf,inf,rejected
B459/S45811,compact_20,2,0.2837,inf,inf,rejected
B459/S45811,compact_21,1,0.0,inf,inf,rejected
B459/S45811,compact_22,1,0.0,inf,inf,rejected
B459/S45811,compact_23,2,0.6015,inf,inf,rejected
B459/S45811,compact_24,1,0.0,inf,inf,rejected
B25/S3,single_bit,1,0.0,inf,inf,rejected
B25/S3,pair_0,500,20.0,10122.0,40,rejected
B25/S3,pair_1,500,20.0,10122.0,40,rejected
B25/S3,pair_2,500,20.0,10122.0,40,rejected
B25/S3,pair_3,500,20.0,10122.0,40,rejected
B25/S3,pair_4,500,20.0,10122.0,40,rejected
B25/S3,pair_5,500,20.0,10122.0,40,rejected
B25/S3,pair_6,500,20.0,10122.0,40,rejected
B25/S3,pair_7,500,20.0,10122.0,40,rejected
B25/S3,pair_8,500,20.0,10122.0,40,rejected
B25/S3,pair_9,500,60.0,10122.0,40,rejected
B25/S3,pair_10,500,60.0,10122.0,40,rejected
B25/S3,pair_11,500,60.0,10122.0,40,rejected
B25/S3,tromino_L_0,500,60.0018,6685.6667,40,rejected
B25/S3,tromino_L_1,500,38.8131,6598.0,40,rejected
B25/S3,tromino_L_2,500,63.2464,6685.6667,40,rejected
B25/S3,tromino_L_3,500,38.8131,6598.0,40,rejected
B25/S3,tromino_L_4,500,28.5227,6685.6667,40,rejected
B25/S3,tromino_L_5,500,59.7139,6617.3333,40,rejected
B25/S3,tromino_L_6,500,56.5599,6598.0,40,rejected
B25/S3,tromino_L_7,500,56.5599,6598.0,40,rejected
B25/S3,compact_0,500,59.7139,6617.3333,40,rejected
B25/S3,compact_1,500,40.0,4976.5,40,rejected
B25/S3,compact_2,500,28.2843,6781.3333,40,rejected
B25/S3,compact_3,500,28.2843,6781.3333,40,rejected
B25/S3,compact_4,500,30.4014,3227.3333,40,rejected
B25/S3,compact_5,500,49.0946,4850.75,40,rejected
B25/S3,compact_6,500,0.0,4976.5,40,rejected
B25/S3,compact_7,500,59.1326,3869.0,40,rejected
B25/S3,compact_8,500,38.8131,6598.0,40,rejected
B25/S3,compact_9,500,42.3623,3234.6667,40,rejected
B25/S3,compact_10,500,0.0,4996.5,40,rejected
B25/S3,compact_11,500,28.5227,6685.6667,40,rejected
B25/S3,compact_12,500,63.7317,4842.5,40,rejected
B25/S3,compact_13,500,38.8464,3874.6,40,rejected
B25/S3,compact_14,500,63.9647,3240.0,40,rejected
B25/S3,compact_15,500,20.0,4972.5,40,rejected
B25/S3,compact_16,500,17.1603,3888.4,40,rejected
B25/S3,compact_17,500,33.8373,3868.2,40,rejected
B25/S3,compact_18,500,42.8831,4842.5,40,rejected
B25/S3,compact_19,500,40.4425,4900.0,40,rejected
B25/S3,compact_20,500,66.998,3925.2,40,rejected
B25/S3,compact_21,500,56.5599,6598.0,40,rejected
B25/S3,compact_22,500,52.6049,4853.25,40,rejected
B25/S3,compact_23,500,48.5902,3247.0,40,rejected
B25/S3,compact_24,500,63.2464,6685.6667,40,rejected
B34/S347,single_bit,1,0.0,inf,inf,rejected
B34/S347,pair_0,1,0.0,inf,inf,rejected
B34/S347,pair_1,1,0.0,inf,inf,rejected
B34/S347,pair_2,1,0.0,inf,inf,rejected
B34/S347,pair_3,1,0.0,inf,inf,rejected
B34/S347,pair_4,1,0.0,inf,inf,rejected
B34/S347,pair_5,1,0.0,inf,inf,rejected
B34/S347,pair_6,1,0.0,inf,inf,rejected
B34/S347,pair_7,1,0.0,inf,inf,rejected
B34/S347,pair_8,1,0.0,inf,inf,rejected
B34/S347,pair_9,1,0.0,inf,inf,rejected
B34/S347,pair_10,1,0.0,inf,inf,rejected
B34/S347,pair_11,1,0.0,inf,inf,rejected
B34/S347,tromino_L_0,2,0.9432,inf,inf,rejected
B34/S347,tromino_L_1,2,1.3747,inf,inf,rejected
B34/S347,tromino_L_2,2,0.667,inf,inf,rejected
B34/S347,tromino_L_3,2,1.3747,inf,inf,rejected
B34/S347,tromino_L_4,2,0.9432,inf,inf,rejected
B34/S347,tromino_L_5,2,0.167,inf,inf,rejected
B34/S347,tromino_L_6,2,1.0003,inf,inf,rejected
B34/S347,tromino_L_7,2,1.0003,inf,inf,rejected
B34/S347,compact_0,2,0.167,inf,inf,rejected
B34/S347,compact_1,500,0.0,1.0,3,rejected
B34/S347,compact_2,1,0.0,inf,inf,rejected
B34/S347,compact_3,1,0.0,inf,inf,rejected
B34/S347,compact_4,6,0.9437,inf,inf,rejected
B34/S347,compact_5,3,0.613,inf,inf,rejected
B34/S347,compact_6,500,0.0,1.0,2,rejected
B34/S347,compact_7,500,66.5613,5152.0,40,rejected
B34/S347,compact_8,2,1.3747,inf,inf,rejected
B34/S347,compact_9,500,48.5105,4201.8333,40,rejected
B34/S347,compact_10,500,0.0,1.0,3,rejected
B34/S347,compact_11,2,0.9432,inf,inf,rejected
B34/S347,compact_12,2,1.0905,inf,inf,rejected
B34/S347,compact_13,5,0.9648,inf,inf,rejected
B34/S347,compact_14,500,52.255,4242.0,40,rejected
B34/S347,compact_15,1,0.0,inf,inf,rejected
B34/S347,compact_16,7,0.6799,inf,inf,rejected
B34/S347,compact_17,500,61.5369,5090.4,40,rejected
B34/S347,compact_18,2,1.0311,inf,inf,rejected
B34/S347,compact_19,4,0.7504,inf,inf,rejected
B34/S347,compact_20,500,34.6422,5232.0,40,rejected
B34/S347,compact_21,2,1.0003,inf,inf,rejected
B34/S347,compact_22,3,0.3546,inf,inf,rejected
B34/S347,compact_23,500,29.8239,4332.6667,40,rejected
B34/S347,compact_24,2,0.667,inf,inf,rejected
B5/S410,single_bit,1,0.0,inf,inf,rejected
B5/S410,pair_0,1,0.0,inf,inf,rejected
B5/S410,pair_1,1,0.0,inf,inf,rejected
B5/S410,pair_2,1,0.0,inf,inf,rejected
B5/S410,pair_3,1,0.0,inf,inf,rejected
B5/S410,pair_4,1,0.0,inf,inf,rejected
B5/S410,pair_5,1,0.0,inf,inf,rejected
B5/S410,pair_6,1,0.0,inf,inf,rejected
B5/S410,pair_7,1,0.0,inf,inf,rejected
B5/S410,pair_8,1,0.0,inf,inf,rejected
B5/S410,pair_9,1,0.0,inf,inf,rejected
B5/S410,pair_10,1,0.0,inf,inf,rejected
B5/S410,pair_11,1,0.0,inf,inf,rejected
B5/S410,tromino_L_0,1,0.0,inf,inf,rejected
B5/S410,tromino_L_1,1,0.0,inf,inf,rejected
B5/S410,tromino_L_2,1,0.0,inf,inf,rejected
B5/S410,tromino_L_3,1,0.0,inf,inf,rejected
B5/S410,tromino_L_4,1,0.0,inf,inf,rejected
B5/S410,tromino_L_5,1,0.0,inf,inf,rejected
B5/S410,tromino_L_6,1,0.0,inf,inf,rejected
B5/S410,tromino_L_7,1,0.0,inf,inf,rejected
B5/S410,compact_0,1,0.0,inf,inf,rejected
B5/S410,compact_1,1,0.0,inf,inf,rejected
B5/S410,compact_2,1,0.0,inf,inf,rejected
B5/S410,compact_3,1,0.0,inf,inf,rejected
B5/S410,compact_4,1,0.0,inf,inf,rejected
B5/S410,compact_5,1,0.0,inf,inf,rejected
B5/S410,compact_6,1,0.0,inf,inf,rejected
B5/S410,compact_7,2,0.4473,inf,inf,rejected
B5/S410,compact_8,1,0.0,inf,inf,rejected
B5/S410,compact_9,2,0.167,inf,inf,rejected
B5/S410,compact_10,1,0.0,inf,inf,rejected
B5/S410,compact_11,1,0.0,inf,inf,rejected
B5/S410,compact_12,1,0.0,inf,inf,rejected
B5/S410,compact_13,2,0.283,inf,inf,rejected
B5/S410,compact_14,2,0.5267,inf,inf,rejected
B5/S410,compact_15,1,0.0,inf,inf,rejected
B5/S410,compact_16,1,0.0,inf,inf,rejected
B5/S410,compact_17,1,0.0,inf,inf,rejected
B5/S410,compact_18,1,0.0,inf,inf,rejected
B5/S410,compact_19,1,0.0,inf,inf,rejected
B5/S410,compact_20,2,0.2837,inf,inf,rejected
B5/S410,compact_21,1,0.0,inf,inf,rejected
B5/S410,compact_22,1,0.0,inf,inf,rejected
B5/S410,compact_23,1,0.0,inf,inf,rejected
B5/S410,compact_24,1,0.0,inf,inf,rejected
B16/S3,single_bit,500,28.2843,17112.0,40,rejected
B16/S3,pair_0,500,20.0,7672.0,40,rejected
B16/S3,pair_1,500,20.0,7672.0,40,rejected
B16/S3,pair_2,500,20.0,7672.0,40,rejected
B16/S3,pair_3,500,44.7214,7672.0,40,rejected
B16/S3,pair_4,500,40.0,7672.0,40,rejected
B16/S3,pair_5,500,0.0,7672.0,40,rejected
B16/S3,pair_6,500,40.0,7672.0,40,rejected
B16/S3,pair_7,500,44.7214,7672.0,40,rejected
B16/S3,pair_8,500,44.7214,7672.0,40,rejected
B16/S3,pair_9,500,56.5685,7672.0,40,rejected
B16/S3,pair_10,500,44.7214,7672.0,40,rejected
B16/S3,pair_11,500,60.0,7672.0,40,rejected
B16/S3,tromino_L_0,500,16.7472,4971.6667,40,rejected
B16/S3,tromino_L_1,500,69.5909,5046.3333,40,rejected
B16/S3,tromino_L_2,500,23.2429,4971.6667,40,rejected
B16/S3,tromino_L_3,500,69.5909,5046.3333,40,rejected
B16/S3,tromino_L_4,500,40.9083,4971.6667,40,rejected
B16/S3,tromino_L_5,500,51.145,5001.3333,40,rejected
B16/S3,tromino_L_6,500,68.621,5046.3333,40,rejected
B16/S3,tromino_L_7,500,68.621,5046.3333,40,rejected
B16/S3,compact_0,500,64.9293,5001.3333,40,rejected
B16/S3,compact_1,500,20.0,3795.5,40,rejected
B16/S3,compact_2,500,28.2843,5124.6667,40,rejected
B16/S3,compact_3,500,28.2843,5124.6667,40,rejected
B16/S3,compact_4,500,21.5808,2450.6667,40,rejected
B16/S3,compact_5,500,85.7757,3699.75,40,rejected
B16/S3,compact_6,500,28.2843,3795.5,40,rejected
B16/S3,compact_7,500,34.0642,2941.6,40,rejected
B16/S3,compact_8,500,69.5909,5046.3333,40,rejected
B16/S3,compact_9,500,30.44,2457.6667,40,rejected
B16/S3,compact_10,500,0.0,3835.25,40,rejected
B16/S3,compact_11,500,40.9083,4971.6667,40,rejected
B16/S3,compact_12,500,45.8237,3690.0,40,rejected
B16/S3,compact_13,500,38.1185,2952.8,40,rejected
B16/S3,compact_14,500,37.77,2470.0,40,rejected
B16/S3,compact_15,500,28.2843,3814.0,40,rejected
B16/S3,compact_16,500,60.98,2967.0,40,rejected
B16/S3,compact_17,500,68.1447,2938.2,40,rejected
B16/S3,compact_18,500,54.8721,3690.0,40,rejected
B16/S3,compact_19,500,16.8506,3761.5,40,rejected
B16/S3,compact_20,500,14.1723,2974.8,40,rejected
B16/S3,compact_21,500,68.621,5046.3333,40,rejected
B16/S3,compact_22,500,33.973,3677.75,40,rejected
B16/S3,compact_23,500,52.6007,2448.5,40,rejected
B16/S3,compact_24,500,23.2429,4971.6667,40,rejected
B235711/S1591112,single_bit,1,0.0,inf,inf,rejected
B235711/S1591112,pair_0,500,20.0,13896.0,40,rejected
B235711/S1591112,pair_1,500,20.0,13896.0,40,rejected
B235711/S1591112,pair_2,500,20.0,13896.0,40,rejected
B235711/S1591112,pair_3,500,20.0,13896.0,40,rejected
B235711/S1591112,pair_4,500,28.2843,13896.0,40,rejected
B235711/S1591112,pair_5,500,28.2843,13896.0,40,rejected
B235711/S1591112,pair_6,500,48.9898,13896.0,40,rejected
B235711/S1591112,pair_7,500,44.7214,13896.0,40,rejected
B235711/S1591112,pair_8,500,44.7214,13896.0,40,rejected
B235711/S1591112,pair_9,500,48.9898,13896.0,40,rejected
B235711/S1591112,pair_10,500,44.7214,13896.0,40,rejected
B235711/S1591112,pair_11,500,44.7214,13896.0,40,rejected
B235711/S1591112,tromino_L_0,500,17.2298,9089.6667,40,rejected
B235711/S1591112,tromino_L_1,500,71.2339,9280.6667,40,rejected
B235711/S1591112,tromino_L_2,500,12.1833,9089.6667,40,rejected
B235711/S1591112,tromino_L_3,500,71.2339,9280.6667,40,rejected
B235711/S1591112,tromino_L_4,500,15.6287,9089.6667,40,rejected
B235711/S1591112,tromino_L_5,500,38.7556,9220.0,40,rejected
B235711/S1591112,tromino_L_6,500,87.1515,9280.6667,40,rejected
B235711/S1591112,tromino_L_7,500,87.1515,9280.6667,40,rejected
B235711/S1591112,compact_0,500,55.6956,9220.0,40,rejected
B235711/S1591112,compact_1,500,44.7214,6909.0,40,rejected
B235711/S1591112,compact_2,500,20.0,9214.3333,40,rejected
B235711/S1591112,compact_3,500,28.2843,9214.3333,40,rejected
B235711/S1591112,compact_4,500,59.7511,4513.6667,40,rejected
B235711/S1591112,compact_5,500,37.6218,6767.5,40,rejected
B235711/S1591112,compact_6,500,40.0,6909.0,40,rejected
B235711/S1591112,compact_7,500,54.3692,5407.8,40,rejected
B235711/S1591112,compact_8,500,71.2339,9280.6667,40,rejected
B235711/S1591112,compact_9,500,55.9559,4493.6667,40,rejected
B235711/S1591112,compact_10,500,34.641,7281.0,40,rejected
B235711/S1591112,compact_11,500,15.6287,9089.6667,40,rejected
B235711/S1591112,compact_12,500,56.3364,6781.0,40,rejected
B235711/S1591112,compact_13,500,49.4125,5424.2,40,rejected
B235711/S1591112,compact_14,500,27.9907,4497.5,40,rejected
B235711/S1591112,compact_15,500,40.0,6939.0,40,rejected
B235711/S1591112,compact_16,500,40.4761,5416.0,40,rejected
B235711/S1591112,compact_17,500,61.4722,5410.6,40,rejected
B235711/S1591112,compact_18,500,49.9636,6781.0,40,rejected
B235711/S1591112,compact_19,500,63.2456,6866.5,40,rejected
B235711/S1591112,compact_20,500,26.2266,5447.8,40,rejected
B235711/S1591112,compact_21,500,87.1515,9280.6667,40,rejected
B235711/S1591112,compact_22,500,29.7322,6753.75,40,rejected
B235711/S1591112,compact_23,500,82.5616,4503.3333,40,rejected
B235711/S1591112,compact_24,500,12.1833,9089.6667,40,rejected
B9/S5611,single_bit,1,0.0,inf,inf,rejected
B9/S5611,pair_0,1,0.0,inf,inf,rejected
B9/S5611,pair_1,1,0.0,inf,inf,rejected
B9/S5611,pair_2,1,0.0,inf,inf,rejected
B9/S5611,pair_3,1,0.0,inf,inf,rejected
B9/S5611,pair_4,1,0.0,inf,inf,rejected
B9/S5611,pair_5,1,0.0,inf,inf,rejected
B9/S5611,pair_6,1,0.0,inf,inf,rejected
B9/S5611,pair_7,1,0.0,inf,inf,rejected
B9/S5611,pair_8,1,0.0,inf,inf,rejected
B9/S5611,pair_9,1,0.0,inf,inf,rejected
B9/S5611,pair_10,1,0.0,inf,inf,rejected
B9/S5611,pair_11,1,0.0,inf,inf,rejected
B9/S5611,tromino_L_0,1,0.0,inf,inf,rejected
B9/S5611,tromino_L_1,1,0.0,inf,inf,rejected
B9/S5611,tromino_L_2,1,0.0,inf,inf,rejected
B9/S5611,tromino_L_3,1,0.0,inf,inf,rejected
B9/S5611,tromino_L_4,1,0.0,inf,inf,rejected
B9/S5611,tromino_L_5,1,0.0,inf,inf,rejected
B9/S5611,tromino_L_6,1,0.0,inf,inf,rejected
B9/S5611,tromino_L_7,1,0.0,inf,inf,rejected
B9/S5611,compact_0,1,0.0,inf,inf,rejected
B9/S5611,compact_1,1,0.0,inf,inf,rejected
B9/S5611,compact_2,1,0.0,inf,inf,rejected
B9/S5611,compact_3,1,0.0,inf,inf,rejected
B9/S5611,compact_4,1,0.0,inf,inf,rejected
B9/S5611,compact_5,1,0.0,inf,inf,rejected
B9/S5611,compact_6,1,0.0,inf,inf,rejected
B9/S5611,compact_7,1,0.0,inf,inf,rejected
B9/S5611,compact_8,1,0.0,inf,inf,rejected
B9/S5611,compact_9,1,0.0,inf,inf,rejected
B9/S5611,compact_10,1,0.0,inf,inf,rejected
B9/S5611,compact_11,1,0.0,inf,inf,rejected
B9/S5611,compact_12,1,0.0,inf,inf,rejected
B9/S5611,compact_13,1,0.0,inf,inf,rejected
B9/S5611,compact_14,2,0.6015,inf,inf,rejected
B9/S5611,compact_15,1,0.0,inf,inf,rejected
B9/S5611,compact_16,1,0.0,inf,inf,rejected
B9/S5611,compact_17,1,0.0,inf,inf,rejected
B9/S5611,compact_18,1,0.0,inf,inf,rejected
B9/S5611,compact_19,1,0.0,inf,inf,rejected
B9/S5611,compact_20,1,0.0,inf,inf,rejected
B9/S5611,compact_21,1,0.0,inf,inf,rejected
B9/S5611,compact_22,1,0.0,inf,inf,rejected
B9/S5611,compact_23,1,0.0,inf,inf,rejected
B9/S5611,compact_24,1,0.0,inf,inf,rejected
